step,layer,update_norm,weight_norm_before,update_to_weight_ratio,lr_multiplier,lr
1,token_embedding.weight,0.012217925861477852,85.255615234375,0.00014330933895544105,0.16666666666666666,0.00016666666666666666
1,position_embedding.weight,0.01508359331637621,90.11225891113281,0.00016738669631233223,0.16666666666666666,0.00016666666666666666
1,blocks.0.ln1.weight,0.0026664023753255606,16.0,0.00016665014845783713,0.16666666666666666,0.00016666666666666666
1,blocks.0.ln1.bias,0.0026664533652365208,0.0,2666453365.236521,0.16666666666666666,0.00016666666666666666
1,blocks.0.attn.qkv.weight,0.07388237863779068,16.00562286376953,0.004616026459365531,0.16666666666666666,0.00016666666666666666
1,blocks.0.attn.proj.weight,0.04266154393553734,9.22057819366455,0.0046267753539409725,0.16666666666666666,0.00016666666666666666
1,blocks.0.ln2.weight,0.002669235458597541,16.0,0.0001668272161623359,0.16666666666666666,0.00016666666666666666
1,blocks.0.ln2.bias,0.00266633671708405,0.0,2666336717.08405,0.16666666666666666,0.00016666666666666666
1,blocks.0.mlp.fc.weight,0.08532852679491043,18.488391876220703,0.004615248712066364,0.16666666666666666,0.00016666666666666666
1,blocks.0.mlp.proj.weight,0.08534285426139832,9.234878540039062,0.009241361853474695,0.16666666666666666,0.00016666666666666666
1,blocks.1.ln1.weight,0.002662472892552614,16.0,0.000166404555784528,0.16666666666666666,0.00016666666666666666
1,blocks.1.ln1.bias,0.002666589105501771,0.0,2666589105.501771,0.16666666666666666,0.00016666666666666666
1,blocks.1.attn.qkv.weight,0.07388363033533096,15.97963809967041,0.004623610990091837,0.16666666666666666,0.00016666666666666666
1,blocks.1.attn.proj.weight,0.04266166314482689,9.248744010925293,0.004612698015474015,0.16666666666666666,0.00016666666666666666
1,blocks.1.ln2.weight,0.0026686254423111677,16.0,0.00016678909014443757,0.16666666666666666,0.00016666666666666666
1,blocks.1.ln2.bias,0.0026665744371712208,0.0,2666574437.171221,0.16666666666666666,0.00016666666666666666
1,blocks.1.mlp.fc.weight,0.08532816171646118,18.457853317260742,0.004622864872193046,0.16666666666666666,0.00016666666666666666
1,blocks.1.mlp.proj.weight,0.08534280955791473,9.234121322631836,0.00924211482350134,0.16666666666666666,0.00016666666666666666
1,final_norm.weight,0.0026709542144089937,16.0,0.0001669346384005517,0.16666666666666666,0.00016666666666666666
1,final_norm.bias,0.00266664894297719,0.0,2666648942.97719,0.16666666666666666,0.00016666666666666666
1,lm_head.weight,0.014110718853771687,3.034693717956543,0.004649800001322276,0.16666666666666666,0.00016666666666666666
2,token_embedding.weight,0.020494570955634117,85.25556945800781,0.00024038981952643424,0.3333333333333333,0.0003333333333333333
2,position_embedding.weight,0.02177528478205204,90.1120834350586,0.0002416466688148951,0.3333333333333333,0.0003333333333333333
2,blocks.0.ln1.weight,0.003706269431859255,15.999970436096191,0.00023164226750679612,0.3333333333333333,0.0003333333333333333
2,blocks.0.ln1.bias,0.004110734909772873,0.0026664533652365208,1.5416489040552157,0.3333333333333333,0.0003333333333333333
2,blocks.0.attn.qkv.weight,0.10496997833251953,16.00602149963379,0.006558155525088771,0.3333333333333333,0.0003333333333333333
2,blocks.0.attn.proj.weight,0.061622023582458496,9.220620155334473,0.006683067141292137,0.3333333333333333,0.0003333333333333333
2,blocks.0.ln2.weight,0.003673429600894451,15.999701499938965,0.00022959363341298804,0.3333333333333333,0.0003333333333333333
2,blocks.0.ln2.bias,0.004128084052354097,0.00266633671708405,1.5482230823871395,0.3333333333333333,0.0003333333333333333
2,blocks.0.mlp.fc.weight,0.12151914089918137,18.488245010375977,0.006572778586121928,0.3333333333333333,0.0003333333333333333
2,blocks.0.mlp.proj.weight,0.12345749139785767,9.2351713180542,0.01336818637641214,0.3333333333333333,0.0003333333333333333
2,blocks.1.ln1.weight,0.003774590091779828,16.0003662109375,0.00023590648126537038,0.3333333333333333,0.0003333333333333333
2,blocks.1.ln1.bias,0.004060607403516769,0.002666589105501771,1.5227720662384971,0.3333333333333333,0.0003333333333333333
2,blocks.1.attn.qkv.weight,0.10528412461280823,15.98008918762207,0.006588456633543265,0.3333333333333333,0.0003333333333333333
2,blocks.1.attn.proj.weight,0.06181061640381813,9.248806953430176,0.006683090772144106,0.3333333333333333,0.0003333333333333333
2,blocks.1.ln2.weight,0.0037295238580554724,15.999764442443848,0.00023309867288806045,0.3333333333333333,0.0003333333333333333
2,blocks.1.ln2.bias,0.003916723653674126,0.0026665744371712208,1.4688221703498654,0.3333333333333333,0.0003333333333333333
2,blocks.1.mlp.fc.weight,0.12150508910417557,18.45828628540039,0.006582685262622329,0.3333333333333333,0.0003333333333333333
2,blocks.1.mlp.proj.weight,0.12334252893924713,9.234479904174805,0.013356738031718711,0.3333333333333333,0.0003333333333333333
2,final_norm.weight,0.003718174295499921,15.99953556060791,0.00023239263923723638,0.3333333333333333,0.0003333333333333333
2,final_norm.bias,0.004144057631492615,0.00266664894297719,1.5540319399192961,0.3333333333333333,0.0003333333333333333
2,lm_head.weight,0.019903911277651787,3.034282684326172,0.006559675992108599,0.3333333333333333,0.0003333333333333333
3,token_embedding.weight,0.025636551901698112,85.25531768798828,0.00030070325930308246,0.5,0.0005
3,position_embedding.weight,0.027816325426101685,90.11166381835938,0.0003086872913829616,0.5,0.0005
3,blocks.0.ln1.weight,0.00470139691606164,16.00060272216797,0.00029382623877960645,0.5,0.0005
3,blocks.0.ln1.bias,0.005891012493520975,0.006282604765146971,0.9376703951303698,0.5,0.0005
3,blocks.0.attn.qkv.weight,0.1327112466096878,16.00720977783203,0.008290717023866826,0.5,0.0005
3,blocks.0.attn.proj.weight,0.0814964547753334,9.221238136291504,0.008837908052128444,0.5,0.0005
3,blocks.0.ln2.weight,0.00469915010035038,15.999405860900879,0.0002937077877269057,0.5,0.0005
3,blocks.0.ln2.bias,0.005724718794226646,0.006274582352489233,0.912366508512425,0.5,0.0005
3,blocks.0.mlp.fc.weight,0.15592741966247559,18.488710403442383,0.00843365579642782,0.5,0.0005
3,blocks.0.mlp.proj.weight,0.16169971227645874,9.23643684387207,0.017506719854174197,0.5,0.0005
3,blocks.1.ln1.weight,0.00492602726444602,16.000396728515625,0.0003078690702504041,0.5,0.0005
3,blocks.1.ln1.bias,0.005933532491326332,0.006062209606170654,0.9787738919993598,0.5,0.0005
3,blocks.1.attn.qkv.weight,0.13393531739711761,15.980976104736328,0.008380922198952192,0.5,0.0005
3,blocks.1.attn.proj.weight,0.08045858889818192,9.248970031738281,0.0086991944640404,0.5,0.0005
3,blocks.1.ln2.weight,0.004790191072970629,15.999467849731445,0.0002993968998194358,0.5,0.0005
3,blocks.1.ln2.bias,0.005557529628276825,0.005961519666016102,0.9322337153436776,0.5,0.0005
3,blocks.1.mlp.fc.weight,0.15628041326999664,18.45904541015625,0.008466332348042331,0.5,0.0005
3,blocks.1.mlp.proj.weight,0.16155970096588135,9.236005783081055,0.01749237763166156,0.5,0.0005
3,final_norm.weight,0.004975384101271629,15.998345375061035,0.0003109936674468335,0.5,0.0005
3,final_norm.bias,0.005837286356836557,0.006235502660274506,0.9361372569189866,0.5,0.0005
3,lm_head.weight,0.025933781638741493,3.033165693283081,0.008550070870234051,0.5,0.0005
4,token_embedding.weight,0.03188435733318329,85.25447845458984,0.00037399040978434794,0.6666666666666666,0.0006666666666666666
4,position_embedding.weight,0.03161661699414253,90.11122131347656,0.00035086215160878934,0.6666666666666666,0.0006666666666666666
4,blocks.0.ln1.weight,0.005841829814016819,16.001447677612305,0.0003650813308716926,0.6666666666666666,0.0006666666666666666
4,blocks.0.ln1.bias,0.007327313534915447,0.011744445189833641,0.623896098611308,0.6666666666666666,0.0006666666666666666
4,blocks.0.attn.qkv.weight,0.15765897929668427,16.009479522705078,0.009847851647711481,0.6666666666666666,0.0006666666666666666
4,blocks.0.attn.proj.weight,0.09805730730295181,9.222602844238281,0.010632281250645135,0.6666666666666666,0.0006666666666666666
4,blocks.0.ln2.weight,0.005731756798923016,15.999584197998047,0.00035824410984629495,0.6666666666666666,0.0006666666666666666
4,blocks.0.ln2.bias,0.007024548947811127,0.011482808738946915,0.6117448358583042,0.6666666666666666,0.0006666666666666666
4,blocks.0.mlp.fc.weight,0.18554790318012238,18.490550994873047,0.010034741703022263,0.6666666666666666,0.0006666666666666666
4,blocks.0.mlp.proj.weight,0.19416387379169464,9.2402982711792,0.021012727954602642,0.6666666666666666,0.0006666666666666666
4,blocks.1.ln1.weight,0.006078130099922419,16.000837326049805,0.00037986325190786586,0.6666666666666666,0.0006666666666666666
4,blocks.1.ln1.bias,0.007304031401872635,0.01150999404489994,0.6345816837737164,0.6666666666666666,0.0006666666666666666
4,blocks.1.attn.qkv.weight,0.15632851421833038,15.983078002929688,0.00978087663650679,0.6666666666666666,0.0006666666666666666
4,blocks.1.attn.proj.weight,0.09602750092744827,9.249876022338867,0.01038149059463361,0.6666666666666666,0.0006666666666666666
4,blocks.1.ln2.weight,0.005629234481602907,15.999847412109375,0.00035183051041737484,0.6666666666666666,0.0006666666666666666
4,blocks.1.ln2.bias,0.006817853543907404,0.011009530164301395,0.6192683467451818,0.6666666666666666,0.0006666666666666666
4,blocks.1.mlp.fc.weight,0.18582777678966522,18.461118698120117,0.010065900113007663,0.6666666666666666,0.0006666666666666666
4,blocks.1.mlp.proj.weight,0.19348850846290588,9.24000072479248,0.02094031312613674,0.6666666666666666,0.0006666666666666666
4,final_norm.weight,0.006161781027913094,15.99672794342041,0.00038519008697945016,0.6666666666666666,0.0006666666666666666
4,final_norm.bias,0.007146725431084633,0.011599422432482243,0.6161276970528546,0.6666666666666666,0.0006666666666666666
4,lm_head.weight,0.031546879559755325,3.031670093536377,0.010405775888017608,0.6666666666666666,0.0006666666666666666
5,token_embedding.weight,0.04093008115887642,85.253662109375,0.00048009763036765816,0.8333333333333334,0.0008333333333333334
5,position_embedding.weight,0.034786321222782135,90.11007690429688,0.0003860425206353694,0.8333333333333334,0.0008333333333333334
5,blocks.0.ln1.weight,0.006715216673910618,16.00253677368164,0.000419634509758121,0.8333333333333334,0.0008333333333333334
5,blocks.0.ln1.bias,0.008690573275089264,0.01849249005317688,0.46995149109875195,0.8333333333333334,0.0008333333333333334
5,blocks.0.attn.qkv.weight,0.17902520298957825,16.01299285888672,0.011179996429600204,0.8333333333333334,0.0008333333333333334
5,blocks.0.attn.proj.weight,0.11057276278734207,9.22490406036377,0.011986332005600264,0.8333333333333334,0.0008333333333333334
5,blocks.0.ln2.weight,0.006945135071873665,16.00079917907715,0.0004340492617990469,0.8333333333333334,0.0008333333333333334
5,blocks.0.ln2.bias,0.00806589238345623,0.017871858552098274,0.4513180517567337,0.8333333333333334,0.0008333333333333334
5,blocks.0.mlp.fc.weight,0.21607021987438202,18.49456787109375,0.011682901778531372,0.8333333333333334,0.0008333333333333334
5,blocks.0.mlp.proj.weight,0.22664032876491547,9.248087882995605,0.02450672307965552,0.8333333333333334,0.0008333333333333334
5,blocks.1.ln1.weight,0.0067541529424488544,16.001577377319336,0.0004220929464130068,0.8333333333333334,0.0008333333333333334
5,blocks.1.ln1.bias,0.008425003848969936,0.018362168222665787,0.4588240204722395,0.8333333333333334,0.0008333333333333334
5,blocks.1.attn.qkv.weight,0.1783238798379898,15.986501693725586,0.011154653047574977,0.8333333333333334,0.0008333333333333334
5,blocks.1.attn.proj.weight,0.10964502394199371,9.2517671585083,0.01185125198931837,0.8333333333333334,0.0008333333333333334
5,blocks.1.ln2.weight,0.006818620953708887,16.000619888305664,0.0004261472993738181,0.8333333333333334,0.0008333333333333334
5,blocks.1.ln2.bias,0.008096924982964993,0.017212647944688797,0.4704055418151399,0.8333333333333334,0.0008333333333333334
5,blocks.1.mlp.fc.weight,0.21691836416721344,18.465065002441406,0.011747500706795307,0.8333333333333334,0.0008333333333333334
5,blocks.1.mlp.proj.weight,0.22687873244285583,9.24752140045166,0.024534004585461167,0.8333333333333334,0.0008333333333333334
5,final_norm.weight,0.007104579824954271,15.995025634765625,0.0004441743318942752,0.8333333333333334,0.0008333333333333334
5,final_norm.bias,0.008628638461232185,0.018285883590579033,0.4718742968048765,0.8333333333333334,0.0008333333333333334
5,lm_head.weight,0.03642302751541138,3.0300381183624268,0.012020649936603454,0.8333333333333334,0.0008333333333333334
6,token_embedding.weight,0.04628870636224747,85.25257873535156,0.0005429596036729908,1.0,0.001
6,position_embedding.weight,0.03848537430167198,90.10812377929688,0.0004271021600220457,1.0,0.001
6,blocks.0.ln1.weight,0.00763794407248497,16.003782272338867,0.0004772586843852537,1.0,0.001
6,blocks.0.ln1.bias,0.009869107976555824,0.026823198422789574,0.3679318111371418,1.0,0.001
6,blocks.0.attn.qkv.weight,0.1996893435716629,16.018049240112305,0.012466520771554976,1.0,0.001
6,blocks.0.attn.proj.weight,0.12523740530014038,9.228684425354004,0.01357045051362484,1.0,0.001
6,blocks.0.ln2.weight,0.00816519558429718,16.003646850585938,0.0005102084331483308,1.0,0.001
6,blocks.0.ln2.bias,0.009137329645454884,0.02537352964282036,0.36011267544246656,1.0,0.001
6,blocks.0.mlp.fc.weight,0.2430596947669983,18.50209617614746,0.013136873381964847,1.0,0.001
6,blocks.0.mlp.proj.weight,0.2557377219200134,9.261726379394531,0.02761231669388879,1.0,0.001
6,blocks.1.ln1.weight,0.007583878934383392,16.002653121948242,0.0004739138489467939,1.0,0.001
6,blocks.1.ln1.bias,0.00973256304860115,0.026504751294851303,0.3672006931875854,1.0,0.001
6,blocks.1.attn.qkv.weight,0.19939550757408142,15.992026329040527,0.012468432922223188,1.0,0.001
6,blocks.1.attn.proj.weight,0.12326985597610474,9.255046844482422,0.013319203894638433,1.0,0.001
6,blocks.1.ln2.weight,0.008027118630707264,16.003459930419922,0.0005015864485309544,1.0,0.001
6,blocks.1.ln2.bias,0.009478065185248852,0.02473633550107479,0.3831636737160954,1.0,0.001
6,blocks.1.mlp.fc.weight,0.2440885752439499,18.472986221313477,0.013213271114895108,1.0,0.001
6,blocks.1.mlp.proj.weight,0.255494624376297,9.261263847351074,0.027587446874148446,1.0,0.001
6,final_norm.weight,0.008066916838288307,15.993805885314941,0.0005043775631724164,1.0,0.001
6,final_norm.bias,0.009747684933245182,0.026719288900494576,0.3648182767581039,1.0,0.001
6,lm_head.weight,0.0409528985619545,3.0291876792907715,0.013519432566663993,1.0,0.001
7,token_embedding.weight,0.042254332453012466,85.25128936767578,0.0004956444971849692,0.9999743088544125,0.0009999743088544126
7,position_embedding.weight,0.03542013466358185,90.10507202148438,0.00039309812276867157,0.9999743088544125,0.0009999743088544126
7,blocks.0.ln1.weight,0.007018490228801966,16.005491256713867,0.00043850514278076047,0.9999743088544125,0.0009999743088544126
7,blocks.0.ln1.bias,0.008812985382974148,0.036148473620414734,0.24379965459325076,0.9999743088544125,0.0009999743088544126
7,blocks.0.attn.qkv.weight,0.18320094048976898,16.02530288696289,0.011431979899662149,0.9999743088544125,0.0009999743088544126
7,blocks.0.attn.proj.weight,0.11248268932104111,9.234375953674316,0.012180865267487033,0.9999743088544125,0.0009999743088544126
7,blocks.0.ln2.weight,0.007736149709671736,16.008325576782227,0.0004832578943104097,0.9999743088544125,0.0009999743088544126
7,blocks.0.ln2.bias,0.0079409871250391,0.03348052129149437,0.23718230238007984,0.9999743088544125,0.0009999743088544126
7,blocks.0.mlp.fc.weight,0.22496642172336578,18.51408576965332,0.012151095361786594,0.9999743088544125,0.0009999743088544126
7,blocks.0.mlp.proj.weight,0.2333286702632904,9.282752990722656,0.02513571895066668,0.9999743088544125,0.0009999743088544126
7,blocks.1.ln1.weight,0.007172426674515009,16.004058837890625,0.00044816297835230314,0.9999743088544125,0.0009999743088544126
7,blocks.1.ln1.bias,0.008531348779797554,0.03582578897476196,0.23813428883783863,0.9999743088544125,0.0009999743088544126
7,blocks.1.attn.qkv.weight,0.18298444151878357,15.999850273132324,0.01143663461814064,0.9999743088544125,0.0009999743088544126
7,blocks.1.attn.proj.weight,0.10993694514036179,9.26009464263916,0.011872118955904913,0.9999743088544125,0.0009999743088544126
7,blocks.1.ln2.weight,0.007704840507358313,16.00812339782715,0.0004813081656031989,0.9999743088544125,0.0009999743088544126
7,blocks.1.ln2.bias,0.007842889986932278,0.03349148854613304,0.23417561676587975,0.9999743088544125,0.0009999743088544126
7,blocks.1.mlp.fc.weight,0.22685252130031586,18.48542594909668,0.012271966138350689,0.9999743088544125,0.0009999743088544126
7,blocks.1.mlp.proj.weight,0.2335195392370224,9.282526016235352,0.025156895744602944,0.9999743088544125,0.0009999743088544126
7,final_norm.weight,0.007696453481912613,15.993424415588379,0.00048122611405288515,0.9999743088544125,0.0009999743088544126
7,final_norm.bias,0.008125792257487774,0.036147959530353546,0.22479255711348603,0.9999743088544125,0.0009999743088544126
7,lm_head.weight,0.03875551372766495,3.0293123722076416,0.012793501945594567,0.9999743088544125,0.0009999743088544126
8,token_embedding.weight,0.042655713856220245,85.25022888183594,0.0005003589364592111,0.9998972383511385,0.0009998972383511385
8,position_embedding.weight,0.03215356171131134,90.1017837524414,0.000356858214923406,0.9998972383511385,0.0009998972383511385
8,blocks.0.ln1.weight,0.005981065332889557,16.006805419921875,0.00037365765222867163,0.9998972383511385,0.0009998972383511385
8,blocks.0.ln1.bias,0.006090544164180756,0.04411452263593674,0.1380621119785436,0.9998972383511385,0.0009998972383511385
8,blocks.0.attn.qkv.weight,0.16712386906147003,16.033315658569336,0.010423537627548475,0.9998972383511385,0.0009998972383511385
8,blocks.0.attn.proj.weight,0.09632013738155365,9.240323066711426,0.0104238928321175,0.9998972383511385,0.0009998972383511385
8,blocks.0.ln2.weight,0.007491794414818287,16.01251792907715,0.0004678711023463376,0.9998972383511385,0.0009998972383511385
8,blocks.0.ln2.bias,0.006465111393481493,0.040322527289390564,0.16033497471330924,0.9998972383511385,0.0009998972383511385
8,blocks.0.mlp.fc.weight,0.21413950622081757,18.527095794677734,0.01155817990007488,0.9998972383511385,0.0009998972383511385
8,blocks.0.mlp.proj.weight,0.2167290300130844,9.306445121765137,0.023288057596363338,0.9998972383511385,0.0009998972383511385
8,blocks.1.ln1.weight,0.006255518179386854,16.005285263061523,0.0003908407801904991,0.9998972383511385,0.0009998972383511385
8,blocks.1.ln1.bias,0.006649121642112732,0.04365557059645653,0.152308664189127,0.9998972383511385,0.0009998972383511385
8,blocks.1.attn.qkv.weight,0.17107445001602173,16.008529663085938,0.010686456134100283,0.9998972383511385,0.0009998972383511385
8,blocks.1.attn.proj.weight,0.09585598856210709,9.265288352966309,0.010345710237006079,0.9998972383511385,0.0009998972383511385
8,blocks.1.ln2.weight,0.007408844772726297,16.012699127197266,0.0004626855668662414,0.9998972383511385,0.0009998972383511385
8,blocks.1.ln2.bias,0.006174835376441479,0.0403098538517952,0.15318426603556884,0.9998972383511385,0.0009998972383511385
8,blocks.1.mlp.fc.weight,0.2145889699459076,18.49894905090332,0.011600062757912047,0.9998972383511385,0.0009998972383511385
8,blocks.1.mlp.proj.weight,0.2157478630542755,9.306660652160645,0.023182091957351433,0.9998972383511385,0.0009998972383511385
8,final_norm.weight,0.007249189540743828,15.99262809753418,0.0004532831937648253,0.9998972383511385,0.0009998972383511385
8,final_norm.bias,0.006085830740630627,0.04345022141933441,0.14006443561602885,0.9998972383511385,0.0009998972383511385
8,lm_head.weight,0.036460280418395996,3.0297319889068604,0.01203416029928739,0.9998972383511385,0.0009998972383511385
9,token_embedding.weight,0.04098416119813919,85.2500228881836,0.0004807524949511712,0.9997687972903095,0.0009997687972903096
9,position_embedding.weight,0.029296811670064926,90.09781646728516,0.00032516672233341395,0.9997687972903095,0.0009997687972903096
9,blocks.0.ln1.weight,0.005669093690812588,16.00689697265625,0.0003541656887338284,0.9997687972903095,0.0009997687972903096
9,blocks.0.ln1.bias,0.005611178930848837,0.04930867999792099,0.11379698120030034,0.9997687972903095,0.0009997687972903096
9,blocks.0.attn.qkv.weight,0.15698255598545074,16.041040420532227,0.009786307612847,0.9997687972903095,0.0009997687972903096
9,blocks.0.attn.proj.weight,0.08989990502595901,9.24532699584961,0.009723821025076447,0.9997687972903095,0.0009997687972903096
9,blocks.0.ln2.weight,0.007326571736484766,16.016441345214844,0.00045744067477718664,0.9997687972903095,0.0009997687972903096
9,blocks.0.ln2.bias,0.006460186559706926,0.04567454010248184,0.1414395535252353,0.9997687972903095,0.0009997687972903096
9,blocks.0.mlp.fc.weight,0.20270803570747375,18.54083251953125,0.01093306007127385,0.9997687972903095,0.0009997687972903096
9,blocks.0.mlp.proj.weight,0.20303772389888763,9.332502365112305,0.02175597883134558,0.9997687972903095,0.0009997687972903096
9,blocks.1.ln1.weight,0.005906850099563599,16.005483627319336,0.00036905164736671776,0.9997687972903095,0.0009997687972903096
9,blocks.1.ln1.bias,0.006080153398215771,0.04946190491318703,0.12292598533688533,0.9997687972903095,0.0009997687972903096
9,blocks.1.attn.qkv.weight,0.1633135974407196,16.016944885253906,0.010196301392724717,0.9997687972903095,0.0009997687972903096
9,blocks.1.attn.proj.weight,0.0897078812122345,9.269561767578125,0.009677683094576645,0.9997687972903095,0.0009997687972903096
9,blocks.1.ln2.weight,0.007289503235369921,16.016864776611328,0.0004551142397115061,0.9997687972903095,0.0009997687972903096
9,blocks.1.ln2.bias,0.006020622793585062,0.04532574117183685,0.13283010134632162,0.9997687972903095,0.0009997687972903096
9,blocks.1.mlp.fc.weight,0.20288482308387756,18.5131893157959,0.010958934175148332,0.9997687972903095,0.0009997687972903096
9,blocks.1.mlp.proj.weight,0.20176678895950317,9.333046913146973,0.021618533672563382,0.9997687972903095,0.0009997687972903096
9,final_norm.weight,0.006899344269186258,15.991842269897461,0.0004314289843999359,0.9997687972903095,0.0009997687972903096
9,final_norm.bias,0.005434312857687473,0.04878729209303856,0.11138787631854455,0.9997687972903095,0.0009997687972903096
9,lm_head.weight,0.03434745967388153,3.030573606491089,0.01133364970918458,0.9997687972903095,0.0009997687972903096
10,token_embedding.weight,0.038256313651800156,85.2503662109375,0.0004487524846185526,0.9995890003376942,0.0009995890003376942
10,position_embedding.weight,0.028260529041290283,90.0932388305664,0.000313680908890822,0.9995890003376942,0.0009995890003376942
10,blocks.0.ln1.weight,0.005671716760843992,16.006534576416016,0.0003543375821772397,0.9995890003376942,0.0009995890003376942
10,blocks.0.ln1.bias,0.0055635906755924225,0.05357144773006439,0.1038536554681585,0.9995890003376942,0.0009995890003376942
10,blocks.0.attn.qkv.weight,0.15030282735824585,16.048791885375977,0.0093653670900422,0.9995890003376942,0.0009995890003376942
10,blocks.0.attn.proj.weight,0.08816192299127579,9.250094413757324,0.009530921420666397,0.9995890003376942,0.0009995890003376942
10,blocks.0.ln2.weight,0.006810372695326805,16.02040672302246,0.00042510610454972984,0.9995890003376942,0.0009995890003376942
10,blocks.0.ln2.bias,0.00639425590634346,0.05045929551124573,0.12672106975396968,0.9995890003376942,0.0009995890003376942
10,blocks.0.mlp.fc.weight,0.19259807467460632,18.55564308166504,0.01037948799871579,0.9995890003376942,0.0009995890003376942
10,blocks.0.mlp.proj.weight,0.1914905458688736,9.36027717590332,0.020457785840126384,0.9995890003376942,0.0009995890003376942
10,blocks.1.ln1.weight,0.00592111237347126,16.005474090576172,0.0003699429545143664,0.9995890003376942,0.0009995890003376942
10,blocks.1.ln1.bias,0.005868907086551189,0.05429544299840927,0.10809207481031222,0.9995890003376942,0.0009995890003376942
10,blocks.1.attn.qkv.weight,0.15590374171733856,16.02566146850586,0.00972838107330021,0.9995890003376942,0.0009995890003376942
10,blocks.1.attn.proj.weight,0.0884144976735115,9.273563385009766,0.009534037133602756,0.9995890003376942,0.0009995890003376942
10,blocks.1.ln2.weight,0.006788757164031267,16.02109718322754,0.00042373859208206935,0.9995890003376942,0.0009995890003376942
10,blocks.1.ln2.bias,0.006426766514778137,0.04958951100707054,0.12959931211526166,0.9995890003376942,0.0009995890003376942
10,blocks.1.mlp.fc.weight,0.19304248690605164,18.528348922729492,0.010418763577429612,0.9995890003376942,0.0009995890003376942
10,blocks.1.mlp.proj.weight,0.1896066963672638,9.361066818237305,0.0202548171109996,0.9995890003376942,0.0009995890003376942
10,final_norm.weight,0.006607471499592066,15.991219520568848,0.00041319372116008625,0.9995890003376942,0.0009995890003376942
10,final_norm.bias,0.005062727257609367,0.053085315972566605,0.09536963592964787,0.9995890003376942,0.0009995890003376942
10,lm_head.weight,0.03274589776992798,3.031905174255371,0.010800435992514013,0.9995890003376942,0.0009995890003376942
11,token_embedding.weight,0.035833459347486496,85.25076293945312,0.00042033007227085755,0.9993578680230245,0.0009993578680230245
11,position_embedding.weight,0.026659227907657623,90.08882904052734,0.00029592157198163175,0.9993578680230245,0.0009993578680230245
11,blocks.0.ln1.weight,0.005415580701082945,16.00566864013672,0.00033835391840502,0.9993578680230245,0.0009993578680230245
11,blocks.0.ln1.bias,0.0053527504205703735,0.056857917457818985,0.09414256905288979,0.9993578680230245,0.0009993578680230245
11,blocks.0.attn.qkv.weight,0.1454233080148697,16.056373596191406,0.009057045611429672,0.9993578680230245,0.0009993578680230245
11,blocks.0.attn.proj.weight,0.08462031185626984,9.254331588745117,0.009143859936807728,0.9993578680230245,0.0009993578680230245
11,blocks.0.ln2.weight,0.0067092436365783215,16.02361297607422,0.0004187097907691519,0.9993578680230245,0.0009993578680230245
11,blocks.0.ln2.bias,0.006523000542074442,0.05443556606769562,0.11982975494078013,0.9993578680230245,0.0009993578680230245
11,blocks.0.mlp.fc.weight,0.18505722284317017,18.570219039916992,0.009965268715752715,0.9993578680230245,0.0009993578680230245
11,blocks.0.mlp.proj.weight,0.18210218846797943,9.388310432434082,0.019396694408276707,0.9993578680230245,0.0009993578680230245
11,blocks.1.ln1.weight,0.0056799305602908134,16.005159378051758,0.00035488122461807396,0.9993578680230245,0.0009993578680230245
11,blocks.1.ln1.bias,0.005770418327301741,0.05829455703496933,0.09898725748514112,0.9993578680230245,0.0009993578680230245
11,blocks.1.attn.qkv.weight,0.14860285818576813,16.034448623657227,0.009267724863735583,0.9993578680230245,0.0009993578680230245
11,blocks.1.attn.proj.weight,0.08582238852977753,9.277297973632812,0.009250795735319242,0.9993578680230245,0.0009993578680230245
11,blocks.1.ln2.weight,0.006596558727324009,16.024354934692383,0.00041165830101792057,0.9993578680230245,0.0009993578680230245
11,blocks.1.ln2.bias,0.006485954858362675,0.053021740168333054,0.12232632949519921,0.9993578680230245,0.0009993578680230245
11,blocks.1.mlp.fc.weight,0.1849975436925888,18.54299545288086,0.009976680637315124,0.9993578680230245,0.0009993578680230245
11,blocks.1.mlp.proj.weight,0.18015505373477936,9.389254570007324,0.019187364917151208,0.9993578680230245,0.0009993578680230245
11,final_norm.weight,0.006434091366827488,15.990530014038086,0.00040236886214394375,0.9993578680230245,0.0009993578680230245
11,final_norm.bias,0.004897266160696745,0.056241415441036224,0.08707579854109446,0.9993578680230245,0.0009993578680230245
11,lm_head.weight,0.03145304322242737,3.0335371494293213,0.010368438450913333,0.9993578680230245,0.0009993578680230245
12,token_embedding.weight,0.03749711439013481,85.25117492675781,0.0004398427871797594,0.9990754267376514,0.0009990754267376514
12,position_embedding.weight,0.025338048115372658,90.08450317382812,0.00028126977696130243,0.9990754267376514,0.0009990754267376514
12,blocks.0.ln1.weight,0.005562831647694111,16.00493812561035,0.0003475697065515287,0.9990754267376514,0.0009990754267376514
12,blocks.0.ln1.bias,0.005529975518584251,0.05990926921367645,0.09230584166814589,0.9990754267376514,0.0009990754267376514
12,blocks.0.attn.qkv.weight,0.1432371437549591,16.064008712768555,0.008916650029024042,0.9990754267376514,0.0009990754267376514
12,blocks.0.attn.proj.weight,0.076448954641819,9.258614540100098,0.00825706203781373,0.9990754267376514,0.0009990754267376514
12,blocks.0.ln2.weight,0.00640676636248827,16.026704788208008,0.00039975568572285595,0.9990754267376514,0.0009990754267376514
12,blocks.0.ln2.bias,0.0053327446803450584,0.058246321976184845,0.09155504586940101,0.9990754267376514,0.0009990754267376514
12,blocks.0.mlp.fc.weight,0.18000860512256622,18.584997177124023,0.009685694509769756,0.9990754267376514,0.0009990754267376514
12,blocks.0.mlp.proj.weight,0.17289778590202332,9.416708946228027,0.01836074438418968,0.9990754267376514,0.0009990754267376514
12,blocks.1.ln1.weight,0.005452214740216732,16.004968643188477,0.0003406576333741703,0.9990754267376514,0.0009990754267376514
12,blocks.1.ln1.bias,0.004972673021256924,0.0621521957218647,0.08000800234685136,0.9990754267376514,0.0009990754267376514
12,blocks.1.attn.qkv.weight,0.1417718529701233,16.04352378845215,0.008836702886441904,0.9990754267376514,0.0009990754267376514
12,blocks.1.attn.proj.weight,0.07657023519277573,9.281268119812012,0.00824997556414935,0.9990754267376514,0.0009990754267376514
12,blocks.1.ln2.weight,0.0063489265739917755,16.027250289916992,0.0003961332392734638,0.9990754267376514,0.0009990754267376514
12,blocks.1.ln2.bias,0.004921419080346823,0.05620064586400986,0.0875687281631556,0.9990754267376514,0.0009990754267376514
12,blocks.1.mlp.fc.weight,0.17726527154445648,18.557531356811523,0.009552201105638003,0.9990754267376514,0.0009990754267376514
12,blocks.1.mlp.proj.weight,0.16865985095500946,9.417473793029785,0.01790924558556487,0.9990754267376514,0.0009990754267376514
12,final_norm.weight,0.005833585746586323,15.990019798278809,0.0003648266743993584,0.9990754267376514,0.0009990754267376514
12,final_norm.bias,0.0035144842695444822,0.058872852474451065,0.059696177809797135,0.9990754267376514,0.0009990754267376514
12,lm_head.weight,0.030228620395064354,3.0355660915374756,0.009958149314991189,0.9990754267376514,0.0009990754267376514
13,token_embedding.weight,0.03642412647604942,85.25283813476562,0.00042724825674977083,0.998741708731531,0.000998741708731531
13,position_embedding.weight,0.024441879242658615,90.07972717285156,0.00027133607094254937,0.998741708731531,0.000998741708731531
13,blocks.0.ln1.weight,0.005423861090093851,16.003173828125,0.000338924087705732,0.998741708731531,0.000998741708731531
13,blocks.0.ln1.bias,0.005494467448443174,0.0615520142018795,0.08926543703887653,0.998741708731531,0.000998741708731531
13,blocks.0.attn.qkv.weight,0.1393975019454956,16.070941925048828,0.00867388499041343,0.998741708731531,0.000998741708731531
13,blocks.0.attn.proj.weight,0.07288205623626709,9.261585235595703,0.007869285266214091,0.998741708731531,0.000998741708731531
13,blocks.0.ln2.weight,0.006476275622844696,16.02916145324707,0.00040403084351816644,0.998741708731531,0.000998741708731531
13,blocks.0.ln2.bias,0.004621129482984543,0.06076463684439659,0.07604965195039474,0.998741708731531,0.000998741708731531
13,blocks.0.mlp.fc.weight,0.17300181090831757,18.599245071411133,0.00930155015669045,0.998741708731531,0.000998741708731531
13,blocks.0.mlp.proj.weight,0.16492204368114471,9.444995880126953,0.017461314517684096,0.998741708731531,0.000998741708731531
13,blocks.1.ln1.weight,0.005463412497192621,16.00369644165039,0.00034138441185209477,0.998741708731531,0.000998741708731531
13,blocks.1.ln1.bias,0.004830965772271156,0.06440985202789307,0.07500352228885845,0.998741708731531,0.000998741708731531
13,blocks.1.attn.qkv.weight,0.136541947722435,16.051965713500977,0.008506244665572883,0.998741708731531,0.000998741708731531
13,blocks.1.attn.proj.weight,0.07146518677473068,9.28408145904541,0.007697604452306371,0.998741708731531,0.000998741708731531
13,blocks.1.ln2.weight,0.006450329441577196,16.030025482177734,0.00040239046711112867,0.998741708731531,0.000998741708731531
13,blocks.1.ln2.bias,0.004329236689954996,0.058337822556495667,0.07420977506810879,0.998741708731531,0.000998741708731531
13,blocks.1.mlp.fc.weight,0.16876433789730072,18.572086334228516,0.009086988659225513,0.998741708731531,0.000998741708731531
13,blocks.1.mlp.proj.weight,0.16006696224212646,9.445836067199707,0.016945769660129475,0.998741708731531,0.000998741708731531
13,final_norm.weight,0.005414008628576994,15.989850044250488,0.0003385903315912199,0.998741708731531,0.000998741708731531
13,final_norm.bias,0.0031277998350560665,0.06077812612056732,0.05146259081433174,0.998741708731531,0.000998741708731531
13,lm_head.weight,0.028606904670596123,3.0380263328552246,0.009416279365722651,0.998741708731531,0.000998741708731531
14,token_embedding.weight,0.03429628163576126,85.25475311279297,0.00040227999476330083,0.9983567521095431,0.0009983567521095432
14,position_embedding.weight,0.024595780298113823,90.07432556152344,0.00027306094322420327,0.9983567521095431,0.0009983567521095432
14,blocks.0.ln1.weight,0.005252149887382984,16.001768112182617,0.0003282230970078888,0.9983567521095431,0.0009983567521095432
14,blocks.0.ln1.bias,0.004884777590632439,0.06306049972772598,0.07746176468067653,0.9983567521095431,0.0009983567521095432
14,blocks.0.attn.qkv.weight,0.13792209327220917,16.07815170288086,0.008578230621339885,0.9983567521095431,0.0009983567521095432
14,blocks.0.attn.proj.weight,0.0715218260884285,9.264677047729492,0.007719840175751051,0.9983567521095431,0.0009983567521095432
14,blocks.0.ln2.weight,0.006311194505542517,16.03197479248047,0.00039366295089874297,0.9983567521095431,0.0009983567521095432
14,blocks.0.ln2.bias,0.004358118399977684,0.06275258958339691,0.06944922000575585,0.9983567521095431,0.0009983567521095432
14,blocks.0.mlp.fc.weight,0.1684577465057373,18.614124298095703,0.009049995788572344,0.9983567521095431,0.0009983567521095432
14,blocks.0.mlp.proj.weight,0.16000379621982574,9.473807334899902,0.01688907010282782,0.9983567521095431,0.0009983567521095432
14,blocks.1.ln1.weight,0.005150558426976204,16.002683639526367,0.0003218559176070998,0.9983567521095431,0.0009983567521095432
14,blocks.1.ln1.bias,0.0043372479267418385,0.06628201901912689,0.06543626749548485,0.9983567521095431,0.0009983567521095432
14,blocks.1.attn.qkv.weight,0.13301025331020355,16.060710906982422,0.008281716424667655,0.9983567521095431,0.0009983567521095432
14,blocks.1.attn.proj.weight,0.06882848590612411,9.286993980407715,0.00741127710982914,0.9983567521095431,0.0009983567521095432
14,blocks.1.ln2.weight,0.0065561337396502495,16.03349494934082,0.0004089023485125669,0.9983567521095431,0.0009983567521095432
14,blocks.1.ln2.bias,0.004355401266366243,0.060343187302351,0.07217718289342628,0.9983567521095431,0.0009983567521095432
14,blocks.1.mlp.fc.weight,0.16420471668243408,18.58753776550293,0.008834129552499247,0.9983567521095431,0.0009983567521095432
14,blocks.1.mlp.proj.weight,0.15466608107089996,9.4747953414917,0.016323949541535238,0.9983567521095431,0.0009983567521095432
14,final_norm.weight,0.005203660111874342,15.990056037902832,0.00032543101159491,0.9983567521095431,0.0009983567521095432
14,final_norm.bias,0.003260043216869235,0.06272002309560776,0.051977710720032495,0.9983567521095431,0.0009983567521095432
14,lm_head.weight,0.027217477560043335,3.0407443046569824,0.008950926100017709,0.9983567521095431,0.0009983567521095432
15,token_embedding.weight,0.03331012651324272,85.2566146850586,0.0003907043064786386,0.9979206008271392,0.0009979206008271391
15,position_embedding.weight,0.023666517809033394,90.06877899169922,0.0002627605045163791,0.9979206008271392,0.0009979206008271391
15,blocks.0.ln1.weight,0.005052774213254452,16.001096725463867,0.0003157767433036786,0.9979206008271392,0.0009979206008271391
15,blocks.0.ln1.bias,0.004970676731318235,0.0645875483751297,0.07696029430272198,0.9979206008271392,0.0009979206008271391
15,blocks.0.attn.qkv.weight,0.13304801285266876,16.0860595703125,0.008271013312558298,0.9979206008271392,0.0009979206008271391
15,blocks.0.attn.proj.weight,0.06927092373371124,9.268342018127441,0.007473928303273722,0.9979206008271392,0.0009979206008271391
15,blocks.0.ln2.weight,0.0062860711477696896,16.034881591796875,0.0003920247936838602,0.9979206008271392,0.0009979206008271391
15,blocks.0.ln2.bias,0.004335603676736355,0.06455935537815094,0.0671568613297603,0.9979206008271392,0.0009979206008271391
15,blocks.0.mlp.fc.weight,0.1633778065443039,18.62919807434082,0.008769986012942006,0.9979206008271392,0.0009979206008271391
15,blocks.0.mlp.proj.weight,0.15446627140045166,9.502460479736328,0.016255397402581095,0.9979206008271392,0.0009979206008271391
15,blocks.1.ln1.weight,0.00504593551158905,16.002214431762695,0.0003153273275461857,0.9979206008271392,0.0009979206008271391
15,blocks.1.ln1.bias,0.004412021022289991,0.06832709163427353,0.06457205943787467,0.9979206008271392,0.0009979206008271391
15,blocks.1.attn.qkv.weight,0.12780268490314484,16.06974220275879,0.007953001565961416,0.9979206008271392,0.0009979206008271391
15,blocks.1.attn.proj.weight,0.06810209900140762,9.290502548217773,0.007330292268685135,0.9979206008271392,0.0009979206008271391
15,blocks.1.ln2.weight,0.006498601287603378,16.037158966064453,0.000405221479774216,0.9979206008271392,0.0009979206008271391
15,blocks.1.ln2.bias,0.004285661969333887,0.062368422746658325,0.06871525333699088,0.9979206008271392,0.0009979206008271391
15,blocks.1.mlp.fc.weight,0.15863776206970215,18.603408813476562,0.008527349135862363,0.9979206008271392,0.0009979206008271391
15,blocks.1.mlp.proj.weight,0.14885549247264862,9.503682136535645,0.015662928361248298,0.9979206008271392,0.0009979206008271391
15,final_norm.weight,0.005080022849142551,15.990265846252441,0.0003176947086425591,0.9979206008271392,0.0009979206008271391
15,final_norm.bias,0.0031552803702652454,0.06480702012777328,0.04868732374973604,0.9979206008271392,0.0009979206008271391
15,lm_head.weight,0.026499170809984207,3.043527603149414,0.00870672925146281,0.9979206008271392,0.0009979206008271391
16,token_embedding.weight,0.03440775349736214,85.25875091552734,0.00040356858536963843,0.9974333046853241,0.000997433304685324
16,position_embedding.weight,0.02355286106467247,90.06263732910156,0.00026151644858685114,0.9974333046853241,0.000997433304685324
16,blocks.0.ln1.weight,0.005164357367902994,16.000694274902344,0.00032275833030590115,0.9974333046853241,0.000997433304685324
16,blocks.0.ln1.bias,0.0056122164241969585,0.06611987948417664,0.08487941097132756,0.9974333046853241,0.000997433304685324
16,blocks.0.attn.qkv.weight,0.13138523697853088,16.094253540039062,0.008163487461637432,0.9974333046853241,0.000997433304685324
16,blocks.0.attn.proj.weight,0.06836795061826706,9.272110939025879,0.007373504379731071,0.9974333046853241,0.000997433304685324
16,blocks.0.ln2.weight,0.00662973104044795,16.03816032409668,0.0004133722887460252,0.9974333046853241,0.000997433304685324
16,blocks.0.ln2.bias,0.005102464929223061,0.06640955805778503,0.07683329144739094,0.9974333046853241,0.000997433304685324
16,blocks.0.mlp.fc.weight,0.16236703097820282,18.644775390625,0.008708446606433018,0.9974333046853241,0.000997433304685324
16,blocks.0.mlp.proj.weight,0.15298274159431458,9.531472206115723,0.016050274111499743,0.9974333046853241,0.000997433304685324
16,blocks.1.ln1.weight,0.005146055947989225,16.001949310302734,0.0003215893169137622,0.9974333046853241,0.000997433304685324
16,blocks.1.ln1.bias,0.0049469852820038795,0.07020752131938934,0.07046232638563753,0.9974333046853241,0.000997433304685324
16,blocks.1.attn.qkv.weight,0.12930533289909363,16.078716278076172,0.00804201844617393,0.9974333046853241,0.000997433304685324
16,blocks.1.attn.proj.weight,0.0662601888179779,9.294129371643066,0.007129251828593488,0.9974333046853241,0.000997433304685324
16,blocks.1.ln2.weight,0.0067507014609873295,16.04107666015625,0.0004208384264975611,0.9974333046853241,0.000997433304685324
16,blocks.1.ln2.bias,0.0049287257716059685,0.06447124481201172,0.07644843504884898,0.9974333046853241,0.000997433304685324
16,blocks.1.mlp.fc.weight,0.15770529210567474,18.61963653564453,0.008469837303416902,0.9974333046853241,0.000997433304685324
16,blocks.1.mlp.proj.weight,0.14556172490119934,9.532776832580566,0.015269603753199355,0.9974333046853241,0.000997433304685324
16,final_norm.weight,0.005091473460197449,15.990912437438965,0.0003183979325830489,0.9974333046853241,0.000997433304685324
16,final_norm.bias,0.0030754818581044674,0.06673648953437805,0.04608396215497829,0.9974333046853241,0.000997433304685324
16,lm_head.weight,0.026445098221302032,3.046684503555298,0.008679959539766429,0.9974333046853241,0.000997433304685324
17,token_embedding.weight,0.03243749216198921,85.26133728027344,0.0003804478465468986,0.9968949193249695,0.0009968949193249696
17,position_embedding.weight,0.023406552150845528,90.05608367919922,0.00025991083772002423,0.9968949193249695,0.0009968949193249696
17,blocks.0.ln1.weight,0.005062920041382313,16.00027084350586,0.00031642714619652324,0.9968949193249695,0.0009968949193249696
17,blocks.0.ln1.bias,0.0052545457147061825,0.0678013265132904,0.07749915797884409,0.9968949193249695,0.0009968949193249696
17,blocks.0.attn.qkv.weight,0.12869246304035187,16.10264015197754,0.007992010119193987,0.9968949193249695,0.0009968949193249696
17,blocks.0.attn.proj.weight,0.06597033143043518,9.275620460510254,0.007112228417633965,0.9968949193249695,0.0009968949193249696
17,blocks.0.ln2.weight,0.006444274447858334,16.04185676574707,0.0004017162440708167,0.9968949193249695,0.0009968949193249696
17,blocks.0.ln2.bias,0.004821087699383497,0.06812789291143417,0.070765254777219,0.9968949193249695,0.0009968949193249696
17,blocks.0.mlp.fc.weight,0.157392680644989,18.660980224609375,0.008434320102725218,0.9968949193249695,0.0009968949193249696
17,blocks.0.mlp.proj.weight,0.14640268683433533,9.560966491699219,0.015312540522072331,0.9968949193249695,0.0009968949193249696
17,blocks.1.ln1.weight,0.004962031729519367,16.001619338989258,0.00031009559872660267,0.9968949193249695,0.0009968949193249696
17,blocks.1.ln1.bias,0.004658307880163193,0.07168570905923843,0.06498237851352988,0.9968949193249695,0.0009968949193249696
17,blocks.1.attn.qkv.weight,0.1256910264492035,16.087718963623047,0.007812855677887186,0.9968949193249695,0.0009968949193249696
17,blocks.1.attn.proj.weight,0.06295904517173767,9.297471046447754,0.006771631216403239,0.9968949193249695,0.0009968949193249696
17,blocks.1.ln2.weight,0.006778074894100428,16.045291900634766,0.0004224338788022834,0.9968949193249695,0.0009968949193249696
17,blocks.1.ln2.bias,0.004955490585416555,0.06635130941867828,0.07468564868965298,0.9968949193249695,0.0009968949193249696
17,blocks.1.mlp.fc.weight,0.15320079028606415,18.636266708374023,0.008220572965787008,0.9968949193249695,0.0009968949193249696
17,blocks.1.mlp.proj.weight,0.1391480416059494,9.562114715576172,0.01455201550544778,0.9968949193249695,0.0009968949193249696
17,final_norm.weight,0.004947154317051172,15.99207592010498,0.0003093503521222895,0.9968949193249695,0.0009968949193249696
17,final_norm.bias,0.0031150532886385918,0.06854002177715302,0.04544867666837404,0.9968949193249695,0.0009968949193249696
17,lm_head.weight,0.02500540390610695,3.050318479537964,0.008197637090631387,0.9968949193249695,0.0009968949193249696
18,token_embedding.weight,0.030300810933113098,85.2640609741211,0.00035537611728708875,0.9963055062204608,0.0009963055062204608
18,position_embedding.weight,0.023478981107473373,90.04934692382812,0.0002607346072963056,0.9963055062204608,0.0009963055062204608
18,blocks.0.ln1.weight,0.004818975925445557,16.00017738342285,0.00030118265628967375,0.9963055062204608,0.0009963055062204608
18,blocks.0.ln1.bias,0.0043168640695512295,0.06952335685491562,0.06209228473385941,0.9963055062204608,0.0009963055062204608
18,blocks.0.attn.qkv.weight,0.12787547707557678,16.111391067504883,0.007936960659683901,0.9963055062204608,0.0009963055062204608
18,blocks.0.attn.proj.weight,0.06132187321782112,9.27932357788086,0.006608442167485955,0.9963055062204608,0.0009963055062204608
18,blocks.0.ln2.weight,0.006368525326251984,16.04534912109375,0.0003969078689524625,0.9963055062204608,0.0009963055062204608
18,blocks.0.ln2.bias,0.0037188795395195484,0.06948119401931763,0.053523541038055227,0.9963055062204608,0.0009963055062204608
18,blocks.0.mlp.fc.weight,0.15440629422664642,18.676965713500977,0.008267204458967487,0.9963055062204608,0.0009963055062204608
18,blocks.0.mlp.proj.weight,0.140963613986969,9.589879989624023,0.014699205218362784,0.9963055062204608,0.0009963055062204608
18,blocks.1.ln1.weight,0.0046387724578380585,16.001585006713867,0.0002898945608132854,0.9963055062204608,0.0009963055062204608
18,blocks.1.ln1.bias,0.003671032842248678,0.07313386350870132,0.050196074240788736,0.9963055062204608,0.0009963055062204608
18,blocks.1.attn.qkv.weight,0.12251726537942886,16.09712791442871,0.007611125787824705,0.9963055062204608,0.0009963055062204608
18,blocks.1.attn.proj.weight,0.057609912008047104,9.300771713256836,0.006194100208472673,0.9963055062204608,0.0009963055062204608
18,blocks.1.ln2.weight,0.006695316638797522,16.049293518066406,0.0004171720475583742,0.9963055062204608,0.0009963055062204608
18,blocks.1.ln2.bias,0.004081898834556341,0.0685267522931099,0.059566500642511754,0.9963055062204608,0.0009963055062204608
18,blocks.1.mlp.fc.weight,0.1498255431652069,18.652639389038086,0.008032404424933526,0.9963055062204608,0.0009963055062204608
18,blocks.1.mlp.proj.weight,0.133741095662117,9.590479850769043,0.013945193331632787,0.9963055062204608,0.0009963055062204608
18,final_norm.weight,0.00489572761580348,15.993609428405762,0.0003061052377025052,0.9963055062204608,0.0009963055062204608
18,final_norm.bias,0.0025534271262586117,0.07065697759389877,0.0361383576424441,0.9963055062204608,0.0009963055062204608
18,lm_head.weight,0.0236160047352314,3.0541858673095703,0.0077323403883166365,0.9963055062204608,0.0009963055062204608
19,token_embedding.weight,0.030478037893772125,85.26653289794922,0.00035744432027333916,0.9956651326726771,0.000995665132672677
19,position_embedding.weight,0.022721484303474426,90.04291534423828,0.000252340611325265,0.9956651326726771,0.000995665132672677
19,blocks.0.ln1.weight,0.004839140456169844,16.00081443786621,0.0003024308840628531,0.9956651326726771,0.000995665132672677
19,blocks.0.ln1.bias,0.004604964051395655,0.071210116147995,0.06466727342166602,0.9956651326726771,0.000995665132672677
19,blocks.0.attn.qkv.weight,0.12671107053756714,16.120779037475586,0.007860108388248304,0.9956651326726771,0.000995665132672677
19,blocks.0.attn.proj.weight,0.06231178343296051,9.283600807189941,0.00671202744787289,0.9956651326726771,0.000995665132672677
19,blocks.0.ln2.weight,0.006345496512949467,16.04866600036621,0.00039539090120040355,0.9956651326726771,0.000995665132672677
19,blocks.0.ln2.bias,0.0034036259166896343,0.07084476202726364,0.04804343778205863,0.9956651326726771,0.000995665132672677
19,blocks.0.mlp.fc.weight,0.15042448043823242,18.69275665283203,0.008047206906501639,0.9956651326726771,0.000995665132672677
19,blocks.0.mlp.proj.weight,0.1375662088394165,9.617904663085938,0.014303137082174363,0.9956651326726771,0.000995665132672677
19,blocks.1.ln1.weight,0.004566042684018612,16.00168228149414,0.0002853476655575727,0.9956651326726771,0.000995665132672677
19,blocks.1.ln1.bias,0.003930393606424332,0.074358269572258,0.052857518457339776,0.9956651326726771,0.000995665132672677
19,blocks.1.attn.qkv.weight,0.12234389036893845,16.106441497802734,0.007595960311011046,0.9956651326726771,0.000995665132672677
19,blocks.1.attn.proj.weight,0.05838280916213989,9.304140090942383,0.006274927998877565,0.9956651326726771,0.000995665132672677
19,blocks.1.ln2.weight,0.006626585498452187,16.053316116333008,0.00041278608422279405,0.9956651326726771,0.000995665132672677
19,blocks.1.ln2.bias,0.003713598009198904,0.07073342800140381,0.05250131534799502,0.9956651326726771,0.000995665132672677
19,blocks.1.mlp.fc.weight,0.14642734825611115,18.66904067993164,0.007843324719598794,0.9956651326726771,0.000995665132672677
19,blocks.1.mlp.proj.weight,0.13036693632602692,9.618195533752441,0.013554199004223407,0.9956651326726771,0.000995665132672677
19,final_norm.weight,0.004719226621091366,15.995024681091309,0.0002950434097591581,0.9956651326726771,0.000995665132672677
19,final_norm.bias,0.0021437108516693115,0.07278163731098175,0.029454006956180428,0.9956651326726771,0.000995665132672677
19,lm_head.weight,0.023769937455654144,3.0579590797424316,0.007773137846451656,0.9956651326726771,0.000995665132672677
20,token_embedding.weight,0.029912404716014862,85.26921844482422,0.0003507995647382432,0.9949738718013078,0.000994973871801308
20,position_embedding.weight,0.02222643792629242,90.03583526611328,0.00024686212840252866,0.9949738718013078,0.000994973871801308
20,blocks.0.ln1.weight,0.004481705371290445,16.00156593322754,0.0002800791741253163,0.9949738718013078,0.000994973871801308
20,blocks.0.ln1.bias,0.004271848127245903,0.07313628494739532,0.05840942194780747,0.9949738718013078,0.000994973871801308
20,blocks.0.attn.qkv.weight,0.1235145777463913,16.130260467529297,0.007657320723060997,0.9949738718013078,0.000994973871801308
20,blocks.0.attn.proj.weight,0.06078679487109184,9.287943840026855,0.0065446987964248434,0.9949738718013078,0.000994973871801308
20,blocks.0.ln2.weight,0.006157341413199902,16.052215576171875,0.0003835820285356471,0.9949738718013078,0.000994973871801308
20,blocks.0.ln2.bias,0.003302285447716713,0.07233346253633499,0.045653634319140116,0.9949738718013078,0.000994973871801308
20,blocks.0.mlp.fc.weight,0.14589238166809082,18.708881378173828,0.007798028044492502,0.9949738718013078,0.000994973871801308
20,blocks.0.mlp.proj.weight,0.1326211392879486,9.646238327026367,0.013748482547477944,0.9949738718013078,0.000994973871801308
20,blocks.1.ln1.weight,0.0043927449733018875,16.00220489501953,0.0002745087318978646,0.9949738718013078,0.000994973871801308
20,blocks.1.ln1.bias,0.0036211078986525536,0.07559312880039215,0.04790260644147151,0.9949738718013078,0.000994973871801308
20,blocks.1.attn.qkv.weight,0.11924547702074051,16.11605453491211,0.007399173089319869,0.9949738718013078,0.000994973871801308
20,blocks.1.attn.proj.weight,0.05644091218709946,9.307756423950195,0.0060638578854365814,0.9949738718013078,0.000994973871801308
20,blocks.1.ln2.weight,0.006606526207178831,16.057546615600586,0.0004114281194587908,0.9949738718013078,0.000994973871801308
20,blocks.1.ln2.bias,0.0038224796298891306,0.0728575736284256,0.052465096481682905,0.9949738718013078,0.000994973871801308
20,blocks.1.mlp.fc.weight,0.14197152853012085,18.68571662902832,0.007597863723864892,0.9949738718013078,0.000994973871801308
20,blocks.1.mlp.proj.weight,0.12523189187049866,9.646169662475586,0.012982551235610991,0.9949738718013078,0.000994973871801308
20,final_norm.weight,0.004608925431966782,15.996874809265137,0.00028811411522062277,0.9949738718013078,0.000994973871801308
20,final_norm.bias,0.0023492854088544846,0.07439185678958893,0.03157987325773652,0.9949738718013078,0.000994973871801308
20,lm_head.weight,0.02260775677859783,3.0621345043182373,0.007383005791126705,0.9949738718013078,0.000994973871801308
21,token_embedding.weight,0.02802376076579094,85.27213287353516,0.00032863914413108335,0.9942318025365027,0.0009942318025365027
21,position_embedding.weight,0.022842416539788246,90.02864837646484,0.0002537238640334783,0.9942318025365027,0.0009942318025365027
21,blocks.0.ln1.weight,0.004705918487161398,16.002262115478516,0.0002940783280014648,0.9942318025365027,0.0009942318025365027
21,blocks.0.ln1.bias,0.003974789287894964,0.07495283335447311,0.05303054080749733,0.9942318025365027,0.0009942318025365027
21,blocks.0.attn.qkv.weight,0.12781155109405518,16.139598846435547,0.007919128121469676,0.9942318025365027,0.0009942318025365027
21,blocks.0.attn.proj.weight,0.05993872508406639,9.292238235473633,0.006450407702122891,0.9942318025365027,0.0009942318025365027
21,blocks.0.ln2.weight,0.0061208708211779594,16.055908203125,0.0003812223353386051,0.9942318025365027,0.0009942318025365027
21,blocks.0.ln2.bias,0.0030496094841510057,0.07346734404563904,0.041509728216321956,0.9942318025365027,0.0009942318025365027
21,blocks.0.mlp.fc.weight,0.1449730098247528,18.725088119506836,0.007742180378511524,0.9942318025365027,0.0009942318025365027
21,blocks.0.mlp.proj.weight,0.1305547058582306,9.674006462097168,0.01349541230613515,0.9942318025365027,0.0009942318025365027
21,blocks.1.ln1.weight,0.004477837588638067,16.00274085998535,0.00027981691560316165,0.9942318025365027,0.0009942318025365027
21,blocks.1.ln1.bias,0.0030733284074813128,0.07666482031345367,0.04008785770155775,0.9942318025365027,0.0009942318025365027
21,blocks.1.attn.qkv.weight,0.11897702515125275,16.12552261352539,0.007378181036529793,0.9942318025365027,0.0009942318025365027
21,blocks.1.attn.proj.weight,0.05638795346021652,9.311275482177734,0.0060558785494146256,0.9942318025365027,0.0009942318025365027
21,blocks.1.ln2.weight,0.00637456402182579,16.0618896484375,0.00039687509759759253,0.9942318025365027,0.0009942318025365027
21,blocks.1.ln2.bias,0.003634603228420019,0.07492626458406448,0.048509067528564966,0.9942318025365027,0.0009942318025365027
21,blocks.1.mlp.fc.weight,0.14040988683700562,18.702402114868164,0.007507585708756316,0.9942318025365027,0.0009942318025365027
21,blocks.1.mlp.proj.weight,0.12415487319231033,9.67341423034668,0.012834648681001225,0.9942318025365027,0.0009942318025365027
21,final_norm.weight,0.004394620191305876,15.998812675476074,0.0002746841456580047,0.9942318025365027,0.0009942318025365027
21,final_norm.bias,0.0027706818655133247,0.07622376829385757,0.03634931632867393,0.9942318025365027,0.0009942318025365027
21,lm_head.weight,0.021832143887877464,3.06630802154541,0.007120010036326034,0.9942318025365027,0.0009942318025365027
22,token_embedding.weight,0.026564668864011765,85.27474212646484,0.00031151860681812797,0.9934390096098591,0.0009934390096098592
22,position_embedding.weight,0.02275720238685608,90.02174377441406,0.0002527967292422508,0.9934390096098591,0.0009934390096098592
22,blocks.0.ln1.weight,0.004622872918844223,16.003437042236328,0.00028886750431443147,0.9934390096098591,0.0009934390096098592
22,blocks.0.ln1.bias,0.0035432898439466953,0.07658664882183075,0.04626511145752637,0.9934390096098591,0.0009934390096098592
22,blocks.0.attn.qkv.weight,0.1274343878030777,16.14922332763672,0.007891053657359917,0.9934390096098591,0.0009934390096098592
22,blocks.0.attn.proj.weight,0.05906926468014717,9.296798706054688,0.006353720947154747,0.9934390096098591,0.0009934390096098592
22,blocks.0.ln2.weight,0.006024137604981661,16.059267044067383,0.0003751190878419775,0.9934390096098591,0.0009934390096098592
22,blocks.0.ln2.bias,0.0037049446254968643,0.07448062300682068,0.04974373838290577,0.9934390096098591,0.0009934390096098592
22,blocks.0.mlp.fc.weight,0.14284808933734894,18.740753173828125,0.00762232382083938,0.9934390096098591,0.0009934390096098592
22,blocks.0.mlp.proj.weight,0.12699824571609497,9.700735092163086,0.013091610533585202,0.9934390096098591,0.0009934390096098592
22,blocks.1.ln1.weight,0.004207521677017212,16.003976821899414,0.00026290475947575036,0.9934390096098591,0.0009934390096098592
22,blocks.1.ln1.bias,0.0025639566592872143,0.0778791606426239,0.03292224310197583,0.9934390096098591,0.0009934390096098592
22,blocks.1.attn.qkv.weight,0.11704517155885696,16.135576248168945,0.00725385754798388,0.9934390096098591,0.0009934390096098592
22,blocks.1.attn.proj.weight,0.05498424544930458,9.315509796142578,0.005902440838188682,0.9934390096098591,0.0009934390096098592
22,blocks.1.ln2.weight,0.006186523009091616,16.065813064575195,0.00038507375781263094,0.9934390096098591,0.0009934390096098592
22,blocks.1.ln2.bias,0.003713467391207814,0.07692315429449081,0.04827502752868124,0.9934390096098591,0.0009934390096098592
22,blocks.1.mlp.fc.weight,0.13746406137943268,18.71840476989746,0.007343791475248581,0.9934390096098591,0.0009934390096098592
22,blocks.1.mlp.proj.weight,0.12150836735963821,9.69943618774414,0.012527363962985734,0.9934390096098591,0.0009934390096098592
22,final_norm.weight,0.004296136554330587,16.000802993774414,0.00026849505965430975,0.9934390096098591,0.0009934390096098592
22,final_norm.bias,0.0030031055212020874,0.07813329249620438,0.03843567095690405,0.9934390096098591,0.0009934390096098592
22,lm_head.weight,0.020858991891145706,3.0704619884490967,0.006793437590046466,0.9934390096098591,0.0009934390096098592
23,token_embedding.weight,0.02789156883955002,85.27725982666016,0.0003270692432688835,0.9925955835447487,0.0009925955835447487
23,position_embedding.weight,0.022233419120311737,90.01500701904297,0.0002469968048284209,0.9925955835447487,0.0009925955835447487
23,blocks.0.ln1.weight,0.004799839109182358,16.004924774169922,0.00029989763631556944,0.9925955835447487,0.0009925955835447487
23,blocks.0.ln1.bias,0.0034109100233763456,0.07806339859962463,0.04369410100662787,0.9925955835447487,0.0009925955835447487
23,blocks.0.attn.qkv.weight,0.1251295804977417,16.159011840820312,0.007743640621738771,0.9925955835447487,0.0009925955835447487
23,blocks.0.attn.proj.weight,0.05833718553185463,9.30154800415039,0.006271771699271783,0.9925955835447487,0.0009925955835447487
23,blocks.0.ln2.weight,0.005877389572560787,16.06246566772461,0.00036590830412607547,0.9925955835447487,0.0009925955835447487
23,blocks.0.ln2.bias,0.002948586130514741,0.07566635310649872,0.03896826012383209,0.9925955835447487,0.0009925955835447487
23,blocks.0.mlp.fc.weight,0.13944536447525024,18.75606918334961,0.007434679575560168,0.9925955835447487,0.0009925955835447487
23,blocks.0.mlp.proj.weight,0.12363716959953308,9.726494789123535,0.012711379821821859,0.9925955835447487,0.0009925955835447487
23,blocks.1.ln1.weight,0.00434197299182415,16.005287170410156,0.000271283666803,0.9925955835447487,0.0009925955835447487
23,blocks.1.ln1.bias,0.0027291253209114075,0.07889089733362198,0.03459366559535514,0.9925955835447487,0.0009925955835447487
23,blocks.1.attn.qkv.weight,0.11928250640630722,16.145462036132812,0.007387989649311429,0.9925955835447487,0.0009925955835447487
23,blocks.1.attn.proj.weight,0.05377664417028427,9.319846153259277,0.005770121446851574,0.9925955835447487,0.0009925955835447487
23,blocks.1.ln2.weight,0.006029329728335142,16.06964111328125,0.0003752000238108393,0.9925955835447487,0.0009925955835447487
23,blocks.1.ln2.bias,0.002958526834845543,0.0786382332444191,0.037621990128038456,0.9925955835447487,0.0009925955835447487
23,blocks.1.mlp.fc.weight,0.13377645611763,18.734134674072266,0.007140786507890716,0.9925955835447487,0.0009925955835447487
23,blocks.1.mlp.proj.weight,0.11731303483247757,9.724567413330078,0.012063573611681392,0.9925955835447487,0.0009925955835447487
23,final_norm.weight,0.004343513399362564,16.002613067626953,0.0002714252591752753,0.9925955835447487,0.0009925955835447487
23,final_norm.bias,0.002280548680573702,0.07998497784137726,0.028512212444040116,0.9925955835447487,0.0009925955835447487
23,lm_head.weight,0.02142653614282608,3.074364423751831,0.006969419753000858,0.9925955835447487,0.0009925955835447487
24,token_embedding.weight,0.026498906314373016,85.28006744384766,0.00031072801779643075,0.9917016206459794,0.0009917016206459795
24,position_embedding.weight,0.021691953763365746,90.00787353515625,0.00024100062484970082,0.9917016206459794,0.0009917016206459795
24,blocks.0.ln1.weight,0.004742972552776337,16.006582260131836,0.0002963138836070915,0.9917016206459794,0.0009917016206459795
24,blocks.0.ln1.bias,0.003356607398018241,0.07972157001495361,0.042104130630474634,0.9917016206459794,0.0009917016206459795
24,blocks.0.attn.qkv.weight,0.12327813357114792,16.16905403137207,0.007624325661349725,0.9917016206459794,0.0009917016206459795
24,blocks.0.attn.proj.weight,0.05924629047513008,9.306509017944336,0.006366113261254896,0.9917016206459794,0.0009917016206459795
24,blocks.0.ln2.weight,0.005471056327223778,16.065895080566406,0.00034053853207602016,0.9917016206459794,0.0009917016206459795
24,blocks.0.ln2.bias,0.0032879107166081667,0.07696142047643661,0.0427215440698903,0.9917016206459794,0.0009917016206459795
24,blocks.0.mlp.fc.weight,0.13359113037586212,18.77166175842285,0.007116638478525356,0.9917016206459794,0.0009917016206459795
24,blocks.0.mlp.proj.weight,0.1187729686498642,9.752355575561523,0.012178900546600842,0.9917016206459794,0.0009917016206459795
24,blocks.1.ln1.weight,0.004828786011785269,16.007089614868164,0.00030166545749202,0.9917016206459794,0.0009917016206459795
24,blocks.1.ln1.bias,0.002607479225844145,0.07992006093263626,0.03262609156428614,0.9917016206459794,0.0009917016206459795
24,blocks.1.attn.qkv.weight,0.1194201409816742,16.15604019165039,0.007391671447028485,0.9917016206459794,0.0009917016206459795
24,blocks.1.attn.proj.weight,0.05556672811508179,9.32441234588623,0.005959274006108375,0.9917016206459794,0.0009917016206459795
24,blocks.1.ln2.weight,0.005579413380473852,16.073421478271484,0.0003471204552195634,0.9917016206459794,0.0009917016206459795
24,blocks.1.ln2.bias,0.003193153301253915,0.08020790666341782,0.03981095423190337,0.9917016206459794,0.0009917016206459795
24,blocks.1.mlp.fc.weight,0.12831665575504303,18.749773025512695,0.006843637817931798,0.9917016206459794,0.0009917016206459795
24,blocks.1.mlp.proj.weight,0.11322196573019028,9.749714851379395,0.011612848935182957,0.9917016206459794,0.0009917016206459795
24,final_norm.weight,0.004385706502944231,16.004880905151367,0.00027402306389748667,0.9917016206459794,0.0009917016206459795
24,final_norm.bias,0.0023777452297508717,0.0813550129532814,0.029226782018793102,0.9917016206459794,0.0009917016206459795
24,lm_head.weight,0.020631903782486916,3.0788521766662598,0.006701167382716037,0.9917016206459794,0.0009917016206459795
25,token_embedding.weight,0.025524377822875977,85.28284454345703,0.00029929088270348893,0.9907572229888,0.0009907572229888
25,position_embedding.weight,0.02267604134976864,90.00077819824219,0.0002519538364415084,0.9907572229888,0.0009907572229888
25,blocks.0.ln1.weight,0.005008786451071501,16.008499145507812,0.000312882950834071,0.9907572229888,0.0009907572229888
25,blocks.0.ln1.bias,0.003156592370942235,0.08123327791690826,0.038858365091855404,0.9907572229888,0.0009907572229888
25,blocks.0.attn.qkv.weight,0.12800656259059906,16.179262161254883,0.007911767626655653,0.9907572229888,0.0009907572229888
25,blocks.0.attn.proj.weight,0.05947008728981018,9.31179141998291,0.006386535587790575,0.9907572229888,0.0009907572229888
25,blocks.0.ln2.weight,0.005511992610991001,16.069047927856445,0.00034301924020248655,0.9907572229888,0.0009907572229888
25,blocks.0.ln2.bias,0.0031863688491284847,0.07800661772489548,0.04084741707844514,0.9907572229888,0.0009907572229888
25,blocks.0.mlp.fc.weight,0.13497844338417053,18.786624908447266,0.007184816008301274,0.9907572229888,0.0009907572229888
25,blocks.0.mlp.proj.weight,0.11865420639514923,9.777142524719238,0.01213587774701529,0.9907572229888,0.0009907572229888
25,blocks.1.ln1.weight,0.004999184515327215,16.009735107421875,0.00031225904000181464,0.9907572229888,0.0009907572229888
25,blocks.1.ln1.bias,0.002316883997991681,0.08079874515533447,0.028674752231718805,0.9907572229888,0.0009907572229888
25,blocks.1.attn.qkv.weight,0.12303594499826431,16.16734504699707,0.007610151489969559,0.9907572229888,0.0009907572229888
25,blocks.1.attn.proj.weight,0.05516775697469711,9.329694747924805,0.005913136331385559,0.9907572229888,0.0009907572229888
25,blocks.1.ln2.weight,0.0055717723444104195,16.07681655883789,0.0003465718678830797,0.9907572229888,0.0009907572229888
25,blocks.1.ln2.bias,0.0034022959880530834,0.08150690048933029,0.04174242877088327,0.9907572229888,0.0009907572229888
25,blocks.1.mlp.fc.weight,0.12923964858055115,18.764692306518555,0.006887384374304314,0.9907572229888,0.0009907572229888
25,blocks.1.mlp.proj.weight,0.11195337027311325,9.773639678955078,0.011454624270031508,0.9907572229888,0.0009907572229888
25,final_norm.weight,0.004161121789366007,16.007165908813477,0.0002599536865595084,0.9907572229888,0.0009907572229888
25,final_norm.bias,0.002543880371376872,0.08260757476091385,0.03079475918169342,0.9907572229888,0.0009907572229888
25,lm_head.weight,0.019849028438329697,3.083427906036377,0.006437325289644404,0.9907572229888,0.0009907572229888
26,token_embedding.weight,0.024227537214756012,85.28555297851562,0.0002840755130104968,0.9897624984072447,0.0009897624984072447
26,position_embedding.weight,0.022126205265522003,89.99385070800781,0.0002458635239124503,0.9897624984072447,0.0009897624984072447
26,blocks.0.ln1.weight,0.005250115413218737,16.010896682739258,0.00032790889337749337,0.9897624984072447,0.0009897624984072447
26,blocks.0.ln1.bias,0.002713913330808282,0.08260134607553482,0.03285555816843091,0.9897624984072447,0.0009897624984072447
26,blocks.0.attn.qkv.weight,0.1264653354883194,16.190017700195312,0.007811315455620901,0.9897624984072447,0.0009897624984072447
26,blocks.0.attn.proj.weight,0.059310633689165115,9.31737232208252,0.006365596612318511,0.9897624984072447,0.0009897624984072447
26,blocks.0.ln2.weight,0.0054497807286679745,16.072011947631836,0.00033908515912163973,0.9897624984072447,0.0009897624984072447
26,blocks.0.ln2.bias,0.0031714264769107103,0.07894086092710495,0.040174713571962097,0.9897624984072447,0.0009897624984072447
26,blocks.0.mlp.fc.weight,0.13120056688785553,18.80109977722168,0.00697834533311735,0.9897624984072447,0.0009897624984072447
26,blocks.0.mlp.proj.weight,0.11325601488351822,9.800790786743164,0.011555803745622246,0.9897624984072447,0.0009897624984072447
26,blocks.1.ln1.weight,0.004881095606833696,16.01268196105957,0.0003048268627768591,0.9897624984072447,0.0009897624984072447
26,blocks.1.ln1.bias,0.0018820104887709022,0.08158021420240402,0.0230694477472011,0.9897624984072447,0.0009897624984072447
26,blocks.1.attn.qkv.weight,0.12038610130548477,16.17913246154785,0.007440825494914086,0.9897624984072447,0.0009897624984072447
26,blocks.1.attn.proj.weight,0.053561292588710785,9.335229873657227,0.005737544046970699,0.9897624984072447,0.0009897624984072447
26,blocks.1.ln2.weight,0.005466297268867493,16.080202102661133,0.0003399395874485016,0.9897624984072447,0.0009897624984072447
26,blocks.1.ln2.bias,0.003038401948288083,0.08302506804466248,0.036596199434814194,0.9897624984072447,0.0009897624984072447
26,blocks.1.mlp.fc.weight,0.12443777173757553,18.77931785583496,0.006626320119444839,0.9897624984072447,0.0009897624984072447
26,blocks.1.mlp.proj.weight,0.10670654475688934,9.79655933380127,0.010892247075838827,0.9897624984072447,0.0009897624984072447
26,final_norm.weight,0.0042573995888233185,16.00931739807129,0.00026593261180117274,0.9897624984072447,0.0009897624984072447
26,final_norm.bias,0.0022818867582827806,0.08421104401350021,0.02709723866966742,0.9897624984072447,0.0009897624984072447
26,lm_head.weight,0.019048115238547325,3.0876927375793457,0.006169044933361563,0.9897624984072447,0.0009897624984072447
27,token_embedding.weight,0.025745458900928497,85.28823852539062,0.0003018641180315112,0.9887175604818206,0.0009887175604818205
27,position_embedding.weight,0.0223381370306015,89.98682403564453,0.00024823786448728243,0.9887175604818206,0.0009887175604818205
27,blocks.0.ln1.weight,0.005275256931781769,16.013620376586914,0.00032942312904421365,0.9887175604818206,0.0009887175604818205
27,blocks.0.ln1.bias,0.00288220401853323,0.08386173844337463,0.03436852218899554,0.9887175604818206,0.0009887175604818205
27,blocks.0.attn.qkv.weight,0.1264435201883316,16.20111083984375,0.007804620401544224,0.9887175604818206,0.0009887175604818205
27,blocks.0.attn.proj.weight,0.0584111250936985,9.323211669921875,0.006265129138077555,0.9887175604818206,0.0009887175604818205
27,blocks.0.ln2.weight,0.005508301313966513,16.074968338012695,0.00034266327610366835,0.9887175604818206,0.0009887175604818205
27,blocks.0.ln2.bias,0.002865391317754984,0.08012786507606506,0.035760235406236254,0.9887175604818206,0.0009887175604818205
27,blocks.0.mlp.fc.weight,0.1328687071800232,18.815366744995117,0.007061712321677662,0.9887175604818206,0.0009887175604818205
27,blocks.0.mlp.proj.weight,0.11382654309272766,9.823981285095215,0.011586600156233182,0.9887175604818206,0.0009887175604818205
27,blocks.1.ln1.weight,0.004904645495116711,16.015583038330078,0.00030624208206333304,0.9887175604818206,0.0009887175604818205
27,blocks.1.ln1.bias,0.002195523353293538,0.08234728872776031,0.026661756412227053,0.9887175604818206,0.0009887175604818205
27,blocks.1.attn.qkv.weight,0.12238483875989914,16.190814971923828,0.007558905402360334,0.9887175604818206,0.0009887175604818205
27,blocks.1.attn.proj.weight,0.054012224078178406,9.340778350830078,0.005782411491797444,0.9887175604818206,0.0009887175604818205
27,blocks.1.ln2.weight,0.005604555830359459,16.08357048034668,0.0003484646544874845,0.9887175604818206,0.0009887175604818205
27,blocks.1.ln2.bias,0.002498416928574443,0.08441013097763062,0.02959854344032407,0.9887175604818206,0.0009887175604818205
27,blocks.1.mlp.fc.weight,0.12457259744405746,18.793733596801758,0.006628411369268857,0.9887175604818206,0.0009887175604818205
27,blocks.1.mlp.proj.weight,0.10589472949504852,9.819082260131836,0.01078458522799013,0.9887175604818206,0.0009887175604818205
27,final_norm.weight,0.004374177660793066,16.011842727661133,0.0002731839011406362,0.9887175604818206,0.0009887175604818205
27,final_norm.bias,0.0020713803824037313,0.08572596311569214,0.0241628126077058,0.9887175604818206,0.0009887175604818205
27,lm_head.weight,0.01941063441336155,3.092167615890503,0.006277355183983217,0.9887175604818206,0.0009887175604818205
28,token_embedding.weight,0.023946799337863922,85.29145050048828,0.0002807643579437842,0.987622528526538,0.000987622528526538
28,position_embedding.weight,0.022077526897192,89.97946166992188,0.00024536184688657436,0.987622528526538,0.000987622528526538
28,blocks.0.ln1.weight,0.005226948298513889,16.016464233398438,0.0003263484513400926,0.987622528526538,0.000987622528526538
28,blocks.0.ln1.bias,0.002703872276470065,0.08517275750637054,0.0317457407227432,0.987622528526538,0.000987622528526538
28,blocks.0.attn.qkv.weight,0.12814845144748688,16.21238136291504,0.007904357082335342,0.987622528526538,0.000987622528526538
28,blocks.0.attn.proj.weight,0.05781318619847298,9.329068183898926,0.006197101903301208,0.987622528526538,0.000987622528526538
28,blocks.0.ln2.weight,0.005213012918829918,16.077932357788086,0.000324234037239523,0.987622528526538,0.000987622528526538
28,blocks.0.ln2.bias,0.0024159543681889772,0.08111795037984848,0.029783227471183383,0.987622528526538,0.000987622528526538
28,blocks.0.mlp.fc.weight,0.12758798897266388,18.82939338684082,0.0067760010294236955,0.987622528526538,0.000987622528526538
28,blocks.0.mlp.proj.weight,0.10878030955791473,9.846619606018066,0.0110474776025083,0.987622528526538,0.000987622528526538
28,blocks.1.ln1.weight,0.004889640491455793,16.018312454223633,0.000305253159808742,0.987622528526538,0.000987622528526538
28,blocks.1.ln1.bias,0.0019670987967401743,0.08317669481039047,0.02364963889465338,0.987622528526538,0.000987622528526538
28,blocks.1.attn.qkv.weight,0.12303846329450607,16.202299118041992,0.007593889138701902,0.987622528526538,0.000987622528526538
28,blocks.1.attn.proj.weight,0.05316678807139397,9.346231460571289,0.00568858028989349,0.987622528526538,0.000987622528526538
28,blocks.1.ln2.weight,0.0053802537731826305,16.086929321289062,0.0003344487730211008,0.987622528526538,0.000987622528526538
28,blocks.1.ln2.bias,0.002676295582205057,0.08554662764072418,0.0312846415572755,0.987622528526538,0.000987622528526538
28,blocks.1.mlp.fc.weight,0.11999056488275528,18.807987213134766,0.006379766400465871,0.987622528526538,0.000987622528526538
28,blocks.1.mlp.proj.weight,0.1004696637392044,9.841157913208008,0.010209130330522582,0.987622528526538,0.000987622528526538
28,final_norm.weight,0.004367731977254152,16.01462173461914,0.0002727340083101721,0.987622528526538,0.000987622528526538
28,final_norm.bias,0.0023334205616265535,0.08716144412755966,0.026771247137494084,0.987622528526538,0.000987622528526538
28,lm_head.weight,0.018155932426452637,3.0969157218933105,0.005862585248315081,0.987622528526538,0.000987622528526538
29,token_embedding.weight,0.023027686402201653,85.29450988769531,0.00026997853006625205,0.9864775275752876,0.0009864775275752876
29,position_embedding.weight,0.02264491654932499,89.97228240966797,0.00025168769695333896,0.9864775275752876,0.0009864775275752876
29,blocks.0.ln1.weight,0.005343168042600155,16.01898956298828,0.0003335521270920333,0.9864775275752876,0.0009864775275752876
29,blocks.0.ln1.bias,0.002788971411064267,0.08631371706724167,0.032312029950688374,0.9864775275752876,0.0009864775275752876
29,blocks.0.attn.qkv.weight,0.1304677575826645,16.223169326782227,0.00804206348060931,0.9864775275752876,0.0009864775275752876
29,blocks.0.attn.proj.weight,0.059623152017593384,9.33474063873291,0.006387231774838063,0.9864775275752876,0.0009864775275752876
29,blocks.0.ln2.weight,0.005284422542899847,16.08074378967285,0.00032861804230058104,0.9864775275752876,0.0009864775275752876
29,blocks.0.ln2.bias,0.00276991818100214,0.08174093067646027,0.033886550569529224,0.9864775275752876,0.0009864775275752876
29,blocks.0.mlp.fc.weight,0.1291321963071823,18.843185424804688,0.006852991858647697,0.9864775275752876,0.0009864775275752876
29,blocks.0.mlp.proj.weight,0.10923568159341812,9.868255615234375,0.011069401305816566,0.9864775275752876,0.0009864775275752876
29,blocks.1.ln1.weight,0.004990418907254934,16.020931243896484,0.0003114936848103527,0.9864775275752876,0.0009864775275752876
29,blocks.1.ln1.bias,0.002071700058877468,0.0838947519659996,0.024694036400422056,0.9864775275752876,0.0009864775275752876
29,blocks.1.attn.qkv.weight,0.12305161356925964,16.213687896728516,0.007589366117876277,0.9864775275752876,0.0009864775275752876
29,blocks.1.attn.proj.weight,0.054114870727062225,9.351426124572754,0.005786804066692964,0.9864775275752876,0.0009864775275752876
29,blocks.1.ln2.weight,0.005654704291373491,16.090192794799805,0.00035143794505686015,0.9864775275752876,0.0009864775275752876
29,blocks.1.ln2.bias,0.0031940981280058622,0.08687932789325714,0.036764765628636925,0.9864775275752876,0.0009864775275752876
29,blocks.1.mlp.fc.weight,0.12196390330791473,18.821985244750977,0.006479863931564882,0.9864775275752876,0.0009864775275752876
29,blocks.1.mlp.proj.weight,0.10056823492050171,9.862213134765625,0.010197329295792137,0.9864775275752876,0.0009864775275752876
29,final_norm.weight,0.004241805523633957,16.01755142211914,0.00026482234467972737,0.9864775275752876,0.0009864775275752876
29,final_norm.bias,0.0026735563296824694,0.08914898335933685,0.029989756797069177,0.9864775275752876,0.0009864775275752876
29,lm_head.weight,0.017795490100979805,3.1014041900634766,0.005737881620844088,0.9864775275752876,0.0009864775275752876
30,token_embedding.weight,0.022528840228915215,85.29731750488281,0.0002641213216069227,0.9852826883675633,0.0009852826883675633
30,position_embedding.weight,0.021851886063814163,89.9654312133789,0.00024289202829457779,0.9852826883675633,0.0009852826883675633
30,blocks.0.ln1.weight,0.005580106284469366,16.02178192138672,0.00034828250140019686,0.9852826883675633,0.0009852826883675633
30,blocks.0.ln1.bias,0.0029471584130078554,0.08726246654987335,0.03377349425814917,0.9852826883675633,0.0009852826883675633
30,blocks.0.attn.qkv.weight,0.12946611642837524,16.23407745361328,0.007974959882894456,0.9852826883675633,0.0009852826883675633
30,blocks.0.attn.proj.weight,0.060300592333078384,9.340840339660645,0.006455585379940523,0.9852826883675633,0.0009852826883675633
30,blocks.0.ln2.weight,0.005203633103519678,16.0833797454834,0.0003235410209710842,0.9852826883675633,0.0009852826883675633
30,blocks.0.ln2.bias,0.002837608102709055,0.08238485455513,0.03444332235575837,0.9852826883675633,0.0009852826883675633
30,blocks.0.mlp.fc.weight,0.12346410006284714,18.856475830078125,0.006547570244589499,0.9852826883675633,0.0009852826883675633
30,blocks.0.mlp.proj.weight,0.10476338118314743,9.888895034790039,0.010594043198412933,0.9852826883675633,0.0009852826883675633
30,blocks.1.ln1.weight,0.005179686471819878,16.023666381835938,0.00032325226626604817,0.9852826883675633,0.0009852826883675633
30,blocks.1.ln1.bias,0.002081622602418065,0.08435026556253433,0.024678317116264968,0.9852826883675633,0.0009852826883675633
30,blocks.1.attn.qkv.weight,0.12286119908094406,16.2249755859375,0.007572350320663821,0.9852826883675633,0.0009852826883675633
30,blocks.1.attn.proj.weight,0.05492498353123665,9.356736183166504,0.0058701006906708665,0.9852826883675633,0.0009852826883675633
30,blocks.1.ln2.weight,0.005252898205071688,16.09358787536621,0.00032639696292408206,0.9852826883675633,0.0009852826883675633
30,blocks.1.ln2.bias,0.0028534443117678165,0.08824296295642853,0.0323362250783036,0.9852826883675633,0.0009852826883675633
30,blocks.1.mlp.fc.weight,0.11664773523807526,18.83591651916504,0.006192835645633868,0.9852826883675633,0.0009852826883675633
30,blocks.1.mlp.proj.weight,0.09592325985431671,9.882753372192383,0.009706127052022898,0.9852826883675633,0.0009852826883675633
30,final_norm.weight,0.004356525372713804,16.020219802856445,0.0002719391760116021,0.9852826883675633,0.0009852826883675633
30,final_norm.bias,0.0020869174040853977,0.09134005755186081,0.022847778510295392,0.9852826883675633,0.0009852826883675633
30,lm_head.weight,0.017723916098475456,3.1054811477661133,0.005707301141151417,0.9852826883675633,0.0009852826883675633
31,token_embedding.weight,0.021694906055927277,85.30017852783203,0.00025433599824000765,0.9840381473335341,0.000984038147333534
31,position_embedding.weight,0.02160453423857689,89.95840454101562,0.0002401613762361279,0.9840381473335341,0.000984038147333534
31,blocks.0.ln1.weight,0.005572070367634296,16.02486228942871,0.00034771408745956807,0.9840381473335341,0.000984038147333534
31,blocks.0.ln1.bias,0.0028689836617559195,0.08823404461145401,0.032515608622014476,0.9840381473335341,0.000984038147333534
31,blocks.0.attn.qkv.weight,0.12804202735424042,16.245386123657227,0.007881747246855048,0.9840381473335341,0.000984038147333534
31,blocks.0.attn.proj.weight,0.06030428037047386,9.347233772277832,0.00645156437076804,0.9840381473335341,0.000984038147333534
31,blocks.0.ln2.weight,0.004995081573724747,16.085968017578125,0.0003105241517492764,0.9840381473335341,0.000984038147333534
31,blocks.0.ln2.bias,0.003428142983466387,0.08297522366046906,0.041315260534311796,0.9840381473335341,0.000984038147333534
31,blocks.0.mlp.fc.weight,0.12220735847949982,18.869638442993164,0.006476401699412128,0.9840381473335341,0.000984038147333534
31,blocks.0.mlp.proj.weight,0.1045147031545639,9.909256935119629,0.010547178647083048,0.9840381473335341,0.000984038147333534
31,blocks.1.ln1.weight,0.005392862018197775,16.02686882019043,0.0003364888100540004,0.9840381473335341,0.000984038147333534
31,blocks.1.ln1.bias,0.00206645205616951,0.0849267914891243,0.024332157378273343,0.9840381473335341,0.000984038147333534
31,blocks.1.attn.qkv.weight,0.12284733355045319,16.23687171936035,0.0075659483965723655,0.9840381473335341,0.000984038147333534
31,blocks.1.attn.proj.weight,0.055663734674453735,9.362381935119629,0.005945467196295975,0.9840381473335341,0.000984038147333534
31,blocks.1.ln2.weight,0.005078976508229971,16.09679412841797,0.00031552720794651983,0.9840381473335341,0.000984038147333534
31,blocks.1.ln2.bias,0.0031488128006458282,0.08920133113861084,0.0353000651494489,0.9840381473335341,0.000984038147333534
31,blocks.1.mlp.fc.weight,0.11529024690389633,18.84950828552246,0.006116353018738424,0.9840381473335341,0.000984038147333534
31,blocks.1.mlp.proj.weight,0.09598906338214874,9.902838706970215,0.009693085611358707,0.9840381473335341,0.000984038147333534
31,final_norm.weight,0.004160944372415543,16.023273468017578,0.00025968129300922934,0.9840381473335341,0.000984038147333534
31,final_norm.bias,0.002288262825459242,0.09300963580608368,0.02460242753993201,0.9840381473335341,0.000984038147333534
31,lm_head.weight,0.01758529432117939,3.1100282669067383,0.005654384080137067,0.9840381473335341,0.000984038147333534
32,token_embedding.weight,0.020564770326018333,85.30313110351562,0.00024107872782609444,0.9827440465784664,0.0009827440465784664
32,position_embedding.weight,0.022493332624435425,89.9514389038086,0.00025006084281196304,0.9827440465784664,0.0009827440465784664
32,blocks.0.ln1.weight,0.006018726620823145,16.028139114379883,0.0003755100063626837,0.9827440465784664,0.0009827440465784664
32,blocks.0.ln1.bias,0.0027285986579954624,0.08903884142637253,0.03064503776389694,0.9827440465784664,0.0009827440465784664
32,blocks.0.attn.qkv.weight,0.13262203335762024,16.256933212280273,0.008157875266254472,0.9827440465784664,0.0009827440465784664
32,blocks.0.attn.proj.weight,0.05999460443854332,9.353852272033691,0.006413892660878322,0.9827440465784664,0.0009827440465784664
32,blocks.0.ln2.weight,0.004874690435826778,16.088375091552734,0.00030299457888608973,0.9827440465784664,0.0009827440465784664
32,blocks.0.ln2.bias,0.003233925672248006,0.08346385508775711,0.03874642105626424,0.9827440465784664,0.0009827440465784664
32,blocks.0.mlp.fc.weight,0.12371109426021576,18.882280349731445,0.006551703076581463,0.9827440465784664,0.0009827440465784664
32,blocks.0.mlp.proj.weight,0.10473767668008804,9.928738594055176,0.01054894090401263,0.9827440465784664,0.0009827440465784664
32,blocks.1.ln1.weight,0.005994629114866257,16.03032684326172,0.0003739555140378002,0.9827440465784664,0.0009827440465784664
32,blocks.1.ln1.bias,0.0019238023087382317,0.08542211353778839,0.022521127481406476,0.9827440465784664,0.0009827440465784664
32,blocks.1.attn.qkv.weight,0.12779398262500763,16.249006271362305,0.007864726032522211,0.9827440465784664,0.0009827440465784664
32,blocks.1.attn.proj.weight,0.05559344217181206,9.368313789367676,0.005934199411093644,0.9827440465784664,0.0009827440465784664
32,blocks.1.ln2.weight,0.004790218081325293,16.099836349487305,0.0002975320976773493,0.9827440465784664,0.0009827440465784664
32,blocks.1.ln2.bias,0.002888969611376524,0.09009786695241928,0.03206479475113573,0.9827440465784664,0.0009827440465784664
32,blocks.1.mlp.fc.weight,0.11532379686832428,18.86259651184082,0.0061138877034200845,0.9827440465784664,0.0009827440465784664
32,blocks.1.mlp.proj.weight,0.09593223035335541,9.921950340270996,0.009668686806864784,0.9827440465784664,0.0009827440465784664
32,final_norm.weight,0.00405674334615469,16.02615737915039,0.0002531326287505546,0.9827440465784664,0.0009827440465784664
32,final_norm.bias,0.002550603589043021,0.09478380531072617,0.026909698135188433,0.9827440465784664,0.0009827440465784664
32,lm_head.weight,0.017305999994277954,3.1144001483917236,0.005556768292349721,0.9827440465784664,0.0009827440465784664
33,token_embedding.weight,0.019817814230918884,85.30593872070312,0.00023231459061488546,0.9814005338664973,0.0009814005338664973
33,position_embedding.weight,0.023060182109475136,89.94468688964844,0.0002563818153902411,0.9814005338664973,0.0009814005338664973
33,blocks.0.ln1.weight,0.00628331582993269,16.03190803527832,0.00039192564079745346,0.9814005338664973,0.0009814005338664973
33,blocks.0.ln1.bias,0.0030024240259081125,0.08961889147758484,0.033502133047757746,0.9814005338664973,0.0009814005338664973
33,blocks.0.attn.qkv.weight,0.13782624900341034,16.269521713256836,0.008471438277813503,0.9814005338664973,0.0009814005338664973
33,blocks.0.attn.proj.weight,0.061012543737888336,9.360550880432129,0.006518050541814391,0.9814005338664973,0.0009814005338664973
33,blocks.0.ln2.weight,0.004964309744536877,16.090496063232422,0.00030852434412387454,0.9814005338664973,0.0009814005338664973
33,blocks.0.ln2.bias,0.0031967503018677235,0.08399707823991776,0.038057874973923565,0.9814005338664973,0.0009814005338664973
33,blocks.0.mlp.fc.weight,0.12525910139083862,18.894418716430664,0.00662942339061779,0.9814005338664973,0.0009814005338664973
33,blocks.0.mlp.proj.weight,0.10480958968400955,9.947311401367188,0.010536474174277251,0.9814005338664973,0.0009814005338664973
33,blocks.1.ln1.weight,0.005988665856420994,16.034446716308594,0.0003734875273450854,0.9814005338664973,0.0009814005338664973
33,blocks.1.ln1.bias,0.002428476233035326,0.08599088340997696,0.028241089481880175,0.9814005338664973,0.0009814005338664973
33,blocks.1.attn.qkv.weight,0.13217703998088837,16.2622013092041,0.008127868882429251,0.9814005338664973,0.0009814005338664973
33,blocks.1.attn.proj.weight,0.05718624219298363,9.374821662902832,0.00609998187157731,0.9814005338664973,0.0009814005338664973
33,blocks.1.ln2.weight,0.004909463692456484,16.10247802734375,0.0003048887062053045,0.9814005338664973,0.0009814005338664973
33,blocks.1.ln2.bias,0.0028569146525114775,0.091044582426548,0.03137929326860244,0.9814005338664973,0.0009814005338664973
33,blocks.1.mlp.fc.weight,0.116002157330513,18.874910354614258,0.006145838849091454,0.9814005338664973,0.0009814005338664973
33,blocks.1.mlp.proj.weight,0.0967230349779129,9.939867973327637,0.00973081687175796,0.9814005338664973,0.0009814005338664973
33,final_norm.weight,0.003970985300838947,16.02889060974121,0.00024773924768227066,0.9814005338664973,0.0009814005338664973
33,final_norm.bias,0.002640147227793932,0.09663287550210953,0.027321418451518347,0.9814005338664973,0.0009814005338664973
33,lm_head.weight,0.017002806067466736,3.118630886077881,0.005452009772418023,0.9814005338664973,0.0009814005338664973
34,token_embedding.weight,0.020690957084298134,85.30862426757812,0.00024254238375007498,0.9800077626037633,0.0009800077626037633
34,position_embedding.weight,0.022500572726130486,89.93812561035156,0.0002501783595492288,0.9800077626037633,0.0009800077626037633
34,blocks.0.ln1.weight,0.006278099026530981,16.035812377929688,0.00039150489408140156,0.9800077626037633,0.0009800077626037633
34,blocks.0.ln1.bias,0.002787226578220725,0.08978115022182465,0.03104467442556936,0.9800077626037633,0.0009800077626037633
34,blocks.0.attn.qkv.weight,0.1345679759979248,16.28221893310547,0.008264719725903522,0.9800077626037633,0.0009800077626037633
34,blocks.0.attn.proj.weight,0.05957049876451492,9.367341041564941,0.006359381867296304,0.9800077626037633,0.0009800077626037633
34,blocks.0.ln2.weight,0.004651275463402271,16.09245491027832,0.00028903455000089473,0.9800077626037633,0.0009800077626037633
34,blocks.0.ln2.bias,0.002566367154940963,0.08477455377578735,0.030272847695527186,0.9800077626037633,0.0009800077626037633
34,blocks.0.mlp.fc.weight,0.12192615866661072,18.906097412109375,0.0064490389533543,0.9800077626037633,0.0009800077626037633
34,blocks.0.mlp.proj.weight,0.10190027952194214,9.965243339538574,0.01022556861382677,0.9800077626037633,0.0009800077626037633
34,blocks.1.ln1.weight,0.005990770645439625,16.0384521484375,0.00037352548674860034,0.9800077626037633,0.0009800077626037633
34,blocks.1.ln1.bias,0.002160867676138878,0.08640413731336594,0.02500884498478295,0.9800077626037633,0.0009800077626037633
34,blocks.1.attn.qkv.weight,0.12761366367340088,16.27507781982422,0.007841047833144639,0.9800077626037633,0.0009800077626037633
34,blocks.1.attn.proj.weight,0.05594604089856148,9.381241798400879,0.005963607174914951,0.9800077626037633,0.0009800077626037633
34,blocks.1.ln2.weight,0.00457903603091836,16.105236053466797,0.0002843197091751038,0.9800077626037633,0.0009800077626037633
34,blocks.1.ln2.bias,0.002135391579940915,0.09192240983247757,0.023230369871822254,0.9800077626037633,0.0009800077626037633
34,blocks.1.mlp.fc.weight,0.11255718767642975,18.887231826782227,0.005959432737878344,0.9800077626037633,0.0009800077626037633
34,blocks.1.mlp.proj.weight,0.0934458002448082,9.957435607910156,0.00938452468329956,0.9800077626037633,0.0009800077626037633
34,final_norm.weight,0.003907958976924419,16.031461715698242,0.00024376810088985493,0.9800077626037633,0.0009800077626037633
34,final_norm.bias,0.001989760436117649,0.09856168925762177,0.02018797010364342,0.9800077626037633,0.0009800077626037633
34,lm_head.weight,0.017314236611127853,3.1225244998931885,0.005544948201916293,0.9800077626037633,0.0009800077626037633
35,token_embedding.weight,0.019578810781240463,85.31163787841797,0.00022949753712550933,0.9785658918208835,0.0009785658918208835
35,position_embedding.weight,0.02242857776582241,89.93132781982422,0.00024939671535549227,0.9785658918208835,0.0009785658918208835
35,blocks.0.ln1.weight,0.0062486957758665085,16.039596557617188,0.00038957936089100824,0.9785658918208835,0.0009785658918208835
35,blocks.0.ln1.bias,0.002553665079176426,0.09046811610460281,0.028227238380818608,0.9785658918208835,0.0009785658918208835
35,blocks.0.attn.qkv.weight,0.1345391422510147,16.29505157470703,0.008256441634087024,0.9785658918208835,0.0009785658918208835
35,blocks.0.attn.proj.weight,0.060954850167036057,9.374119758605957,0.0065024612162725625,0.9785658918208835,0.0009785658918208835
35,blocks.0.ln2.weight,0.004564095754176378,16.094329833984375,0.00028358408217400065,0.9785658918208835,0.0009785658918208835
35,blocks.0.ln2.bias,0.002634823089465499,0.08555524796247482,0.030796744234676935,0.9785658918208835,0.0009785658918208835
35,blocks.0.mlp.fc.weight,0.11997506767511368,18.917736053466797,0.0063419358075418935,0.9785658918208835,0.0009785658918208835
35,blocks.0.mlp.proj.weight,0.09959220141172409,9.983054161071777,0.009976125522795113,0.9785658918208835,0.0009785658918208835
35,blocks.1.ln1.weight,0.006766994018107653,16.042537689208984,0.0004218156846007631,0.9785658918208835,0.0009785658918208835
35,blocks.1.ln1.bias,0.002088692504912615,0.08696229010820389,0.02401837051772343,0.9785658918208835,0.0009785658918208835
35,blocks.1.attn.qkv.weight,0.13165873289108276,16.288110733032227,0.00808311872684358,0.9785658918208835,0.0009785658918208835
35,blocks.1.attn.proj.weight,0.057119835168123245,9.387633323669434,0.006084583110430882,0.9785658918208835,0.0009785658918208835
35,blocks.1.ln2.weight,0.004332830663770437,16.107540130615234,0.00026899393877870005,0.9785658918208835,0.0009785658918208835
35,blocks.1.ln2.bias,0.002009138697758317,0.09233159571886063,0.0217600343857823,0.9785658918208835,0.0009785658918208835
35,blocks.1.mlp.fc.weight,0.10975303500890732,18.8987979888916,0.005807408231645871,0.9785658918208835,0.0009785658918208835
35,blocks.1.mlp.proj.weight,0.09004776924848557,9.974518775939941,0.009027780815419936,0.9785658918208835,0.0009785658918208835
35,final_norm.weight,0.0037255859933793545,16.034162521362305,0.0002323530142853128,0.9785658918208835,0.0009785658918208835
35,final_norm.bias,0.0016631251201033592,0.09955896437168121,0.016704925875662458,0.9785658918208835,0.0009785658918208835
35,lm_head.weight,0.016627112403512,3.126906394958496,0.005317432088889689,0.9785658918208835,0.0009785658918208835
36,token_embedding.weight,0.018581954762339592,85.31458282470703,0.00021780514124436482,0.9770750861548009,0.000977075086154801
36,position_embedding.weight,0.02269432693719864,89.92467498779297,0.00025237040823643876,0.9770750861548009,0.000977075086154801
36,blocks.0.ln1.weight,0.006432256195694208,16.04327964782715,0.0004009315013445504,0.9770750861548009,0.000977075086154801
36,blocks.0.ln1.bias,0.002404257655143738,0.09117890894412994,0.026368572326200816,0.9770750861548009,0.000977075086154801
36,blocks.0.attn.qkv.weight,0.1370348483324051,16.307676315307617,0.008403088562885287,0.9770750861548009,0.000977075086154801
36,blocks.0.attn.proj.weight,0.06217729672789574,9.38117790222168,0.006627877370619322,0.9770750861548009,0.000977075086154801
36,blocks.0.ln2.weight,0.004468456842005253,16.095975875854492,0.0002776132914505724,0.9770750861548009,0.000977075086154801
36,blocks.0.ln2.bias,0.0023277325090020895,0.08622946590185165,0.026994629789596204,0.9770750861548009,0.000977075086154801
36,blocks.0.mlp.fc.weight,0.12050074338912964,18.92888069152832,0.006365972999293813,0.9770750861548009,0.000977075086154801
36,blocks.0.mlp.proj.weight,0.09918098151683807,9.999991416931152,0.009918106664462049,0.9770750861548009,0.000977075086154801
36,blocks.1.ln1.weight,0.0066827223636209965,16.047462463378906,0.00041643483378577017,0.9770750861548009,0.000977075086154801
36,blocks.1.ln1.bias,0.002007277449592948,0.08736873418092728,0.0229747800330174,0.9770750861548009,0.000977075086154801
36,blocks.1.attn.qkv.weight,0.13161443173885345,16.302135467529297,0.008073447310077623,0.9770750861548009,0.000977075086154801
36,blocks.1.attn.proj.weight,0.05784284695982933,9.394689559936523,0.006156972680235535,0.9770750861548009,0.000977075086154801
36,blocks.1.ln2.weight,0.004184596240520477,16.109542846679688,0.0002597588448254879,0.9770750861548009,0.000977075086154801
36,blocks.1.ln2.bias,0.0018990562530234456,0.09270446747541428,0.020485056488853685,0.9770750861548009,0.000977075086154801
36,blocks.1.mlp.fc.weight,0.10927696526050568,18.90968132019043,0.005778889840085334,0.9770750861548009,0.000977075086154801
36,blocks.1.mlp.proj.weight,0.08856233209371567,9.990507125854492,0.008864648308444306,0.9770750861548009,0.000977075086154801
36,final_norm.weight,0.003769629169255495,16.036752700805664,0.00023506187565428251,0.9770750861548009,0.000977075086154801
36,final_norm.bias,0.001683037611655891,0.10053467005491257,0.016740867709814596,0.9770750861548009,0.000977075086154801
36,lm_head.weight,0.016109133139252663,3.1311287879943848,0.005144832496515122,0.9770750861548009,0.000977075086154801
37,token_embedding.weight,0.01740950532257557,85.31719970703125,0.00020405622057870467,0.975535515829984,0.000975535515829984
37,position_embedding.weight,0.02279476635158062,89.91822814941406,0.0002535055107369674,0.975535515829984,0.000975535515829984
37,blocks.0.ln1.weight,0.006752122659236193,16.047086715698242,0.0004207693757042163,0.975535515829984,0.000975535515829984
37,blocks.0.ln1.bias,0.002694087103009224,0.09191729128360748,0.029309905300270493,0.975535515829984,0.000975535515829984
37,blocks.0.attn.qkv.weight,0.13776449859142303,16.320587158203125,0.008441148425359857,0.975535515829984,0.000975535515829984
37,blocks.0.attn.proj.weight,0.06342099606990814,9.38837718963623,0.006755267155213089,0.975535515829984,0.000975535515829984
37,blocks.0.ln2.weight,0.0045234402641654015,16.09748077392578,0.0002810029921881972,0.975535515829984,0.000975535515829984
37,blocks.0.ln2.bias,0.0029301198665052652,0.08674386143684387,0.03377898813744689,0.975535515829984,0.000975535515829984
37,blocks.0.mlp.fc.weight,0.11948953568935394,18.939632415771484,0.006308968044693722,0.975535515829984,0.000975535515829984
37,blocks.0.mlp.proj.weight,0.09741636365652084,10.016300201416016,0.00972578314323479,0.975535515829984,0.000975535515829984
37,blocks.1.ln1.weight,0.006543926429003477,16.052265167236328,0.0004076637384709811,0.975535515829984,0.000975535515829984
37,blocks.1.ln1.bias,0.0021163837518543005,0.08766885846853256,0.02414065597295081,0.975535515829984,0.000975535515829984
37,blocks.1.attn.qkv.weight,0.1286277323961258,16.31610870361328,0.007883480965509422,0.975535515829984,0.000975535515829984
37,blocks.1.attn.proj.weight,0.058600619435310364,9.401819229125977,0.006232902165760087,0.975535515829984,0.000975535515829984
37,blocks.1.ln2.weight,0.004205186851322651,16.111478805541992,0.00026100564088976733,0.975535515829984,0.000975535515829984
37,blocks.1.ln2.bias,0.002584116067737341,0.09304932504892349,0.02777146493379605,0.975535515829984,0.000975535515829984
37,blocks.1.mlp.fc.weight,0.10742166638374329,18.920316696166992,0.005677582891913212,0.975535515829984,0.000975535515829984
37,blocks.1.mlp.proj.weight,0.08685063570737839,10.0060396194458,0.008679821288992664,0.975535515829984,0.000975535515829984
37,final_norm.weight,0.0038428627885878086,16.03938102722168,0.00023958921993720008,0.975535515829984,0.000975535515829984
37,final_norm.bias,0.0019327044719830155,0.10166214406490326,0.019011053620216045,0.975535515829984,0.000975535515829984
37,lm_head.weight,0.01588587835431099,3.135225534439087,0.00506690130576141,0.975535515829984,0.000975535515829984
38,token_embedding.weight,0.01821729727089405,85.31979370117188,0.00021351783074744616,0.97394735663899,0.00097394735663899
38,position_embedding.weight,0.022587332874536514,89.9117660522461,0.0002512166523501627,0.97394735663899,0.00097394735663899
38,blocks.0.ln1.weight,0.0070224544033408165,16.051504135131836,0.00043749509978758774,0.97394735663899,0.00097394735663899
38,blocks.0.ln1.bias,0.0036844834685325623,0.09263010323047638,0.039776307485324576,0.97394735663899,0.00097394735663899
38,blocks.0.attn.qkv.weight,0.13438735902309418,16.334484100341797,0.00822721784156464,0.97394735663899,0.00097394735663899
38,blocks.0.attn.proj.weight,0.06284930557012558,9.395975112915039,0.006688960412818751,0.97394735663899,0.00097394735663899
38,blocks.0.ln2.weight,0.004552553873509169,16.098852157592773,0.00028278748254494313,0.97394735663899,0.00097394735663899
38,blocks.0.ln2.bias,0.003584288526326418,0.08711543679237366,0.04114412621069533,0.97394735663899,0.00097394735663899
38,blocks.0.mlp.fc.weight,0.1184149980545044,18.95002555847168,0.006248804134280457,0.97394735663899,0.00097394735663899
38,blocks.0.mlp.proj.weight,0.09770520776510239,10.032098770141602,0.00973925895306088,0.97394735663899,0.00097394735663899
38,blocks.1.ln1.weight,0.006497901864349842,16.05696678161621,0.00040467804117206956,0.97394735663899,0.00097394735663899
38,blocks.1.ln1.bias,0.0029566946905106306,0.08794031292200089,0.0336216075680725,0.97394735663899,0.00097394735663899
38,blocks.1.attn.qkv.weight,0.12707258760929108,16.330219268798828,0.007781437929132605,0.97394735663899,0.00097394735663899
38,blocks.1.attn.proj.weight,0.057863999158144,9.408939361572266,0.00614989606527431,0.97394735663899,0.00097394735663899
38,blocks.1.ln2.weight,0.004152806010097265,16.11343002319336,0.00025772327829143386,0.97394735663899,0.00097394735663899
38,blocks.1.ln2.bias,0.0029415974859148264,0.09333308041095734,0.03151720132809379,0.97394735663899,0.00097394735663899
38,blocks.1.mlp.fc.weight,0.10575410723686218,18.93088722229004,0.005586325986472371,0.97394735663899,0.00097394735663899
38,blocks.1.mlp.proj.weight,0.08538331091403961,10.021258354187012,0.008520218509121345,0.97394735663899,0.00097394735663899
38,final_norm.weight,0.003968231379985809,16.042219161987305,0.00024736174839129797,0.97394735663899,0.00097394735663899
38,final_norm.bias,0.0016811146633699536,0.10274311155080795,0.016362310212128,0.97394735663899,0.00097394735663899
38,lm_head.weight,0.0160354096442461,3.1392621994018555,0.005108018580702283,0.97394735663899,0.00097394735663899
39,token_embedding.weight,0.017674077302217484,85.32256317138672,0.00020714423764691065,0.9723107899223922,0.0009723107899223921
39,position_embedding.weight,0.02268107794225216,89.90522766113281,0.00025227763203871214,0.9723107899223922,0.0009723107899223921
39,blocks.0.ln1.weight,0.006962053943425417,16.056198120117188,0.0004336053834999746,0.9723107899223922,0.0009723107899223921
39,blocks.0.ln1.bias,0.003536846488714218,0.09376227855682373,0.03772142212321584,0.9723107899223922,0.0009723107899223921
39,blocks.0.attn.qkv.weight,0.13621294498443604,16.349143981933594,0.008331503174413783,0.9723107899223922,0.0009723107899223921
39,blocks.0.attn.proj.weight,0.06539648026227951,9.403730392456055,0.006954312547575323,0.9723107899223922,0.0009723107899223921
39,blocks.0.ln2.weight,0.0045663402415812016,16.100173950195312,0.0002836205531509505,0.9723107899223922,0.0009723107899223921
39,blocks.0.ln2.bias,0.0036651436239480972,0.08768080919981003,0.041800978541998185,0.9723107899223922,0.0009723107899223921
39,blocks.0.mlp.fc.weight,0.11823999881744385,18.960268020629883,0.006236198701874128,0.9723107899223922,0.0009723107899223921
39,blocks.0.mlp.proj.weight,0.0974569171667099,10.047650337219238,0.009699473398839645,0.9723107899223922,0.0009723107899223921
39,blocks.1.ln1.weight,0.006584035232663155,16.061477661132812,0.00040992711701710107,0.9723107899223922,0.0009723107899223921
39,blocks.1.ln1.bias,0.002816380700096488,0.08830240368843079,0.03189472293417976,0.9723107899223922,0.0009723107899223921
39,blocks.1.attn.qkv.weight,0.13040342926979065,16.343971252441406,0.007978686896570714,0.9723107899223922,0.0009723107899223921
39,blocks.1.attn.proj.weight,0.05922022834420204,9.416171073913574,0.00628920480302855,0.9723107899223922,0.0009723107899223921
39,blocks.1.ln2.weight,0.004293930716812611,16.115222930908203,0.0002664518347168997,0.9723107899223922,0.0009723107899223921
39,blocks.1.ln2.bias,0.003322060452774167,0.09345024824142456,0.03554897408251097,0.9723107899223922,0.0009723107899223921
39,blocks.1.mlp.fc.weight,0.10701015591621399,18.9410457611084,0.00564964349201521,0.9723107899223922,0.0009723107899223921
39,blocks.1.mlp.proj.weight,0.08498753607273102,10.036185264587402,0.008468111521675509,0.9723107899223922,0.0009723107899223921
39,final_norm.weight,0.00406638253480196,16.045307159423828,0.00025343126774693214,0.9723107899223922,0.0009723107899223921
39,final_norm.bias,0.002174580004066229,0.10333645343780518,0.021043687214928403,0.9723107899223922,0.0009723107899223921
39,lm_head.weight,0.015229886397719383,3.143676519393921,0.004844609903009599,0.9723107899223922,0.0009723107899223921
40,token_embedding.weight,0.016557473689317703,85.3250732421875,0.00019405167860003612,0.970626002548074,0.000970626002548074
40,position_embedding.weight,0.02318555861711502,89.89879608154297,0.0002579073316630874,0.970626002548074,0.000970626002548074
40,blocks.0.ln1.weight,0.0067723835818469524,16.060930252075195,0.0004216682020004095,0.970626002548074,0.000970626002548074
40,blocks.0.ln1.bias,0.0031642683316022158,0.09490526467561722,0.033341336145937,0.970626002548074,0.000970626002548074
40,blocks.0.attn.qkv.weight,0.13597553968429565,16.363813400268555,0.008309526414060417,0.970626002548074,0.000970626002548074
40,blocks.0.attn.proj.weight,0.06628396362066269,9.411669731140137,0.007042742203473598,0.970626002548074,0.000970626002548074
40,blocks.0.ln2.weight,0.004726021084934473,16.101259231567383,0.0002935187252726521,0.970626002548074,0.000970626002548074
40,blocks.0.ln2.bias,0.0031146311666816473,0.08787500858306885,0.035443878946559884,0.970626002548074,0.000970626002548074
40,blocks.0.mlp.fc.weight,0.1200534999370575,18.97016143798828,0.00632854392565372,0.970626002548074,0.000970626002548074
40,blocks.0.mlp.proj.weight,0.09773745387792587,10.062475204467773,0.009713062829165571,0.970626002548074,0.000970626002548074
40,blocks.1.ln1.weight,0.006607206538319588,16.066143035888672,0.0004112503245838126,0.970626002548074,0.000970626002548074
40,blocks.1.ln1.bias,0.0027445827145129442,0.08849004656076431,0.031015722345645726,0.970626002548074,0.000970626002548074
40,blocks.1.attn.qkv.weight,0.129409059882164,16.357908248901367,0.00791110072957204,0.970626002548074,0.000970626002548074
40,blocks.1.attn.proj.weight,0.06074913591146469,9.423450469970703,0.006446591522398813,0.970626002548074,0.000970626002548074
40,blocks.1.ln2.weight,0.004595829639583826,16.11707878112793,0.0002851527688109935,0.970626002548074,0.000970626002548074
40,blocks.1.ln2.bias,0.002984322840347886,0.09387852251529694,0.031789196936176954,0.970626002548074,0.000970626002548074
40,blocks.1.mlp.fc.weight,0.10942045599222183,18.951284408569336,0.005773775203475847,0.970626002548074,0.000970626002548074
40,blocks.1.mlp.proj.weight,0.0863722413778305,10.050577163696289,0.008593759340489148,0.970626002548074,0.000970626002548074
40,final_norm.weight,0.003991401754319668,16.048458099365234,0.00024870936071280837,0.970626002548074,0.000970626002548074
40,final_norm.bias,0.0022452494595199823,0.10443759709596634,0.02149847872730501,0.970626002548074,0.000970626002548074
40,lm_head.weight,0.015196076594293118,3.1477723121643066,0.004827565366009576,0.970626002548074,0.000970626002548074
41,token_embedding.weight,0.016835510730743408,85.3271484375,0.00019730544192596338,0.9688931868898919,0.0009688931868898919
41,position_embedding.weight,0.022391006350517273,89.89273834228516,0.00024908581898193654,0.9688931868898919,0.0009688931868898919
41,blocks.0.ln1.weight,0.006696849130094051,16.065690994262695,0.00041684164923159436,0.9688931868898919,0.0009688931868898919
41,blocks.0.ln1.bias,0.0024382455740123987,0.09599408507347107,0.025399956383988,0.9688931868898919,0.0009688931868898919
41,blocks.0.attn.qkv.weight,0.13536520302295685,16.37826156616211,0.008264931078070973,0.9688931868898919,0.0009688931868898919
41,blocks.0.attn.proj.weight,0.06441312283277512,9.420086860656738,0.006837848077791249,0.9688931868898919,0.0009688931868898919
41,blocks.0.ln2.weight,0.004524779971688986,16.10230255126953,0.00028100204658817345,0.9688931868898919,0.0009688931868898919
41,blocks.0.ln2.bias,0.0020352029241621494,0.0882192850112915,0.02306981884832309,0.9688931868898919,0.0009688931868898919
41,blocks.0.mlp.fc.weight,0.1158670037984848,18.979833602905273,0.006104742866699461,0.9688931868898919,0.0009688931868898919
41,blocks.0.mlp.proj.weight,0.09504679590463638,10.076817512512207,0.009432223595059552,0.9688931868898919,0.0009688931868898919
41,blocks.1.ln1.weight,0.006778277922421694,16.07080841064453,0.0004217757905651882,0.9688931868898919,0.0009688931868898919
41,blocks.1.ln1.bias,0.0020745459478348494,0.08846680074930191,0.023449994011767963,0.9688931868898919,0.0009688931868898919
41,blocks.1.attn.qkv.weight,0.1309054046869278,16.371644973754883,0.007995861435840572,0.9688931868898919,0.0009688931868898919
41,blocks.1.attn.proj.weight,0.058898501098155975,9.431124687194824,0.006245119543178088,0.9688931868898919,0.0009688931868898919
41,blocks.1.ln2.weight,0.004400594625622034,16.119237899780273,0.0002730026477046875,0.9688931868898919,0.0009688931868898919
41,blocks.1.ln2.bias,0.00217830715700984,0.09451749920845032,0.02304660168994444,0.9688931868898919,0.0009688931868898919
41,blocks.1.mlp.fc.weight,0.1062304824590683,18.96190643310547,0.0056023102336163625,0.9688931868898919,0.0009688931868898919
41,blocks.1.mlp.proj.weight,0.08357887715101242,10.064958572387695,0.008303946464349612,0.9688931868898919,0.0009688931868898919
41,final_norm.weight,0.004156752489507198,16.051498413085938,0.0002589635174569222,0.9688931868898919,0.0009688931868898919
41,final_norm.bias,0.0018689439166337252,0.10590800642967224,0.017646861456665625,0.9688931868898919,0.0009688931868898919
41,lm_head.weight,0.015310680493712425,3.151564121246338,0.004858121207336472,0.9688931868898919,0.0009688931868898919
42,token_embedding.weight,0.016475331038236618,85.32923126220703,0.00019307956716039788,0.9671125408057097,0.0009671125408057098
42,position_embedding.weight,0.022125646471977234,89.88661193847656,0.00024615063350169456,0.9671125408057097,0.0009671125408057098
42,blocks.0.ln1.weight,0.007163345813751221,16.070499420166016,0.0004457450653189952,0.9671125408057097,0.0009671125408057098
42,blocks.0.ln1.bias,0.002788080368191004,0.09690551459789276,0.02877112184720662,0.9671125408057097,0.0009671125408057098
42,blocks.0.attn.qkv.weight,0.13783282041549683,16.392690658569336,0.00840818772746351,0.9671125408057097,0.0009671125408057098
42,blocks.0.attn.proj.weight,0.06417040526866913,9.428659439086914,0.006805888544732154,0.9671125408057097,0.0009671125408057098
42,blocks.0.ln2.weight,0.004108681343495846,16.10327911376953,0.00025514563303956865,0.9671125408057097,0.0009671125408057098
42,blocks.0.ln2.bias,0.0030293224845081568,0.08846442401409149,0.0342433980465568,0.9671125408057097,0.0009671125408057098
42,blocks.0.mlp.fc.weight,0.11264791339635849,18.989395141601562,0.005932148578527702,0.9671125408057097,0.0009671125408057098
42,blocks.0.mlp.proj.weight,0.09338279813528061,10.090968132019043,0.009254097021569617,0.9671125408057097,0.0009671125408057098
42,blocks.1.ln1.weight,0.007131015881896019,16.075857162475586,0.0004435854219046471,0.9671125408057097,0.0009671125408057098
42,blocks.1.ln1.bias,0.0020025568082928658,0.08866500109434128,0.022585651424506505,0.9671125408057097,0.0009671125408057098
42,blocks.1.attn.qkv.weight,0.13198912143707275,16.386043548583984,0.008054971967194038,0.9671125408057097,0.0009671125408057098
42,blocks.1.attn.proj.weight,0.058886781334877014,9.439203262329102,0.006238533030630024,0.9671125408057097,0.0009671125408057098
42,blocks.1.ln2.weight,0.004128617700189352,16.121253967285156,0.0002560978016081935,0.9671125408057097,0.0009671125408057098
42,blocks.1.ln2.bias,0.002660068916156888,0.0950896218419075,0.027974334786517986,0.9671125408057097,0.0009671125408057098
42,blocks.1.mlp.fc.weight,0.10160744935274124,18.972278594970703,0.005355574389450019,0.9671125408057097,0.0009671125408057098
42,blocks.1.mlp.proj.weight,0.08156874775886536,10.079014778137207,0.008092928679476816,0.9671125408057097,0.0009671125408057098
42,final_norm.weight,0.0038741277530789375,16.054872512817383,0.0002413054198957851,0.9671125408057097,0.0009671125408057098
42,final_norm.bias,0.0019338327692821622,0.107106514275074,0.0180552301823359,0.9671125408057097,0.0009671125408057098
42,lm_head.weight,0.014757919125258923,3.15580153465271,0.004676440822783973,0.9671125408057097,0.0009671125408057098
43,token_embedding.weight,0.016371287405490875,85.33159637451172,0.0001918549294875343,0.9652842676148067,0.0009652842676148067
43,position_embedding.weight,0.023186875507235527,89.88055419921875,0.0002579743273037897,0.9652842676148067,0.0009652842676148067
43,blocks.0.ln1.weight,0.007754148915410042,16.07602882385254,0.00048234231229446863,0.9652842676148067,0.0009652842676148067
43,blocks.0.ln1.bias,0.0038574805948883295,0.09756749868392944,0.039536532624917714,0.9652842676148067,0.0009652842676148067
43,blocks.0.attn.qkv.weight,0.14359734952449799,16.4083309173584,0.00875149034034762,0.9652842676148067,0.0009652842676148067
43,blocks.0.attn.proj.weight,0.06962012499570847,9.437628746032715,0.0073768662520198435,0.9652842676148067,0.0009652842676148067
43,blocks.0.ln2.weight,0.004278616514056921,16.103958129882812,0.00026568726020947443,0.9652842676148067,0.0009652842676148067
43,blocks.0.ln2.bias,0.0040685394778847694,0.08869011700153351,0.04587365103790029,0.9652842676148067,0.0009652842676148067
43,blocks.0.mlp.fc.weight,0.1171782910823822,18.99823760986328,0.00616785059165387,0.9652842676148067,0.0009652842676148067
43,blocks.0.mlp.proj.weight,0.09746085852384567,10.104025840759277,0.009645745177202776,0.9652842676148067,0.0009652842676148067
43,blocks.1.ln1.weight,0.008153763599693775,16.081295013427734,0.0005070340164075686,0.9652842676148067,0.0009652842676148067
43,blocks.1.ln1.bias,0.0029216164257377386,0.0887015238404274,0.03293761255963022,0.9652842676148067,0.0009652842676148067
43,blocks.1.attn.qkv.weight,0.13535475730895996,16.40098762512207,0.008252841865548588,0.9652842676148067,0.0009652842676148067
43,blocks.1.attn.proj.weight,0.06220598891377449,9.447556495666504,0.006584346856491533,0.9652842676148067,0.0009652842676148067
43,blocks.1.ln2.weight,0.004241896327584982,16.122953414916992,0.0002630967303831634,0.9652842676148067,0.0009652842676148067
43,blocks.1.ln2.bias,0.003499816171824932,0.09541752934455872,0.03667896450294993,0.9652842676148067,0.0009652842676148067
43,blocks.1.mlp.fc.weight,0.10495169460773468,18.981956481933594,0.005529024087038591,0.9652842676148067,0.0009652842676148067
43,blocks.1.mlp.proj.weight,0.08274434506893158,10.091958045959473,0.008199037757796845,0.9652842676148067,0.0009652842676148067
43,final_norm.weight,0.00400124303996563,16.05797576904297,0.00024917480867539315,0.9652842676148067,0.0009652842676148067
43,final_norm.bias,0.0023544819559901953,0.1082502156496048,0.021750367348825145,0.9652842676148067,0.0009652842676148067
43,lm_head.weight,0.014481088146567345,3.1598410606384277,0.004582853336185504,0.9652842676148067,0.0009652842676148067
44,token_embedding.weight,0.015696877613663673,85.3335952758789,0.00018394721988352106,0.9634085760746612,0.0009634085760746613
44,position_embedding.weight,0.023702174425125122,89.87461853027344,0.000263724896002101,0.9634085760746612,0.0009634085760746613
44,blocks.0.ln1.weight,0.007518248166888952,16.081972122192383,0.0004674954109958721,0.9634085760746612,0.0009634085760746613
44,blocks.0.ln1.bias,0.0027968059293925762,0.09790972620248795,0.028565149120935263,0.9634085760746612,0.0009634085760746613
44,blocks.0.attn.qkv.weight,0.14894384145736694,16.424774169921875,0.009068242882152598,0.9634085760746612,0.0009634085760746613
44,blocks.0.attn.proj.weight,0.06952062249183655,9.447096824645996,0.007358940400659467,0.9634085760746612,0.0009634085760746613
44,blocks.0.ln2.weight,0.004557838197797537,16.10451889038086,0.0002830161042885687,0.9634085760746612,0.0009634085760746613
44,blocks.0.ln2.bias,0.002379180397838354,0.08891931921243668,0.026756619583731968,0.9634085760746612,0.0009634085760746613
44,blocks.0.mlp.fc.weight,0.11922816187143326,19.006731033325195,0.006272944130286261,0.9634085760746612,0.0009634085760746613
44,blocks.0.mlp.proj.weight,0.09549099206924438,10.116456031799316,0.00943917432834934,0.9634085760746612,0.0009634085760746613
44,blocks.1.ln1.weight,0.007777713239192963,16.088027954101562,0.000483447272803227,0.9634085760746612,0.0009634085760746613
44,blocks.1.ln1.bias,0.002142285695299506,0.08886176347732544,0.024108070911984972,0.9634085760746612,0.0009634085760746613
44,blocks.1.attn.qkv.weight,0.14161930978298187,16.418052673339844,0.008625828689960242,0.9634085760746612,0.0009634085760746613
44,blocks.1.attn.proj.weight,0.06244466081261635,9.457070350646973,0.006602960377506107,0.9634085760746612,0.0009634085760746613
44,blocks.1.ln2.weight,0.004170908126980066,16.124582290649414,0.00025866766976025807,0.9634085760746612,0.0009634085760746613
44,blocks.1.ln2.bias,0.0019386231433600187,0.09596429765224457,0.02020150400480187,0.9634085760746612,0.0009634085760746613
44,blocks.1.mlp.fc.weight,0.1051865816116333,18.991315841674805,0.005538667382952206,0.9634085760746612,0.0009634085760746613
44,blocks.1.mlp.proj.weight,0.08234550803899765,10.104290008544922,0.00814955904564815,0.9634085760746612,0.0009634085760746613
44,final_norm.weight,0.003949086647480726,16.06121253967285,0.0002458772423144161,0.9634085760746612,0.0009634085760746613
44,final_norm.bias,0.002043653978034854,0.10976046323776245,0.018619217865264322,0.9634085760746612,0.0009634085760746613
44,lm_head.weight,0.014457265846431255,3.1638946533203125,0.0045694523460996644,0.9634085760746612,0.0009634085760746613
45,token_embedding.weight,0.017013108357787132,85.33552551269531,0.0001993672419027396,0.9614856803571156,0.0009614856803571156
45,position_embedding.weight,0.0226164311170578,89.8688735961914,0.0002516603381353165,0.9614856803571156,0.0009614856803571156
45,blocks.0.ln1.weight,0.007489459589123726,16.08747100830078,0.000465546112577848,0.9614856803571156,0.0009614856803571156
45,blocks.0.ln1.bias,0.0029976011719554663,0.09794188290834427,0.030605917334977806,0.9614856803571156,0.0009614856803571156
45,blocks.0.attn.qkv.weight,0.1457301676273346,16.44081687927246,0.00886392499213668,0.9614856803571156,0.0009614856803571156
45,blocks.0.attn.proj.weight,0.06609123200178146,9.456350326538086,0.006989084553720218,0.9614856803571156,0.0009614856803571156
45,blocks.0.ln2.weight,0.004279837477952242,16.105112075805664,0.00026574403567060405,0.9614856803571156,0.0009614856803571156
45,blocks.0.ln2.bias,0.001852812129072845,0.0893516093492508,0.020736192023245795,0.9614856803571156,0.0009614856803571156
45,blocks.0.mlp.fc.weight,0.11220571398735046,19.01512336730957,0.00590086700043432,0.9614856803571156,0.0009614856803571156
45,blocks.0.mlp.proj.weight,0.09078073501586914,10.128730773925781,0.008962696022048041,0.9614856803571156,0.0009614856803571156
45,blocks.1.ln1.weight,0.007254779804497957,16.094026565551758,0.00045077468804642726,0.9614856803571156,0.0009614856803571156
45,blocks.1.ln1.bias,0.002193510765209794,0.0888974517583847,0.024674619145967025,0.9614856803571156,0.0009614856803571156
45,blocks.1.attn.qkv.weight,0.13382825255393982,16.434141159057617,0.008143306745310067,0.9614856803571156,0.0009614856803571156
45,blocks.1.attn.proj.weight,0.05916939675807953,9.46609115600586,0.006250668389193848,0.9614856803571156,0.0009614856803571156
45,blocks.1.ln2.weight,0.0038272724486887455,16.126338958740234,0.00023733052235108728,0.9614856803571156,0.0009614856803571156
45,blocks.1.ln2.bias,0.0014753618743270636,0.09619500488042831,0.015337198393467737,0.9614856803571156,0.0009614856803571156
45,blocks.1.mlp.fc.weight,0.09933365881443024,19.000810623168945,0.0052278642624489354,0.9614856803571156,0.0009614856803571156
45,blocks.1.mlp.proj.weight,0.07787300646305084,10.116571426391602,0.007697568986652135,0.9614856803571156,0.0009614856803571156
45,final_norm.weight,0.003979877568781376,16.06421661376953,0.0002477480019392763,0.9614856803571156,0.0009614856803571156
45,final_norm.bias,0.0013144670519977808,0.11126425117254257,0.011813920806850734,0.9614856803571156,0.0009614856803571156
45,lm_head.weight,0.014839802868664265,3.1676313877105713,0.004684826310988525,0.9614856803571156,0.0009614856803571156
46,token_embedding.weight,0.01671479642391205,85.33799743652344,0.0001958658150649099,0.95951580002392,0.00095951580002392
46,position_embedding.weight,0.02207552269101143,89.86294555664062,0.00024565767963945695,0.95951580002392,0.00095951580002392
46,blocks.0.ln1.weight,0.007723503280431032,16.092973709106445,0.0004799301496441329,0.95951580002392,0.00095951580002392
46,blocks.0.ln1.bias,0.0027695726603269577,0.09826476126909256,0.028184800171797628,0.95951580002392,0.00095951580002392
46,blocks.0.attn.qkv.weight,0.14675374329090118,16.457263946533203,0.008917262539366795,0.95951580002392,0.00095951580002392
46,blocks.0.attn.proj.weight,0.06609483808279037,9.465713500976562,0.006982552142103656,0.95951580002392,0.00095951580002392
46,blocks.0.ln2.weight,0.004003907088190317,16.105575561523438,0.0002486037877314666,0.95951580002392,0.00095951580002392
46,blocks.0.ln2.bias,0.0026669695507735014,0.08975743502378464,0.029713076694282466,0.95951580002392,0.00095951580002392
46,blocks.0.mlp.fc.weight,0.1105879545211792,19.023401260375977,0.0058132587862465,0.95951580002392,0.00095951580002392
46,blocks.0.mlp.proj.weight,0.09141930937767029,10.140832901000977,0.009014970493068424,0.95951580002392,0.00095951580002392
46,blocks.1.ln1.weight,0.00784185528755188,16.099634170532227,0.0004870828246460805,0.95951580002392,0.00095951580002392
46,blocks.1.ln1.bias,0.0030585008207708597,0.08919335156679153,0.03429068161483136,0.95951580002392,0.00095951580002392
46,blocks.1.attn.qkv.weight,0.1380772590637207,16.449975967407227,0.008393766613233263,0.95951580002392,0.00095951580002392
46,blocks.1.attn.proj.weight,0.05933200567960739,9.474771499633789,0.006262104123766402,0.95951580002392,0.00095951580002392
46,blocks.1.ln2.weight,0.003740326501429081,16.12769889831543,0.00023191941547343335,0.95951580002392,0.00095951580002392
46,blocks.1.ln2.bias,0.0020891076419502497,0.0962471216917038,0.02170566355864976,0.95951580002392,0.00095951580002392
46,blocks.1.mlp.fc.weight,0.09729336947202682,19.00969886779785,0.005118091041243964,0.95951580002392,0.00095951580002392
46,blocks.1.mlp.proj.weight,0.07657857239246368,10.128475189208984,0.007560720736527447,0.95951580002392,0.00095951580002392
46,final_norm.weight,0.004009577911347151,16.067415237426758,0.0002495471643757087,0.95951580002392,0.00095951580002392
46,final_norm.bias,0.0014148816699162126,0.11202887445688248,0.012629616041069311,0.95951580002392,0.00095951580002392
46,lm_head.weight,0.0143872806802392,3.171912908554077,0.004535837236083867,0.95951580002392,0.00095951580002392
47,token_embedding.weight,0.01576339080929756,85.34049224853516,0.0001847117399251696,0.9574991600016629,0.000957499160001663
47,position_embedding.weight,0.02220628596842289,89.85704040527344,0.00024712906043052166,0.9574991600016629,0.000957499160001663
47,blocks.0.ln1.weight,0.007747805677354336,16.098949432373047,0.0004812615698869115,0.9574991600016629,0.000957499160001663
47,blocks.0.ln1.bias,0.002035149373114109,0.09844561666250229,0.020672828736199283,0.9574991600016629,0.000957499160001663
47,blocks.0.attn.qkv.weight,0.14301373064517975,16.474763870239258,0.008680775747172766,0.9574991600016629,0.000957499160001663
47,blocks.0.attn.proj.weight,0.06406775861978531,9.475399017333984,0.006761483975775066,0.9574991600016629,0.000957499160001663
47,blocks.0.ln2.weight,0.00416573928669095,16.106225967407227,0.0002586415523487959,0.9574991600016629,0.000957499160001663
47,blocks.0.ln2.bias,0.0019049156690016389,0.09026197344064713,0.021104298924210153,0.9574991600016629,0.000957499160001663
47,blocks.0.mlp.fc.weight,0.1106659546494484,19.03188133239746,0.005814766954282071,0.9574991600016629,0.000957499160001663
47,blocks.0.mlp.proj.weight,0.09053455293178558,10.152981758117676,0.008917040834766694,0.9574991600016629,0.000957499160001663
47,blocks.1.ln1.weight,0.007937025278806686,16.105653762817383,0.0004928098787973547,0.9574991600016629,0.000957499160001663
47,blocks.1.ln1.bias,0.0026307657826691866,0.08961337804794312,0.029356842024550966,0.9574991600016629,0.000957499160001663
47,blocks.1.attn.qkv.weight,0.1364327222108841,16.466617584228516,0.0082854126849675,0.9574991600016629,0.000957499160001663
47,blocks.1.attn.proj.weight,0.058993469923734665,9.483820915222168,0.006220432719162798,0.9574991600016629,0.000957499160001663
47,blocks.1.ln2.weight,0.0038368075620383024,16.129087448120117,0.0002378812548682197,0.9574991600016629,0.000957499160001663
47,blocks.1.ln2.bias,0.0016111325239762664,0.09652992337942123,0.01669049831964381,0.9574991600016629,0.000957499160001663
47,blocks.1.mlp.fc.weight,0.09744440019130707,19.018543243408203,0.005123652161165184,0.9574991600016629,0.000957499160001663
47,blocks.1.mlp.proj.weight,0.07534416764974594,10.140203475952148,0.0074302421867983096,0.9574991600016629,0.000957499160001663
47,final_norm.weight,0.004037471488118172,16.070663452148438,0.00025123240867682805,0.9574991600016629,0.000957499160001663
47,final_norm.bias,0.0015641514910385013,0.11293861269950867,0.013849572379522033,0.9574991600016629,0.000957499160001663
47,lm_head.weight,0.013977968133985996,3.176180839538574,0.0044008728848110145,0.9574991600016629,0.000957499160001663
48,token_embedding.weight,0.015173963271081448,85.3426742553711,0.00017780041935030279,0.9554359905560885,0.0009554359905560886
48,position_embedding.weight,0.022453714162111282,89.85116577148438,0.0002498989742572384,0.9554359905560885,0.0009554359905560886
48,blocks.0.ln1.weight,0.008116465993225574,16.105045318603516,0.0005039703914306562,0.9554359905560885,0.0009554359905560886
48,blocks.0.ln1.bias,0.002534472616389394,0.09873804450035095,0.025668653143669628,0.9554359905560885,0.0009554359905560886
48,blocks.0.attn.qkv.weight,0.14398522675037384,16.492450714111328,0.00873037180745782,0.9554359905560885,0.0009554359905560886
48,blocks.0.attn.proj.weight,0.06580526381731033,9.485342025756836,0.006937574168502669,0.9554359905560885,0.0009554359905560886
48,blocks.0.ln2.weight,0.004161348566412926,16.10682487487793,0.0002583593351724578,0.9554359905560885,0.0009554359905560886
48,blocks.0.ln2.bias,0.0023003024980425835,0.09071369469165802,0.02535783054406624,0.9554359905560885,0.0009554359905560886
48,blocks.0.mlp.fc.weight,0.11027638614177704,19.040210723876953,0.005791762903310813,0.9554359905560885,0.0009554359905560886
48,blocks.0.mlp.proj.weight,0.08969412744045258,10.16481876373291,0.008823977045263583,0.9554359905560885,0.0009554359905560886
48,blocks.1.ln1.weight,0.008038763888180256,16.112031936645508,0.0004989292424313188,0.9554359905560885,0.0009554359905560886
48,blocks.1.ln1.bias,0.002579895779490471,0.0900764986872673,0.028641164088969065,0.9554359905560885,0.0009554359905560886
48,blocks.1.attn.qkv.weight,0.13778582215309143,16.48386573791504,0.008358829436238233,0.9554359905560885,0.0009554359905560886
48,blocks.1.attn.proj.weight,0.059725694358348846,9.493354797363281,0.006291315939748822,0.9554359905560885,0.0009554359905560886
48,blocks.1.ln2.weight,0.0037471577525138855,16.130706787109375,0.00023229966311880031,0.9554359905560885,0.0009554359905560886
48,blocks.1.ln2.bias,0.0019152722088620067,0.09697892516851425,0.019749365189542033,0.9554359905560885,0.0009554359905560886
48,blocks.1.mlp.fc.weight,0.09670170396566391,19.0277099609375,0.005082151460379645,0.9554359905560885,0.0009554359905560886
48,blocks.1.mlp.proj.weight,0.07509271800518036,10.152172088623047,0.007396714451809287,0.9554359905560885,0.0009554359905560886
48,final_norm.weight,0.0042089056223630905,16.07400894165039,0.00026184541999705284,0.9554359905560885,0.0009554359905560886
48,final_norm.bias,0.0016021707560867071,0.11413117498159409,0.014037976532976646,0.9554359905560885,0.0009554359905560886
48,lm_head.weight,0.013759054243564606,3.1804041862487793,0.0043261967466433245,0.9554359905560885,0.0009554359905560886
49,token_embedding.weight,0.016163237392902374,85.3448486328125,0.00018938738133385022,0.953326527265804,0.000953326527265804
49,position_embedding.weight,0.022444024682044983,89.84516906738281,0.0002498078073091719,0.953326527265804,0.000953326527265804
49,blocks.0.ln1.weight,0.008259960450232029,16.111501693725586,0.0005126747715545505,0.953326527265804,0.000953326527265804
49,blocks.0.ln1.bias,0.002523549133911729,0.09921184927225113,0.02543596508277275,0.953326527265804,0.000953326527265804
49,blocks.0.attn.qkv.weight,0.14276202023029327,16.510862350463867,0.008646551415666899,0.953326527265804,0.000953326527265804
49,blocks.0.attn.proj.weight,0.0643615797162056,9.495526313781738,0.006778095030160138,0.953326527265804,0.000953326527265804
49,blocks.0.ln2.weight,0.004210514947772026,16.10735321044922,0.0002614032791582608,0.953326527265804,0.000953326527265804
49,blocks.0.ln2.bias,0.0022442301269620657,0.09118171036243439,0.024612722420065996,0.953326527265804,0.000953326527265804
49,blocks.0.mlp.fc.weight,0.11040505766868591,19.048267364501953,0.005796068248938443,0.953326527265804,0.000953326527265804
49,blocks.0.mlp.proj.weight,0.09083021432161331,10.176509857177734,0.008925477948369467,0.953326527265804,0.000953326527265804
49,blocks.1.ln1.weight,0.00813299510627985,16.11857032775879,0.0005045729826467929,0.953326527265804,0.000953326527265804
49,blocks.1.ln1.bias,0.0030136946588754654,0.09040659666061401,0.03333489778578357,0.953326527265804,0.000953326527265804
49,blocks.1.attn.qkv.weight,0.13722072541713715,16.50157928466797,0.008315611678733324,0.953326527265804,0.000953326527265804
49,blocks.1.attn.proj.weight,0.060682643204927444,9.503213882446289,0.006385486421284282,0.953326527265804,0.000953326527265804
49,blocks.1.ln2.weight,0.003574992064386606,16.132339477539062,0.00022160406860789286,0.953326527265804,0.000953326527265804
49,blocks.1.ln2.bias,0.001943469513207674,0.09722558408975601,0.01998928092212361,0.953326527265804,0.000953326527265804
49,blocks.1.mlp.fc.weight,0.09574133157730103,19.03677749633789,0.005029282482064718,0.953326527265804,0.000953326527265804
49,blocks.1.mlp.proj.weight,0.07436136156320572,10.163846015930176,0.007316262116392659,0.953326527265804,0.000953326527265804
49,final_norm.weight,0.004139542579650879,16.07748031616211,0.0002574745854603404,0.953326527265804,0.000953326527265804
49,final_norm.bias,0.0013892283895984292,0.11525068432092667,0.012053970852944651,0.953326527265804,0.000953326527265804
49,lm_head.weight,0.014245284721255302,3.1845591068267822,0.004473236088070408,0.953326527265804,0.000953326527265804
50,token_embedding.weight,0.015942806378006935,85.34732055664062,0.0001867991434766406,0.9511710109953803,0.0009511710109953803
50,position_embedding.weight,0.022155705839395523,89.83910369873047,0.0002466153927102054,0.9511710109953803,0.0009511710109953803
50,blocks.0.ln1.weight,0.00833841972053051,16.118247985839844,0.0005173279209908817,0.9511710109953803,0.0009511710109953803
50,blocks.0.ln1.bias,0.00266967061907053,0.0997098982334137,0.0267743791373074,0.9511710109953803,0.0009511710109953803
50,blocks.0.attn.qkv.weight,0.14941498637199402,16.52989387512207,0.009039077171382118,0.9511710109953803,0.0009511710109953803
50,blocks.0.attn.proj.weight,0.06812577694654465,9.505828857421875,0.007166737163939876,0.9511710109953803,0.0009511710109953803
50,blocks.0.ln2.weight,0.004184880759567022,16.10776710510254,0.00025980514445364045,0.9511710109953803,0.0009511710109953803
50,blocks.0.ln2.bias,0.0026312924455851316,0.09171735495328903,0.028689144457954986,0.9511710109953803,0.0009511710109953803
50,blocks.0.mlp.fc.weight,0.109110988676548,19.05597686767578,0.005725814500836468,0.9511710109953803,0.0009511710109953803
50,blocks.0.mlp.proj.weight,0.08956025540828705,10.187567710876465,0.008791132284957657,0.9511710109953803,0.0009511710109953803
50,blocks.1.ln1.weight,0.007537975907325745,16.12508201599121,0.00046746899642742176,0.9511710109953803,0.0009511710109953803
50,blocks.1.ln1.bias,0.002789968391880393,0.0910247415304184,0.03065065986391621,0.9511710109953803,0.0009511710109953803
50,blocks.1.attn.qkv.weight,0.13484160602092743,16.51946258544922,0.008162590358096234,0.9511710109953803,0.0009511710109953803
50,blocks.1.attn.proj.weight,0.0616692379117012,9.513240814208984,0.0064824636647046185,0.9511710109953803,0.0009511710109953803
50,blocks.1.ln2.weight,0.0036340979859232903,16.13374137878418,0.0002252483103951259,0.9511710109953803,0.0009511710109953803
50,blocks.1.ln2.bias,0.0024929852224886417,0.09750472009181976,0.025567841434911465,0.9511710109953803,0.0009511710109953803
50,blocks.1.mlp.fc.weight,0.09537545591592789,19.0452823638916,0.005007825775098376,0.9511710109953803,0.0009511710109953803
50,blocks.1.mlp.proj.weight,0.07390211522579193,10.175037384033203,0.007263080462166439,0.9511710109953803,0.0009511710109953803
50,final_norm.weight,0.004127576947212219,16.08092498779297,0.00025667534363509606,0.9511710109953803,0.0009511710109953803
50,final_norm.bias,0.001666698488406837,0.11595995724201202,0.014373051939938306,0.9511710109953803,0.0009511710109953803
50,lm_head.weight,0.01359772402793169,3.1889357566833496,0.004264031973497556,0.9511710109953803,0.0009511710109953803
51,token_embedding.weight,0.016109364107251167,85.34951782226562,0.00018874581272735014,0.9489696878678501,0.0009489696878678501
51,position_embedding.weight,0.023477783426642418,89.83322143554688,0.0002613485640553021,0.9489696878678501,0.0009489696878678501
51,blocks.0.ln1.weight,0.008623683825135231,16.124908447265625,0.0005348051341399743,0.9489696878678501,0.0009489696878678501
51,blocks.0.ln1.bias,0.0035108146257698536,0.10016104578971863,0.03505169697514462,0.9489696878678501,0.0009489696878678501
51,blocks.0.attn.qkv.weight,0.15645207464694977,16.54881477355957,0.009453974607106454,0.9489696878678501,0.0009489696878678501
51,blocks.0.attn.proj.weight,0.06997784227132797,9.51637077331543,0.00735341696306573,0.9489696878678501,0.0009489696878678501
51,blocks.0.ln2.weight,0.004379487130790949,16.10805320739746,0.00027188183912748947,0.9489696878678501,0.0009489696878678501
51,blocks.0.ln2.bias,0.003187252441421151,0.09205940365791321,0.0346216933278229,0.9489696878678501,0.0009489696878678501
51,blocks.0.mlp.fc.weight,0.11497114598751068,19.063440322875977,0.006030975733668608,0.9489696878678501,0.0009489696878678501
51,blocks.0.mlp.proj.weight,0.09541931748390198,10.198208808898926,0.00935647811021775,0.9489696878678501,0.0009489696878678501
51,blocks.1.ln1.weight,0.007911590859293938,16.130943298339844,0.0004904605213079938,0.9489696878678501,0.0009489696878678501
51,blocks.1.ln1.bias,0.0030728508718311787,0.09156186878681183,0.03356037739850301,0.9489696878678501,0.0009489696878678501
51,blocks.1.attn.qkv.weight,0.13966622948646545,16.536603927612305,0.008445883453327845,0.9489696878678501,0.0009489696878678501
51,blocks.1.attn.proj.weight,0.06351053714752197,9.523209571838379,0.006669026515527486,0.9489696878678501,0.0009489696878678501
51,blocks.1.ln2.weight,0.003759796964004636,16.134939193725586,0.0002330220720922506,0.9489696878678501,0.0009489696878678501
51,blocks.1.ln2.bias,0.0028293034993112087,0.09775394201278687,0.028943114119246195,0.9489696878678501,0.0009489696878678501
51,blocks.1.mlp.fc.weight,0.1012887954711914,19.053388595581055,0.0053160515234900235,0.9489696878678501,0.0009489696878678501
51,blocks.1.mlp.proj.weight,0.07828236371278763,10.185440063476562,0.007685712470439896,0.9489696878678501,0.0009489696878678501
51,final_norm.weight,0.004123781342059374,16.084312438964844,0.00025638530448271474,0.9489696878678501,0.0009489696878678501
51,final_norm.bias,0.0017603758024051785,0.11669395118951797,0.01508540746496052,0.9489696878678501,0.0009489696878678501
51,lm_head.weight,0.013804610818624496,3.193138599395752,0.004323210655883357,0.9489696878678501,0.0009489696878678501
52,token_embedding.weight,0.015937522053718567,85.35147857666016,0.00018672813077753273,0.946722809236604,0.000946722809236604
52,position_embedding.weight,0.02285551093518734,89.82742309570312,0.0002544380117732708,0.946722809236604,0.000946722809236604
52,blocks.0.ln1.weight,0.008840967901051044,16.13174819946289,0.0005480477250038443,0.946722809236604,0.000946722809236604
52,blocks.0.ln1.bias,0.004052361007779837,0.10113038122653961,0.04007065887215608,0.946722809236604,0.000946722809236604
52,blocks.0.attn.qkv.weight,0.15366683900356293,16.568143844604492,0.009274837329082951,0.946722809236604,0.000946722809236604
52,blocks.0.attn.proj.weight,0.06850238889455795,9.527368545532227,0.007190063926589083,0.946722809236604,0.000946722809236604
52,blocks.0.ln2.weight,0.0041970666497945786,16.108257293701172,0.0002605537379537327,0.946722809236604,0.000946722809236604
52,blocks.0.ln2.bias,0.0031731112394481897,0.09234277158975601,0.03436231320314664,0.946722809236604,0.000946722809236604
52,blocks.0.mlp.fc.weight,0.11050677299499512,19.070655822753906,0.005794597418256566,0.946722809236604,0.000946722809236604
52,blocks.0.mlp.proj.weight,0.0919104516506195,10.208545684814453,0.009003285530409128,0.946722809236604,0.000946722809236604
52,blocks.1.ln1.weight,0.00790418405085802,16.137165069580078,0.0004898124309180915,0.946722809236604,0.000946722809236604
52,blocks.1.ln1.bias,0.0036050272174179554,0.09171289205551147,0.039307747652277895,0.946722809236604,0.000946722809236604
52,blocks.1.attn.qkv.weight,0.13888432085514069,16.55419921875,0.008389673159051146,0.946722809236604,0.000946722809236604
52,blocks.1.attn.proj.weight,0.06034813076257706,9.533738136291504,0.006329954724983178,0.946722809236604,0.000946722809236604
52,blocks.1.ln2.weight,0.003549113404005766,16.136394500732422,0.00021994463533005803,0.946722809236604,0.000946722809236604
52,blocks.1.ln2.bias,0.002624827902764082,0.09778878092765808,0.026841810255094887,0.946722809236604,0.000946722809236604
52,blocks.1.mlp.fc.weight,0.09689996391534805,19.061872482299805,0.005083444137259911,0.946722809236604,0.000946722809236604
52,blocks.1.mlp.proj.weight,0.0745544284582138,10.196110725402832,0.007312045785503272,0.946722809236604,0.000946722809236604
52,final_norm.weight,0.004141908138990402,16.087583541870117,0.0002574599303997563,0.946722809236604,0.000946722809236604
52,final_norm.bias,0.0015023262239992619,0.11748882383108139,0.012786971347559255,0.946722809236604,0.000946722809236604
52,lm_head.weight,0.013377527706325054,3.1971852779388428,0.004184157796117802,0.946722809236604,0.000946722809236604
53,token_embedding.weight,0.016390370205044746,85.35346984863281,0.00019202933675820674,0.9444306316566914,0.0009444306316566914
53,position_embedding.weight,0.022778188809752464,89.82159423828125,0.0002535936820418216,0.9444306316566914,0.0009444306316566914
53,blocks.0.ln1.weight,0.008583986200392246,16.13890266418457,0.0005318816513740606,0.9444306316566914,0.0009444306316566914
53,blocks.0.ln1.bias,0.0034846803173422813,0.1023285910487175,0.034053828764721385,0.9444306316566914,0.0009444306316566914
53,blocks.0.attn.qkv.weight,0.15406739711761475,16.588253021240234,0.009287740964665277,0.9444306316566914,0.0009444306316566914
53,blocks.0.attn.proj.weight,0.0695427805185318,9.538532257080078,0.007290721323179007,0.9444306316566914,0.0009444306316566914
53,blocks.0.ln2.weight,0.003845726139843464,16.108381271362305,0.00023874069498716228,0.9444306316566914,0.0009444306316566914
53,blocks.0.ln2.bias,0.003173437900841236,0.09271062910556793,0.03422949376379994,0.9444306316566914,0.0009444306316566914
53,blocks.0.mlp.fc.weight,0.11061818152666092,19.077680587768555,0.005798303468691931,0.9444306316566914,0.0009444306316566914
53,blocks.0.mlp.proj.weight,0.09358536452054977,10.218843460083008,0.009158117049752754,0.9444306316566914,0.0009444306316566914
53,blocks.1.ln1.weight,0.008401919156312943,16.143470764160156,0.0005204530846591788,0.9444306316566914,0.0009444306316566914
53,blocks.1.ln1.bias,0.003208155045285821,0.09202130138874054,0.03486317838190776,0.9444306316566914,0.0009444306316566914
53,blocks.1.attn.qkv.weight,0.14266477525234222,16.5721435546875,0.008608709837779574,0.9444306316566914,0.0009444306316566914
53,blocks.1.attn.proj.weight,0.06247337535023689,9.544240951538086,0.006545662003657038,0.9444306316566914,0.0009444306316566914
53,blocks.1.ln2.weight,0.0035963328555226326,16.137651443481445,0.00022285354644805476,0.9444306316566914,0.0009444306316566914
53,blocks.1.ln2.bias,0.002584773115813732,0.09771987795829773,0.02645084265138298,0.9444306316566914,0.0009444306316566914
53,blocks.1.mlp.fc.weight,0.0969720408320427,19.07000732421875,0.005085055248452051,0.9444306316566914,0.0009444306316566914
53,blocks.1.mlp.proj.weight,0.07724840939044952,10.20645809173584,0.00756858145069835,0.9444306316566914,0.0009444306316566914
53,final_norm.weight,0.004044150933623314,16.090972900390625,0.00025133041728787496,0.9444306316566914,0.0009444306316566914
53,final_norm.bias,0.001851228647865355,0.1179315522313118,0.015697483945760708,0.9444306316566914,0.0009444306316566914
53,lm_head.weight,0.01367934700101614,3.2014336585998535,0.004272881608608603,0.9444306316566914,0.0009444306316566914
54,token_embedding.weight,0.016132285818457603,85.35576629638672,0.0001890005387853958,0.9420934168555253,0.0009420934168555253
54,position_embedding.weight,0.023515984416007996,89.8155517578125,0.000261825307040573,0.9420934168555253,0.0009420934168555253
54,blocks.0.ln1.weight,0.008760367520153522,16.145917892456055,0.0005425747596701291,0.9420934168555253,0.0009420934168555253
54,blocks.0.ln1.bias,0.003131777048110962,0.10333992540836334,0.03030558649723198,0.9420934168555253,0.0009420934168555253
54,blocks.0.attn.qkv.weight,0.1593446135520935,16.608448028564453,0.009594190455244893,0.9420934168555253,0.0009420934168555253
54,blocks.0.attn.proj.weight,0.07209337502717972,9.5495023727417,0.007549437888298454,0.9420934168555253,0.0009420934168555253
54,blocks.0.ln2.weight,0.003938823472708464,16.108646392822266,0.0002445161049946004,0.9420934168555253,0.0009420934168555253
54,blocks.0.ln2.bias,0.0024056558031588793,0.09330390393733978,0.02578301337475295,0.9420934168555253,0.0009420934168555253
54,blocks.0.mlp.fc.weight,0.11500184237957001,19.08469581604004,0.006025867191601181,0.9420934168555253,0.0009420934168555253
54,blocks.0.mlp.proj.weight,0.09522964805364609,10.228960037231445,0.009309807420013295,0.9420934168555253,0.0009420934168555253
54,blocks.1.ln1.weight,0.008782810531556606,16.150320053100586,0.0005438165003962206,0.9420934168555253,0.0009420934168555253
54,blocks.1.ln1.bias,0.0028969699051231146,0.09234381467103958,0.0313715641422411,0.9420934168555253,0.0009420934168555253
54,blocks.1.attn.qkv.weight,0.1456371694803238,16.590768814086914,0.008778204983283066,0.9420934168555253,0.0009420934168555253
54,blocks.1.attn.proj.weight,0.06442993879318237,9.555256843566895,0.006742878799386045,0.9420934168555253,0.0009420934168555253
54,blocks.1.ln2.weight,0.003506362671032548,16.1389102935791,0.00021726142640667286,0.9420934168555253,0.0009420934168555253
54,blocks.1.ln2.bias,0.0021641061175614595,0.0975111797451973,0.02219341539292426,0.9420934168555253,0.0009420934168555253
54,blocks.1.mlp.fc.weight,0.09895234555006027,19.077985763549805,0.005186729184959996,0.9420934168555253,0.0009420934168555253
54,blocks.1.mlp.proj.weight,0.07598620653152466,10.216446876525879,0.0074376353589337574,0.9420934168555253,0.0009420934168555253
54,final_norm.weight,0.004109990783035755,16.094173431396484,0.0002553713491752076,0.9420934168555253,0.0009420934168555253
54,final_norm.bias,0.0017680906457826495,0.11833494156599045,0.014941408026822896,0.9420934168555253,0.0009420934168555253
54,lm_head.weight,0.013443763367831707,3.205629348754883,0.004193798441809651,0.9420934168555253,0.0009420934168555253
55,token_embedding.weight,0.015258545987308025,85.3580093383789,0.00017875939358917613,0.9397114317029974,0.0009397114317029974
55,position_embedding.weight,0.0236445814371109,89.80946350097656,0.0002632749435904774,0.9397114317029974,0.0009397114317029974
55,blocks.0.ln1.weight,0.008916134014725685,16.15298080444336,0.0005519807224851332,0.9397114317029974,0.0009397114317029974
55,blocks.0.ln1.bias,0.003220423124730587,0.1039939597249031,0.030967405541808934,0.9397114317029974,0.0009397114317029974
55,blocks.0.attn.qkv.weight,0.16018633544445038,16.629018783569336,0.009632939713960535,0.9397114317029974,0.0009397114317029974
55,blocks.0.attn.proj.weight,0.07307620346546173,9.56059741973877,0.007643476684268837,0.9397114317029974,0.0009397114317029974
55,blocks.0.ln2.weight,0.003924442455172539,16.109086990356445,0.00024361669022717592,0.9397114317029974,0.0009397114317029974
55,blocks.0.ln2.bias,0.0020623502787202597,0.09368740767240524,0.02201310005192611,0.9397114317029974,0.0009397114317029974
55,blocks.0.mlp.fc.weight,0.11391662806272507,19.09197425842285,0.005966728559382079,0.9397114317029974,0.0009397114317029974
55,blocks.0.mlp.proj.weight,0.09477473795413971,10.239234924316406,0.009256037062794301,0.9397114317029974,0.0009397114317029974
55,blocks.1.ln1.weight,0.008926753886044025,16.15773582458496,0.000552475543786332,0.9397114317029974,0.0009397114317029974
55,blocks.1.ln1.bias,0.0027977260760962963,0.09292592853307724,0.030107055374435466,0.9397114317029974,0.0009397114317029974
55,blocks.1.attn.qkv.weight,0.14732018113136292,16.610488891601562,0.008869105665266764,0.9397114317029974,0.0009397114317029974
55,blocks.1.attn.proj.weight,0.06457239389419556,9.566851615905762,0.00674959709700434,0.9397114317029974,0.0009397114317029974
55,blocks.1.ln2.weight,0.0036369848530739546,16.14020347595215,0.0002253369889972329,0.9397114317029974,0.0009397114317029974
55,blocks.1.ln2.bias,0.0017590586794540286,0.09744442254304886,0.0180519175292856,0.9397114317029974,0.0009397114317029974
55,blocks.1.mlp.fc.weight,0.09784981608390808,19.085994720458984,0.005126786291050061,0.9397114317029974,0.0009397114317029974
55,blocks.1.mlp.proj.weight,0.07382965832948685,10.226099014282227,0.007219728483595341,0.9397114317029974,0.0009397114317029974
55,final_norm.weight,0.004152501001954079,16.09745216369629,0.00025796013926469255,0.9397114317029974,0.0009397114317029974
55,final_norm.bias,0.0016857621958479285,0.11909802258014679,0.014154409614142363,0.9397114317029974,0.0009397114317029974
55,lm_head.weight,0.013152169063687325,3.2098333835601807,0.00409746161001526,0.9397114317029974,0.0009397114317029974
56,token_embedding.weight,0.016012703999876976,85.35987091064453,0.0001875905367363902,0.9372849481810073,0.0009372849481810073
56,position_embedding.weight,0.02305874414741993,89.80352783203125,0.00025676880078195604,0.9372849481810073,0.0009372849481810073
56,blocks.0.ln1.weight,0.008519232273101807,16.160186767578125,0.000527174122157626,0.9372849481810073,0.0009372849481810073
56,blocks.0.ln1.bias,0.0035286969505250454,0.1043093129992485,0.033829164904159985,0.9372849481810073,0.0009372849481810073
56,blocks.0.attn.qkv.weight,0.1551159769296646,16.650012969970703,0.009316267633509732,0.9372849481810073,0.0009372849481810073
56,blocks.0.attn.proj.weight,0.07105596363544464,9.571730613708496,0.007423523133180522,0.9372849481810073,0.0009372849481810073
56,blocks.0.ln2.weight,0.00365635403431952,16.109695434570312,0.00022696605588663123,0.9372849481810073,0.0009372849481810073
56,blocks.0.ln2.bias,0.0021386139560490847,0.09415888786315918,0.02271282089837778,0.9372849481810073,0.0009372849481810073
56,blocks.0.mlp.fc.weight,0.10934890061616898,19.099523544311523,0.005725216148060982,0.9372849481810073,0.0009372849481810073
56,blocks.0.mlp.proj.weight,0.09263152629137039,10.249735832214355,0.009037454994715626,0.9372849481810073,0.0009372849481810073
56,blocks.1.ln1.weight,0.008929867297410965,16.16522216796875,0.0005524122838908376,0.9372849481810073,0.0009372849481810073
56,blocks.1.ln1.bias,0.0032615759409964085,0.09361699968576431,0.03483956922257073,0.9372849481810073,0.0009372849481810073
56,blocks.1.attn.qkv.weight,0.1463165283203125,16.630510330200195,0.00879807807548756,0.9372849481810073,0.0009372849481810073
56,blocks.1.attn.proj.weight,0.0637972354888916,9.578311920166016,0.0066605928080674965,0.9372849481810073,0.0009372849481810073
56,blocks.1.ln2.weight,0.0033049543853849173,16.141803741455078,0.00020474504821892928,0.9372849481810073,0.0009372849481810073
56,blocks.1.ln2.bias,0.001976268133148551,0.09737684577703476,0.020295051840694727,0.9372849481810073,0.0009372849481810073
56,blocks.1.mlp.fc.weight,0.09360203146934509,19.094337463378906,0.004902083230112584,0.9372849481810073,0.0009372849481810073
56,blocks.1.mlp.proj.weight,0.07185403257608414,10.236212730407715,0.007019591568532703,0.9372849481810073,0.0009372849481810073
56,final_norm.weight,0.004222110379487276,16.10082244873047,0.0002622294850422329,0.9372849481810073,0.0009372849481810073
56,final_norm.bias,0.001266874955035746,0.11997129768133163,0.010559817052160808,0.9372849481810073,0.0009372849481810073
56,lm_head.weight,0.013960633426904678,3.213873863220215,0.004343864762916413,0.9372849481810073,0.0009372849481810073
57,token_embedding.weight,0.01555437408387661,85.36184692382812,0.00018221693466586114,0.9348142433524058,0.0009348142433524058
57,position_embedding.weight,0.02314605377614498,89.79767608642578,0.00025775782609193363,0.9348142433524058,0.0009348142433524058
57,blocks.0.ln1.weight,0.008242497220635414,16.167261123657227,0.0005098264423139566,0.9348142433524058,0.0009348142433524058
57,blocks.0.ln1.bias,0.0027965367771685123,0.1050572544336319,0.026619168683001865,0.9348142433524058,0.0009348142433524058
57,blocks.0.attn.qkv.weight,0.1538119912147522,16.6711368560791,0.009226244889151379,0.9348142433524058,0.0009348142433524058
57,blocks.0.attn.proj.weight,0.07237111032009125,9.582961082458496,0.0075520613824215784,0.9348142433524058,0.0009348142433524058
57,blocks.0.ln2.weight,0.00362926977686584,16.110187530517578,0.0002252779348465484,0.9348142433524058,0.0009348142433524058
57,blocks.0.ln2.bias,0.0020987342577427626,0.09453094750642776,0.022201557406137863,0.9348142433524058,0.0009348142433524058
57,blocks.0.mlp.fc.weight,0.1094990074634552,19.106897354125977,0.005730862810115221,0.9348142433524058,0.0009348142433524058
57,blocks.0.mlp.proj.weight,0.0921115055680275,10.260259628295898,0.008977502412706206,0.9348142433524058,0.0009348142433524058
57,blocks.1.ln1.weight,0.009049978107213974,16.17275619506836,0.000559581681567244,0.9348142433524058,0.0009348142433524058
57,blocks.1.ln1.bias,0.003169185249134898,0.09466619789600372,0.03347747474323362,0.9348142433524058,0.0009348142433524058
57,blocks.1.attn.qkv.weight,0.14632588624954224,16.650833129882812,0.008787901788945698,0.9348142433524058,0.0009348142433524058
57,blocks.1.attn.proj.weight,0.06597699224948883,9.589942932128906,0.006879810726343445,0.9348142433524058,0.0009348142433524058
57,blocks.1.ln2.weight,0.003473923308774829,16.143136978149414,0.00021519505864794135,0.9348142433524058,0.0009348142433524058
57,blocks.1.ln2.bias,0.00213276082649827,0.09743954241275787,0.02188804230465205,0.9348142433524058,0.0009348142433524058
57,blocks.1.mlp.fc.weight,0.09515044093132019,19.102230072021484,0.004981116894339969,0.9348142433524058,0.0009348142433524058
57,blocks.1.mlp.proj.weight,0.07200178503990173,10.246185302734375,0.00702717966858161,0.9348142433524058,0.0009348142433524058
57,final_norm.weight,0.0041719540022313595,16.10433006286621,0.0002590579046719182,0.9348142433524058,0.0009348142433524058
57,final_norm.bias,0.0014672165270894766,0.12017742544412613,0.01220875319682579,0.9348142433524058,0.0009348142433524058
57,lm_head.weight,0.013634906150400639,3.2184183597564697,0.0042365238531102975,0.9348142433524058,0.0009348142433524058
58,token_embedding.weight,0.014748802408576012,85.36377716064453,0.00017277588807744926,0.9322995993293592,0.0009322995993293593
58,position_embedding.weight,0.02334444224834442,89.7918701171875,0.0002599839185649803,0.9322995993293592,0.0009322995993293593
58,blocks.0.ln1.weight,0.008252429775893688,16.174163818359375,0.0005102229622854323,0.9322995993293592,0.0009322995993293593
58,blocks.0.ln1.bias,0.0030565070919692516,0.10577572882175446,0.028896109967636887,0.9322995993293592,0.0009322995993293593
58,blocks.0.attn.qkv.weight,0.15260125696659088,16.69209861755371,0.009142125293107454,0.9322995993293592,0.0009322995993293593
58,blocks.0.attn.proj.weight,0.07200253754854202,9.593914985656738,0.0075050214282887644,0.9322995993293592,0.0009322995993293593
58,blocks.0.ln2.weight,0.0035393836442381144,16.110692977905273,0.00021969158304313295,0.9322995993293592,0.0009322995993293593
58,blocks.0.ln2.bias,0.002781401854008436,0.09474629908800125,0.02935631133618937,0.9322995993293592,0.0009322995993293593
58,blocks.0.mlp.fc.weight,0.1101037859916687,19.114486694335938,0.005760227190630718,0.9322995993293592,0.0009322995993293593
58,blocks.0.mlp.proj.weight,0.09243983775377274,10.270748138427734,0.009000302266969483,0.9322995993293592,0.0009322995993293593
58,blocks.1.ln1.weight,0.009675339795649052,16.180545806884766,0.0005979612746766324,0.9322995993293592,0.0009322995993293593
58,blocks.1.ln1.bias,0.003149106167256832,0.09544824063777924,0.03299281522825048,0.9322995993293592,0.0009322995993293593
58,blocks.1.attn.qkv.weight,0.14707309007644653,16.67164421081543,0.008821750765352028,0.9322995993293592,0.0009322995993293593
58,blocks.1.attn.proj.weight,0.06779955327510834,9.601512908935547,0.007061340636432862,0.9322995993293592,0.0009322995993293593
58,blocks.1.ln2.weight,0.0036501840222626925,16.14451789855957,0.00022609433401465272,0.9322995993293592,0.0009322995993293593
58,blocks.1.ln2.bias,0.0028889477252960205,0.09788954257965088,0.029512322247453815,0.9322995993293592,0.0009322995993293593
58,blocks.1.mlp.fc.weight,0.09599601477384567,19.1102237701416,0.005023280518767539,0.9322995993293592,0.0009322995993293593
58,blocks.1.mlp.proj.weight,0.07057014852762222,10.256017684936523,0.006880852851030562,0.9322995993293592,0.0009322995993293593
58,final_norm.weight,0.004212135914713144,16.10778045654297,0.0002614969781886937,0.9322995993293592,0.0009322995993293593
58,final_norm.bias,0.0016268629115074873,0.12067726999521255,0.013481104698163509,0.9322995993293592,0.0009322995993293593
58,lm_head.weight,0.01325789000838995,3.2228143215179443,0.0041137616647245676,0.9322995993293592,0.0009322995993293593
59,token_embedding.weight,0.014514422975480556,85.36561584472656,0.00017002657137600927,0.9297413032411375,0.0009297413032411375
59,position_embedding.weight,0.02308507263660431,89.7861099243164,0.0002571118478800697,0.9297413032411375,0.0009297413032411375
59,blocks.0.ln1.weight,0.008227490819990635,16.181028366088867,0.0005084652615301485,0.9297413032411375,0.0009297413032411375
59,blocks.0.ln1.bias,0.0033199049066752195,0.10660512745380402,0.031142075301046998,0.9297413032411375,0.0009297413032411375
59,blocks.0.attn.qkv.weight,0.15330421924591064,16.712905883789062,0.009172804556663078,0.9297413032411375,0.0009297413032411375
59,blocks.0.attn.proj.weight,0.07312475144863129,9.604896545410156,0.007613278404707798,0.9297413032411375,0.0009297413032411375
59,blocks.0.ln2.weight,0.0035255467519164085,16.11100959777832,0.00021882841857423738,0.9297413032411375,0.0009297413032411375
59,blocks.0.ln2.bias,0.0029092482291162014,0.09479673206806183,0.030689330376881978,0.9297413032411375,0.0009297413032411375
59,blocks.0.mlp.fc.weight,0.10907439142465591,19.121667861938477,0.005704229997727442,0.9297413032411375,0.0009297413032411375
59,blocks.0.mlp.proj.weight,0.09240017831325531,10.280726432800293,0.008987709080405722,0.9297413032411375,0.0009297413032411375
59,blocks.1.ln1.weight,0.008964134380221367,16.18899917602539,0.0005537176376842355,0.9297413032411375,0.0009297413032411375
59,blocks.1.ln1.bias,0.0038406832609325647,0.0962141901254654,0.039918054248383864,0.9297413032411375,0.0009297413032411375
59,blocks.1.attn.qkv.weight,0.14439386129379272,16.693695068359375,0.008649604578405351,0.9297413032411375,0.0009297413032411375
59,blocks.1.attn.proj.weight,0.0667482241988182,9.614195823669434,0.006942673669542086,0.9297413032411375,0.0009297413032411375
59,blocks.1.ln2.weight,0.003789022332057357,16.146116256713867,0.00023467081939792015,0.9297413032411375,0.0009297413032411375
59,blocks.1.ln2.bias,0.0027183406054973602,0.0986248254776001,0.027562437675361904,0.9297413032411375,0.0009297413032411375
59,blocks.1.mlp.fc.weight,0.09591076523065567,19.118553161621094,0.005016633027607107,0.9297413032411375,0.0009297413032411375
59,blocks.1.mlp.proj.weight,0.07156331837177277,10.266042709350586,0.006970876743634041,0.9297413032411375,0.0009297413032411375
59,final_norm.weight,0.004268972668796778,16.11136817932129,0.0002649664895794312,0.9297413032411375,0.0009297413032411375
59,final_norm.bias,0.002170337364077568,0.12161878496408463,0.017845412324260988,0.9297413032411375,0.0009297413032411375
59,lm_head.weight,0.013241108506917953,3.2272284030914307,0.004102935043032564,0.9297413032411375,0.0009297413032411375
60,token_embedding.weight,0.017735555768013,85.36723327636719,0.0002077560099739422,0.9271396472013282,0.0009271396472013282
60,position_embedding.weight,0.022627608850598335,89.78045654296875,0.00025203267751003865,0.9271396472013282,0.0009271396472013282
60,blocks.0.ln1.weight,0.0076634990982711315,16.187654495239258,0.00047341627537976375,0.9271396472013282,0.0009271396472013282
60,blocks.0.ln1.bias,0.003516590688377619,0.10688629746437073,0.03290029472222042,0.9271396472013282,0.0009271396472013282
60,blocks.0.attn.qkv.weight,0.14911162853240967,16.73358917236328,0.008910917257289265,0.9271396472013282,0.0009271396472013282
60,blocks.0.attn.proj.weight,0.07178152352571487,9.61558723449707,0.007465121138746742,0.9271396472013282,0.0009271396472013282
60,blocks.0.ln2.weight,0.003599695861339569,16.111486434936523,0.0002234241934086033,0.9271396472013282,0.0009271396472013282
60,blocks.0.ln2.bias,0.0030686394311487675,0.09514342993497849,0.032252772821135825,0.9271396472013282,0.0009271396472013282
60,blocks.0.mlp.fc.weight,0.10819476842880249,19.128992080688477,0.005656062168483201,0.9271396472013282,0.0009271396472013282
60,blocks.0.mlp.proj.weight,0.09333454072475433,10.2908935546875,0.009069624540254952,0.9271396472013282,0.0009271396472013282
60,blocks.1.ln1.weight,0.008704849518835545,16.196731567382812,0.000537444822285315,0.9271396472013282,0.0009271396472013282
60,blocks.1.ln1.bias,0.004050931893289089,0.09709912538528442,0.04171955079073551,0.9271396472013282,0.0009271396472013282
60,blocks.1.attn.qkv.weight,0.14232900738716125,16.714818954467773,0.0085151390376926,0.9271396472013282,0.0009271396472013282
60,blocks.1.attn.proj.weight,0.06586673855781555,9.625782012939453,0.006842741552766037,0.9271396472013282,0.0009271396472013282
60,blocks.1.ln2.weight,0.003730267286300659,16.147987365722656,0.0002310050907160523,0.9271396472013282,0.0009271396472013282
60,blocks.1.ln2.bias,0.0027361195534467697,0.0993303507566452,0.027545654803158716,0.9271396472013282,0.0009271396472013282
60,blocks.1.mlp.fc.weight,0.09517224133014679,19.127389907836914,0.004975704567571326,0.9271396472013282,0.0009271396472013282
60,blocks.1.mlp.proj.weight,0.07268310338258743,10.276451110839844,0.007072782480900678,0.9271396472013282,0.0009271396472013282
60,final_norm.weight,0.004420857410877943,16.11495018005371,0.000274332676271602,0.9271396472013282,0.0009271396472013282
60,final_norm.bias,0.0018592410488054156,0.12267131358385086,0.015156282218494318,0.9271396472013282,0.0009271396472013282
60,lm_head.weight,0.01435063499957323,3.2314910888671875,0.004440870980275382,0.9271396472013282,0.0009271396472013282
61,token_embedding.weight,0.017155230045318604,85.36946105957031,0.0002009527743574202,0.9244949282744832,0.0009244949282744832
61,position_embedding.weight,0.022490080446004868,89.7746810913086,0.00025051696282975673,0.9244949282744832,0.0009244949282744832
61,blocks.0.ln1.weight,0.0077488357201218605,16.193758010864258,0.00047850756537937356,0.9244949282744832,0.0009244949282744832
61,blocks.0.ln1.bias,0.004021623637527227,0.10718024522066116,0.03752206042456838,0.9244949282744832,0.0009244949282744832
61,blocks.0.attn.qkv.weight,0.15226340293884277,16.75343894958496,0.009088486453260736,0.9244949282744832,0.0009244949282744832
61,blocks.0.attn.proj.weight,0.07256226986646652,9.625829696655273,0.007538287311656105,0.9244949282744832,0.0009244949282744832
61,blocks.0.ln2.weight,0.0035662681329995394,16.111923217773438,0.00022134341659878846,0.9244949282744832,0.0009244949282744832
61,blocks.0.ln2.bias,0.0036000055260956287,0.0957765057682991,0.03758756385169358,0.9244949282744832,0.0009244949282744832
61,blocks.0.mlp.fc.weight,0.1084832176566124,19.136289596557617,0.005668978675788933,0.9244949282744832,0.0009244949282744832
61,blocks.0.mlp.proj.weight,0.09413851797580719,10.300971031188965,0.009138800380155262,0.9244949282744832,0.0009244949282744832
61,blocks.1.ln1.weight,0.00826836284250021,16.204206466674805,0.0005102602746702977,0.9244949282744832,0.0009244949282744832
61,blocks.1.ln1.bias,0.004429499618709087,0.09838803112506866,0.04502071611772966,0.9244949282744832,0.0009244949282744832
61,blocks.1.attn.qkv.weight,0.14348052442073822,16.735702514648438,0.008573319482414552,0.9244949282744832,0.0009244949282744832
61,blocks.1.attn.proj.weight,0.06656858325004578,9.637340545654297,0.006907360275865338,0.9244949282744832,0.0009244949282744832
61,blocks.1.ln2.weight,0.0037844718899577856,16.149709701538086,0.0002343368370019135,0.9244949282744832,0.0009244949282744832
61,blocks.1.ln2.bias,0.0030489133205264807,0.09993047267198563,0.030510346233463763,0.9244949282744832,0.0009244949282744832
61,blocks.1.mlp.fc.weight,0.096367247402668,19.13593864440918,0.0050359299950419704,0.9244949282744832,0.0009244949282744832
61,blocks.1.mlp.proj.weight,0.07345497608184814,10.28674030303955,0.007140743706744142,0.9244949282744832,0.0009244949282744832
61,final_norm.weight,0.004489554092288017,16.118736267089844,0.000278530153846751,0.9244949282744832,0.0009244949282744832
61,final_norm.bias,0.0021049471106380224,0.12319870293140411,0.01708578954595773,0.9244949282744832,0.0009244949282744832
61,lm_head.weight,0.01379210501909256,3.236295461654663,0.004261695256970335,0.9244949282744832,0.0009244949282744832
62,token_embedding.weight,0.01594584621489048,85.37142181396484,0.00018678201529357581,0.9218074484421978,0.0009218074484421977
62,position_embedding.weight,0.023406891152262688,89.76927185058594,0.0002607450263295151,0.9218074484421978,0.0009218074484421977
62,blocks.0.ln1.weight,0.00834678765386343,16.199676513671875,0.0005152440943384618,0.9218074484421978,0.0009218074484421977
62,blocks.0.ln1.bias,0.003941480070352554,0.10731383413076401,0.03672853646728394,0.9218074484421978,0.0009218074484421977
62,blocks.0.attn.qkv.weight,0.15769340097904205,16.773170471191406,0.009401526160476185,0.9218074484421978,0.0009218074484421977
62,blocks.0.attn.proj.weight,0.0741056278347969,9.635835647583008,0.007690628041520966,0.9218074484421978,0.0009218074484421977
62,blocks.0.ln2.weight,0.0038542270194739103,16.112483978271484,0.00023920750051148508,0.9218074484421978,0.0009218074484421977
62,blocks.0.ln2.bias,0.0031021127942949533,0.09631410241127014,0.032208292623819884,0.9218074484421978,0.0009218074484421977
62,blocks.0.mlp.fc.weight,0.10929202288389206,19.143840789794922,0.005708991423609575,0.9218074484421978,0.0009218074484421977
62,blocks.0.mlp.proj.weight,0.09333392232656479,10.311225891113281,0.009051680499696499,0.9218074484421978,0.0009218074484421977
62,blocks.1.ln1.weight,0.008360064588487148,16.210988998413086,0.0005157035508015588,0.9218074484421978,0.0009218074484421977
62,blocks.1.ln1.bias,0.002938330639153719,0.09989041090011597,0.029415542619625885,0.9218074484421978,0.0009218074484421977
62,blocks.1.attn.qkv.weight,0.1443803757429123,16.75580406188965,0.00861673812904572,0.9218074484421978,0.0009218074484421977
62,blocks.1.attn.proj.weight,0.06773615628480911,9.647893905639648,0.007020823088156796,0.9218074484421978,0.0009218074484421977
62,blocks.1.ln2.weight,0.003958933521062136,16.151601791381836,0.000245110891922453,0.9218074484421978,0.0009218074484421977
62,blocks.1.ln2.bias,0.0018746095011010766,0.10067611932754517,0.01862020023818657,0.9218074484421978,0.0009218074484421977
62,blocks.1.mlp.fc.weight,0.09572587162256241,19.14480209350586,0.0050000972146392025,0.9218074484421978,0.0009218074484421977
62,blocks.1.mlp.proj.weight,0.06995946168899536,10.296955108642578,0.006794189248263232,0.9218074484421978,0.0009218074484421977
62,final_norm.weight,0.004377166740596294,16.122526168823242,0.00027149385243736314,0.9218074484421978,0.0009218074484421977
62,final_norm.bias,0.0015833961078897119,0.1241670772433281,0.012752141252177543,0.9218074484421978,0.0009218074484421977
62,lm_head.weight,0.013411181978881359,3.2408595085144043,0.004138155925501642,0.9218074484421978,0.0009218074484421977
63,token_embedding.weight,0.016310567036271095,85.37305450439453,0.0001910505267845527,0.9190775145686302,0.0009190775145686302
63,position_embedding.weight,0.022822117432951927,89.76390838623047,0.00025424603098557285,0.9190775145686302,0.0009190775145686302
63,blocks.0.ln1.weight,0.007205968722701073,16.20611000061035,0.00044464518150433627,0.9190775145686302,0.0009190775145686302
63,blocks.0.ln1.bias,0.004358071368187666,0.10768789052963257,0.04046946547762473,0.9190775145686302,0.0009190775145686302
63,blocks.0.attn.qkv.weight,0.15518879890441895,16.793481826782227,0.00924101389486216,0.9190775145686302,0.0009190775145686302
63,blocks.0.attn.proj.weight,0.07348165661096573,9.646529197692871,0.007617419188295463,0.9190775145686302,0.0009190775145686302
63,blocks.0.ln2.weight,0.0037738773971796036,16.112842559814453,0.00023421549507294558,0.9190775145686302,0.0009190775145686302
63,blocks.0.ln2.bias,0.0030309678986668587,0.0968862771987915,0.03128376882947651,0.9190775145686302,0.0009190775145686302
63,blocks.0.mlp.fc.weight,0.10783681273460388,19.15087127685547,0.0056309089636523745,0.9190775145686302,0.0009190775145686302
63,blocks.0.mlp.proj.weight,0.0926959216594696,10.321104049682617,0.008981202128498171,0.9190775145686302,0.0009190775145686302
63,blocks.1.ln1.weight,0.008571167476475239,16.2178897857666,0.0005285007846086778,0.9190775145686302,0.0009190775145686302
63,blocks.1.ln1.bias,0.003890597028657794,0.10083948820829391,0.038582078288445884,0.9190775145686302,0.0009190775145686302
63,blocks.1.attn.qkv.weight,0.14589880406856537,16.776079177856445,0.008696835686203457,0.9190775145686302,0.0009190775145686302
63,blocks.1.attn.proj.weight,0.0681433156132698,9.658772468566895,0.007055069972403378,0.9190775145686302,0.0009190775145686302
63,blocks.1.ln2.weight,0.003794002579525113,16.153661727905273,0.00023486950782006168,0.9190775145686302,0.0009190775145686302
63,blocks.1.ln2.bias,0.001894633867777884,0.10105305910110474,0.01874890166227954,0.9190775145686302,0.0009190775145686302
63,blocks.1.mlp.fc.weight,0.09278719127178192,19.15392303466797,0.004844291746596002,0.9190775145686302,0.0009190775145686302
63,blocks.1.mlp.proj.weight,0.06876267492771149,10.307493209838867,0.006671134632625167,0.9190775145686302,0.0009190775145686302
63,final_norm.weight,0.0045395283959805965,16.126209259033203,0.0002815000303581865,0.9190775145686302,0.0009190775145686302
63,final_norm.bias,0.001200852682814002,0.1251717358827591,0.009593640883347463,0.9190775145686302,0.0009190775145686302
63,lm_head.weight,0.01334566343575716,3.2452280521392822,0.004112396177197924,0.9190775145686302,0.0009190775145686302
64,token_embedding.weight,0.016637815162539482,85.37495422363281,0.00019487934504723567,0.9163054383654632,0.0009163054383654632
64,position_embedding.weight,0.02254452370107174,89.75838470458984,0.00025116899970146925,0.9163054383654632,0.0009163054383654632
64,blocks.0.ln1.weight,0.0069138165563344955,16.211301803588867,0.0004264812684446776,0.9163054383654632,0.0009163054383654632
64,blocks.0.ln1.bias,0.004160946235060692,0.108674056828022,0.038288312376220116,0.9163054383654632,0.0009163054383654632
64,blocks.0.attn.qkv.weight,0.15333940088748932,16.812211990356445,0.009120715404697272,0.9163054383654632,0.0009163054383654632
64,blocks.0.attn.proj.weight,0.07303405553102493,9.655879020690918,0.0075636879226135415,0.9163054383654632,0.0009163054383654632
64,blocks.0.ln2.weight,0.0035025703255087137,16.11333465576172,0.0002173709167181026,0.9163054383654632,0.0009163054383654632
64,blocks.0.ln2.bias,0.0033160443417727947,0.09745188057422638,0.03402750487932379,0.9163054383654632,0.0009163054383654632
64,blocks.0.mlp.fc.weight,0.10571915656328201,19.158172607421875,0.00551822758514666,0.9163054383654632,0.0009163054383654632
64,blocks.0.mlp.proj.weight,0.09215857088565826,10.331605911254883,0.00892006254180244,0.9163054383654632,0.0009163054383654632
64,blocks.1.ln1.weight,0.00894576869904995,16.22509765625,0.0005513537661576686,0.9163054383654632,0.0009163054383654632
64,blocks.1.ln1.bias,0.003575744340196252,0.10151349008083344,0.035224326710801925,0.9163054383654632,0.0009163054383654632
64,blocks.1.attn.qkv.weight,0.1456167846918106,16.797027587890625,0.008669199590812159,0.9163054383654632,0.0009163054383654632
64,blocks.1.attn.proj.weight,0.06953645497560501,9.669888496398926,0.007191029658872825,0.9163054383654632,0.0009163054383654632
64,blocks.1.ln2.weight,0.003632310312241316,16.155635833740234,0.0002248323959280633,0.9163054383654632,0.0009163054383654632
64,blocks.1.ln2.bias,0.0016077995533123612,0.10137926042079926,0.015859255104278124,0.9163054383654632,0.0009163054383654632
64,blocks.1.mlp.fc.weight,0.0920356959104538,19.16281509399414,0.004802827531289707,0.9163054383654632,0.0009163054383654632
64,blocks.1.mlp.proj.weight,0.07090280205011368,10.317666053771973,0.006871980705770748,0.9163054383654632,0.0009163054383654632
64,final_norm.weight,0.00437560211867094,16.130104064941406,0.0002712693049625755,0.9163054383654632,0.0009163054383654632
64,final_norm.bias,0.0014093865174800158,0.12590931355953217,0.011193663738008062,0.9163054383654632,0.0009163054383654632
64,lm_head.weight,0.013550288043916225,3.2498605251312256,0.004169498333583073,0.9163054383654632,0.0009163054383654632
65,token_embedding.weight,0.01675347611308098,85.37683868408203,0.00019622975471220348,0.9134915363563115,0.0009134915363563116
65,position_embedding.weight,0.022727765142917633,89.7529067993164,0.00025322595059495593,0.9134915363563115,0.0009134915363563116
65,blocks.0.ln1.weight,0.00733019458130002,16.21603012084961,0.0004520338533334888,0.9134915363563115,0.0009134915363563116
65,blocks.0.ln1.bias,0.00416405638679862,0.10953356325626373,0.03801625970131561,0.9134915363563115,0.0009134915363563116
65,blocks.0.attn.qkv.weight,0.1563635915517807,16.830291748046875,0.009290604933804378,0.9134915363563115,0.0009134915363563116
65,blocks.0.attn.proj.weight,0.07461860775947571,9.66496753692627,0.007720523372104237,0.9134915363563115,0.0009134915363563116
65,blocks.0.ln2.weight,0.003680603578686714,16.113800048828125,0.00022841313455134737,0.9134915363563115,0.0009134915363563116
65,blocks.0.ln2.bias,0.002939322730526328,0.09815509617328644,0.02994569660761372,0.9134915363563115,0.0009134915363563116
65,blocks.0.mlp.fc.weight,0.10819567739963531,19.165281295776367,0.005645399915078407,0.9134915363563115,0.0009134915363563116
65,blocks.0.mlp.proj.weight,0.09519843757152557,10.34178352355957,0.009205224355609961,0.9134915363563115,0.0009134915363563116
65,blocks.1.ln1.weight,0.00908854603767395,16.232587814331055,0.000559895079061239,0.9134915363563115,0.0009134915363563116
65,blocks.1.ln1.bias,0.003537202486768365,0.10216937214136124,0.03462096724877276,0.9134915363563115,0.0009134915363563116
65,blocks.1.attn.qkv.weight,0.15169745683670044,16.818220138549805,0.00901982823313026,0.9134915363563115,0.0009134915363563116
65,blocks.1.attn.proj.weight,0.06803330779075623,9.68150806427002,0.007027139505448408,0.9134915363563115,0.0009134915363563116
65,blocks.1.ln2.weight,0.0036361978854984045,16.157487869262695,0.00022504722979959805,0.9134915363563115,0.0009134915363563116
65,blocks.1.ln2.bias,0.0022287846077233553,0.10148650407791138,0.02196138913200076,0.9134915363563115,0.0009134915363563116
65,blocks.1.mlp.fc.weight,0.094962477684021,19.171443939208984,0.004953329440658408,0.9134915363563115,0.0009134915363563116
65,blocks.1.mlp.proj.weight,0.07273029536008835,10.327497482299805,0.007042392940277452,0.9134915363563115,0.0009134915363563116
65,final_norm.weight,0.004544456023722887,16.133760452270508,0.000281673701377106,0.9134915363563115,0.0009134915363563116
65,final_norm.bias,0.001740080420859158,0.1265048384666443,0.013755050335914325,0.9134915363563115,0.0009134915363563116
65,lm_head.weight,0.013355311937630177,3.2543692588806152,0.0041038096402802845,0.9134915363563115,0.0009134915363563116
66,token_embedding.weight,0.016057176515460014,85.37853240966797,0.00018807042077525297,0.9106361298405805,0.0009106361298405805
66,position_embedding.weight,0.023190626874566078,89.74754333496094,0.0002583984587523742,0.9106361298405805,0.0009106361298405805
66,blocks.0.ln1.weight,0.008101538754999638,16.22077178955078,0.0004994545796037922,0.9106361298405805,0.0009106361298405805
66,blocks.0.ln1.bias,0.003919371869415045,0.11037878692150116,0.035508379632464185,0.9106361298405805,0.0009106361298405805
66,blocks.0.attn.qkv.weight,0.15770335495471954,16.848407745361328,0.0093601340457901,0.9106361298405805,0.0009106361298405805
66,blocks.0.attn.proj.weight,0.07581184059381485,9.67410659790039,0.007836572796320102,0.9106361298405805,0.0009106361298405805
66,blocks.0.ln2.weight,0.0038249222561717033,16.11427116394043,0.0002373624110738966,0.9106361298405805,0.0009106361298405805
66,blocks.0.ln2.bias,0.003420594148337841,0.09862325340509415,0.03468344462591492,0.9106361298405805,0.0009106361298405805
66,blocks.0.mlp.fc.weight,0.10870464146137238,19.172380447387695,0.005669856268483244,0.9106361298405805,0.0009106361298405805
66,blocks.0.mlp.proj.weight,0.09681104868650436,10.35193157196045,0.009351979194754369,0.9106361298405805,0.0009106361298405805
66,blocks.1.ln1.weight,0.009164438582956791,16.2401180267334,0.0005643086194244611,0.9106361298405805,0.0009106361298405805
66,blocks.1.ln1.bias,0.0037684801500290632,0.10314425081014633,0.03653601747448846,0.9106361298405805,0.0009106361298405805
66,blocks.1.attn.qkv.weight,0.154256671667099,16.839492797851562,0.009160410798523007,0.9106361298405805,0.0009106361298405805
66,blocks.1.attn.proj.weight,0.06766168028116226,9.692917823791504,0.006980527588408727,0.9106361298405805,0.0009106361298405805
66,blocks.1.ln2.weight,0.0038475939072668552,16.159446716308594,0.00023810183447577519,0.9106361298405805,0.0009106361298405805
66,blocks.1.ln2.bias,0.0023519231472164392,0.10208556801080704,0.02303874282155554,0.9106361298405805,0.0009106361298405805
66,blocks.1.mlp.fc.weight,0.09340440481901169,19.180326461791992,0.00486980265977601,0.9106361298405805,0.0009106361298405805
66,blocks.1.mlp.proj.weight,0.07242414355278015,10.337414741516113,0.0070060208827561485,0.9106361298405805,0.0009106361298405805
66,final_norm.weight,0.0045968154445290565,16.137622833251953,0.000284850841541353,0.9106361298405805,0.0009106361298405805
66,final_norm.bias,0.0020836449693888426,0.1275971382856369,0.016329872263342603,0.9106361298405805,0.0009106361298405805
66,lm_head.weight,0.013141684234142303,3.258847236633301,0.004032617450247493,0.9106361298405805,0.0009106361298405805
67,token_embedding.weight,0.016712477430701256,85.38005065917969,0.0001957421821804015,0.907739544856779,0.000907739544856779
67,position_embedding.weight,0.022168679162859917,89.741943359375,0.00024702695677186704,0.907739544856779,0.000907739544856779
67,blocks.0.ln1.weight,0.007292293477803469,16.226787567138672,0.0004493984682815994,0.907739544856779,0.000907739544856779
67,blocks.0.ln1.bias,0.004083589185029268,0.11099833995103836,0.03678964196035508,0.907739544856779,0.000907739544856779
67,blocks.0.attn.qkv.weight,0.14830301702022552,16.86859703063965,0.008791662801052352,0.907739544856779,0.000907739544856779
67,blocks.0.attn.proj.weight,0.07124442607164383,9.684523582458496,0.007356523577543965,0.907739544856779,0.000907739544856779
67,blocks.0.ln2.weight,0.0036456428933888674,16.114673614501953,0.00022623125857838328,0.907739544856779,0.000907739544856779
67,blocks.0.ln2.bias,0.003287204075604677,0.0991755947470665,0.033145292286424766,0.907739544856779,0.000907739544856779
67,blocks.0.mlp.fc.weight,0.10437028110027313,19.17937469482422,0.005441797908480992,0.907739544856779,0.000907739544856779
67,blocks.0.mlp.proj.weight,0.09362207353115082,10.362191200256348,0.009034968736035839,0.907739544856779,0.000907739544856779
67,blocks.1.ln1.weight,0.008554408326745033,16.24760627746582,0.0005265026848052574,0.907739544856779,0.000907739544856779
67,blocks.1.ln1.bias,0.00426179775968194,0.10400518029928207,0.04097678353498688,0.907739544856779,0.000907739544856779
67,blocks.1.attn.qkv.weight,0.14460863173007965,16.861143112182617,0.008576442935567492,0.907739544856779,0.000907739544856779
67,blocks.1.attn.proj.weight,0.06634341925382614,9.705066680908203,0.006835957076351676,0.907739544856779,0.000907739544856779
67,blocks.1.ln2.weight,0.0035034120082855225,16.161333084106445,0.00021677741496032093,0.907739544856779,0.000907739544856779
67,blocks.1.ln2.bias,0.002310314914211631,0.1023024469614029,0.022583183323666666,0.907739544856779,0.000907739544856779
67,blocks.1.mlp.fc.weight,0.0890091136097908,19.188945770263672,0.004638561944748417,0.907739544856779,0.000907739544856779
67,blocks.1.mlp.proj.weight,0.06927888840436935,10.347066879272461,0.006695509868902471,0.907739544856779,0.000907739544856779
67,final_norm.weight,0.00465118745341897,16.141504287719727,0.0002881508049381279,0.907739544856779,0.000907739544856779
67,final_norm.bias,0.0015268985880538821,0.12856937944889069,0.011876067183236142,0.907739544856779,0.000907739544856779
67,lm_head.weight,0.013813887722790241,3.2631614208221436,0.004233283598733415,0.907739544856779,0.000907739544856779
68,token_embedding.weight,0.017168886959552765,85.3817367553711,0.000201083833756433,0.9048021121452915,0.0009048021121452915
68,position_embedding.weight,0.022210046648979187,89.73652648925781,0.00024750285661700604,0.9048021121452915,0.0009048021121452915
68,blocks.0.ln1.weight,0.007331201806664467,16.232149124145508,0.0004516470216355251,0.9048021121452915,0.0009048021121452915
68,blocks.0.ln1.bias,0.003035919042304158,0.1122034564614296,0.02705726844805989,0.9048021121452915,0.0009048021121452915
68,blocks.0.attn.qkv.weight,0.1479150950908661,16.887969970703125,0.008758607182950772,0.9048021121452915,0.0009048021121452915
68,blocks.0.attn.proj.weight,0.07103575021028519,9.694295883178711,0.007327582226321071,0.9048021121452915,0.0009048021121452915
68,blocks.0.ln2.weight,0.0037849494256079197,16.115184783935547,0.00023486850919517344,0.9048021121452915,0.0009048021121452915
68,blocks.0.ln2.bias,0.0026764171198010445,0.09980281442403793,0.0268170505533319,0.9048021121452915,0.0009048021121452915
68,blocks.0.mlp.fc.weight,0.10435878485441208,19.186683654785156,0.005439125735956958,0.9048021121452915,0.0009048021121452915
68,blocks.0.mlp.proj.weight,0.09314923733472824,10.372893333435059,0.008980063164678491,0.9048021121452915,0.0009048021121452915
68,blocks.1.ln1.weight,0.008342445828020573,16.25456428527832,0.0005132371241458483,0.9048021121452915,0.0009048021121452915
68,blocks.1.ln1.bias,0.003530455520376563,0.10548767447471619,0.03346794341541098,0.9048021121452915,0.0009048021121452915
68,blocks.1.attn.qkv.weight,0.1451127976179123,16.88214111328125,0.008595639418257372,0.9048021121452915,0.0009048021121452915
68,blocks.1.attn.proj.weight,0.06689898669719696,9.716711044311523,0.006884941457259337,0.9048021121452915,0.0009048021121452915
68,blocks.1.ln2.weight,0.0037292842753231525,16.163021087646484,0.00023072940727480963,0.9048021121452915,0.0009048021121452915
68,blocks.1.ln2.bias,0.0018517287680879235,0.1026800125837326,0.0180339748844485,0.9048021121452915,0.0009048021121452915
68,blocks.1.mlp.fc.weight,0.09046926349401474,19.19719123840332,0.004712630216082308,0.9048021121452915,0.0009048021121452915
68,blocks.1.mlp.proj.weight,0.07039573043584824,10.356636047363281,0.006797161753479175,0.9048021121452915,0.0009048021121452915
68,final_norm.weight,0.004684305749833584,16.145549774169922,0.0002901298385842129,0.9048021121452915,0.0009048021121452915
68,final_norm.bias,0.0017827857518568635,0.12906238436698914,0.013813364448418181,0.9048021121452915,0.0009048021121452915
68,lm_head.weight,0.01342726405709982,3.2680230140686035,0.0041086809974386065,0.9048021121452915,0.0009048021121452915
69,token_embedding.weight,0.01675686426460743,85.38352966308594,0.00019625405895877093,0.9018241671106134,0.0009018241671106134
69,position_embedding.weight,0.022819245234131813,89.73095703125,0.00025430738720622867,0.9018241671106134,0.0009018241671106134
69,blocks.0.ln1.weight,0.007427496369928122,16.237581253051758,0.0004574262788388948,0.9018241671106134,0.0009018241671106134
69,blocks.0.ln1.bias,0.00270366040058434,0.11286021769046783,0.023955831876697992,0.9018241671106134,0.0009018241671106134
69,blocks.0.attn.qkv.weight,0.1488427221775055,16.907350540161133,0.008803432674086982,0.9018241671106134,0.0009018241671106134
69,blocks.0.attn.proj.weight,0.0744207352399826,9.704018592834473,0.00766906354599607,0.9018241671106134,0.0009018241671106134
69,blocks.0.ln2.weight,0.003797028446570039,16.115930557250977,0.0002356071486583455,0.9018241671106134,0.0009018241671106134
69,blocks.0.ln2.bias,0.0021121385507285595,0.10056846588850021,0.021001996322080475,0.9018241671106134,0.0009018241671106134
69,blocks.0.mlp.fc.weight,0.10742059350013733,19.194313049316406,0.005596480229541607,0.9018241671106134,0.0009018241671106134
69,blocks.0.mlp.proj.weight,0.09657099843025208,10.383811950683594,0.0093001490097175,0.9018241671106134,0.0009018241671106134
69,blocks.1.ln1.weight,0.008024530485272408,16.261293411254883,0.0004934743062761489,0.9018241671106134,0.0009018241671106134
69,blocks.1.ln1.bias,0.004964652005583048,0.10674583911895752,0.04650909156284708,0.9018241671106134,0.0009018241671106134
69,blocks.1.attn.qkv.weight,0.1468665450811386,16.902387619018555,0.00868910052186212,0.9018241671106134,0.0009018241671106134
69,blocks.1.attn.proj.weight,0.06892084330320358,9.728053092956543,0.007084751968828957,0.9018241671106134,0.0009018241671106134
69,blocks.1.ln2.weight,0.003869983134791255,16.165023803710938,0.0002394047284918071,0.9018241671106134,0.0009018241671106134
69,blocks.1.ln2.bias,0.002027970040217042,0.10311910510063171,0.019666288203513047,0.9018241671106134,0.0009018241671106134
69,blocks.1.mlp.fc.weight,0.09151439368724823,19.206052780151367,0.004764872550065033,0.9018241671106134,0.0009018241671106134
69,blocks.1.mlp.proj.weight,0.0699341744184494,10.366819381713867,0.00674596246383922,0.9018241671106134,0.0009018241671106134
69,final_norm.weight,0.004851603880524635,16.14957046508789,0.00030041689907558364,0.9018241671106134,0.0009018241671106134
69,final_norm.bias,0.0021073005627840757,0.12990914285182953,0.016221341443006656,0.9018241671106134,0.0009018241671106134
69,lm_head.weight,0.013179470784962177,3.272660493850708,0.004027142690090288,0.9018241671106134,0.0009018241671106134
70,token_embedding.weight,0.016311025246977806,85.3853759765625,0.00019102832376652933,0.8988060497830533,0.0008988060497830534
70,position_embedding.weight,0.022441664710640907,89.72551727294922,0.00025011463174262974,0.8988060497830533,0.0008988060497830534
70,blocks.0.ln1.weight,0.007026534527540207,16.242855072021484,0.0004325923303744221,0.8988060497830533,0.0008988060497830534
70,blocks.0.ln1.bias,0.0033808471634984016,0.11339036375284195,0.029816000686247467,0.8988060497830533,0.0008988060497830534
70,blocks.0.attn.qkv.weight,0.14480741322040558,16.926450729370117,0.008555096135371892,0.8988060497830533,0.0008988060497830534
70,blocks.0.attn.proj.weight,0.07341489940881729,9.713554382324219,0.007557985112267763,0.8988060497830533,0.0008988060497830534
70,blocks.0.ln2.weight,0.003727443516254425,16.116687774658203,0.00023127850885807982,0.8988060497830533,0.0008988060497830534
70,blocks.0.ln2.bias,0.0028890485409647226,0.1008061021566391,0.028659460877148796,0.8988060497830533,0.0008988060497830534
70,blocks.0.mlp.fc.weight,0.1062493547797203,19.2020206451416,0.005533238232748045,0.8988060497830533,0.0008988060497830534
70,blocks.0.mlp.proj.weight,0.09605185687541962,10.394499778747559,0.009240642543645688,0.8988060497830533,0.0008988060497830534
70,blocks.1.ln1.weight,0.00813572108745575,16.26744842529297,0.0005001227527978918,0.8988060497830533,0.0008988060497830534
70,blocks.1.ln1.bias,0.0044403476640582085,0.10851553827524185,0.040919003256055984,0.8988060497830533,0.0008988060497830534
70,blocks.1.attn.qkv.weight,0.14433762431144714,16.921783447265625,0.008529693383752764,0.8988060497830533,0.0008988060497830534
70,blocks.1.attn.proj.weight,0.06964675337076187,9.738845825195312,0.007151438129410777,0.8988060497830533,0.0008988060497830534
70,blocks.1.ln2.weight,0.0037425172049552202,16.167221069335938,0.0002314879711797441,0.8988060497830533,0.0008988060497830534
70,blocks.1.ln2.bias,0.0020364730153232813,0.10373541712760925,0.01963141491780478,0.8988060497830533,0.0008988060497830534
70,blocks.1.mlp.fc.weight,0.08952931314706802,19.215192794799805,0.00465929819716889,0.8988060497830533,0.0008988060497830534
70,blocks.1.mlp.proj.weight,0.07007502019405365,10.377021789550781,0.006752902867045095,0.8988060497830533,0.0008988060497830534
70,final_norm.weight,0.004982705693691969,16.153766632080078,0.00030845472806301466,0.8988060497830533,0.0008988060497830534
70,final_norm.bias,0.002155442489311099,0.13125355541706085,0.01642197411297328,0.8988060497830533,0.0008988060497830534
70,lm_head.weight,0.012827160768210888,3.277318239212036,0.003913919806363083,0.8988060497830533,0.0008988060497830534
71,token_embedding.weight,0.01742188259959221,85.38694763183594,0.00020403449335968974,0.8957481047799075,0.0008957481047799075
71,position_embedding.weight,0.02200808748602867,89.7201919555664,0.0002452969282202144,0.8957481047799075,0.0008957481047799075
71,blocks.0.ln1.weight,0.006446537096053362,16.24784278869629,0.000396762645964168,0.8957481047799075,0.0008957481047799075
71,blocks.0.ln1.bias,0.0028689010068774223,0.11400102823972702,0.025165571321158518,0.8957481047799075,0.0008957481047799075
71,blocks.0.attn.qkv.weight,0.1375856250524521,16.944963455200195,0.00811955867690117,0.8957481047799075,0.0008957481047799075
71,blocks.0.attn.proj.weight,0.0699477568268776,9.722904205322266,0.007194121771618543,0.8957481047799075,0.0008957481047799075
71,blocks.0.ln2.weight,0.0036732149310410023,16.117340087890625,0.00022790453703961711,0.8957481047799075,0.0008957481047799075
71,blocks.0.ln2.bias,0.0028595204930752516,0.10150569677352905,0.028171034571852663,0.8957481047799075,0.0008957481047799075
71,blocks.0.mlp.fc.weight,0.1059921532869339,19.20936393737793,0.005517733623687921,0.8957481047799075,0.0008957481047799075
71,blocks.0.mlp.proj.weight,0.09802575409412384,10.404977798461914,0.00942104404188203,0.8957481047799075,0.0008957481047799075
71,blocks.1.ln1.weight,0.008066046051681042,16.273828506469727,0.0004956452655546824,0.8957481047799075,0.0008957481047799075
71,blocks.1.ln1.bias,0.005289594642817974,0.11011999100446701,0.04803482632463498,0.8957481047799075,0.0008957481047799075
71,blocks.1.attn.qkv.weight,0.14242957532405853,16.941619873046875,0.008407081282153383,0.8957481047799075,0.0008957481047799075
71,blocks.1.attn.proj.weight,0.06870482861995697,9.750537872314453,0.007046260372469246,0.8957481047799075,0.0008957481047799075
71,blocks.1.ln2.weight,0.0038382436614483595,16.16929817199707,0.00023737849476332967,0.8957481047799075,0.0008957481047799075
71,blocks.1.ln2.bias,0.002587644848972559,0.10397546738386154,0.02488707109528522,0.8957481047799075,0.0008957481047799075
71,blocks.1.mlp.fc.weight,0.08834619075059891,19.224016189575195,0.0045956157069043,0.8957481047799075,0.0008957481047799075
71,blocks.1.mlp.proj.weight,0.06957067549228668,10.386833190917969,0.006697967918952539,0.8957481047799075,0.0008957481047799075
71,final_norm.weight,0.005237311124801636,16.158140182495117,0.00032412833814099104,0.8957481047799075,0.0008957481047799075
71,final_norm.bias,0.0019678957760334015,0.13247129321098328,0.014855262059564363,0.8957481047799075,0.0008957481047799075
71,lm_head.weight,0.013310466893017292,3.282078742980957,0.00405549894909711,0.8957481047799075,0.0008957481047799075
72,token_embedding.weight,0.01834641769528389,85.38850402832031,0.0002148581697742219,0.8926506812661105,0.0008926506812661105
72,position_embedding.weight,0.023259278386831284,89.71503448486328,0.00025925730865940125,0.8926506812661105,0.0008926506812661105
72,blocks.0.ln1.weight,0.007387720514088869,16.25226402282715,0.0004545656225933801,0.8926506812661105,0.0008926506812661105
72,blocks.0.ln1.bias,0.003903998527675867,0.11394648253917694,0.03426168531616882,0.8926506812661105,0.0008926506812661105
72,blocks.0.attn.qkv.weight,0.14964012801647186,16.962594985961914,0.008821770969613072,0.8926506812661105,0.0008926506812661105
72,blocks.0.attn.proj.weight,0.07577354460954666,9.731572151184082,0.007786362103919579,0.8926506812661105,0.0008926506812661105
72,blocks.0.ln2.weight,0.003778464160859585,16.11829376220703,0.00023442085226904169,0.8926506812661105,0.0008926506812661105
72,blocks.0.ln2.bias,0.0032370551489293575,0.10212182998657227,0.03169797436378972,0.8926506812661105,0.0008926506812661105
72,blocks.0.mlp.fc.weight,0.10915589332580566,19.217313766479492,0.005680080715349467,0.8926506812661105,0.0008926506812661105
72,blocks.0.mlp.proj.weight,0.10273953527212143,10.416037559509277,0.00986359109067497,0.8926506812661105,0.0008926506812661105
72,blocks.1.ln1.weight,0.00745237385854125,16.27973175048828,0.0004577700648118648,0.8926506812661105,0.0008926506812661105
72,blocks.1.ln1.bias,0.005459449719637632,0.11208981275558472,0.048706029436354076,0.8926506812661105,0.0008926506812661105
72,blocks.1.attn.qkv.weight,0.14659838378429413,16.960763931274414,0.008643383303859843,0.8926506812661105,0.0008926506812661105
72,blocks.1.attn.proj.weight,0.07114331424236298,9.761877059936523,0.007287872384127146,0.8926506812661105,0.0008926506812661105
72,blocks.1.ln2.weight,0.003870774060487747,16.17156410217285,0.00023935681397493404,0.8926506812661105,0.0008926506812661105
72,blocks.1.ln2.bias,0.002838662825524807,0.10434446483850479,0.02720472839542601,0.8926506812661105,0.0008926506812661105
72,blocks.1.mlp.fc.weight,0.09087076038122177,19.233171463012695,0.004724689350166226,0.8926506812661105,0.0008926506812661105
72,blocks.1.mlp.proj.weight,0.07085447758436203,10.397061347961426,0.006814856161087075,0.8926506812661105,0.0008926506812661105
72,final_norm.weight,0.0050843628123402596,16.162858963012695,0.00031457075904548013,0.8926506812661105,0.0008926506812661105
72,final_norm.bias,0.002195565728470683,0.13349851965904236,0.0164463676006427,0.8926506812661105,0.0008926506812661105
72,lm_head.weight,0.012967241927981377,3.2874507904052734,0.003944467234558618,0.8926506812661105,0.0008926506812661105
73,token_embedding.weight,0.01871306076645851,85.38965606689453,0.000219149035473318,0.8895141329143665,0.0008895141329143666
73,position_embedding.weight,0.023699099197983742,89.71012115478516,0.00026417419676753347,0.8895141329143665,0.0008895141329143666
73,blocks.0.ln1.weight,0.007409917656332254,16.257549285888672,0.0004557831888452896,0.8895141329143665,0.0008895141329143666
73,blocks.0.ln1.bias,0.004374489653855562,0.11332986503839493,0.03859961937071868,0.8895141329143665,0.0008895141329143666
73,blocks.0.attn.qkv.weight,0.15000520646572113,16.981327056884766,0.008833538507515845,0.8895141329143665,0.0008895141329143666
73,blocks.0.attn.proj.weight,0.07543244957923889,9.741476058959961,0.007743431192837589,0.8895141329143665,0.0008895141329143666
73,blocks.0.ln2.weight,0.003842082107439637,16.119047164916992,0.00023835665149002526,0.8895141329143665,0.0008895141329143666
73,blocks.0.ln2.bias,0.0032509027514606714,0.10255192220211029,0.031700066479710264,0.8895141329143665,0.0008895141329143666
73,blocks.0.mlp.fc.weight,0.11265002191066742,19.22483253479004,0.0058596100489721045,0.8895141329143665,0.0008895141329143666
73,blocks.0.mlp.proj.weight,0.10766708105802536,10.426688194274902,0.010326105379954969,0.8895141329143665,0.0008895141329143666
73,blocks.1.ln1.weight,0.0073805986903607845,16.284713745117188,0.0004532225009219663,0.8895141329143665,0.0008895141329143666
73,blocks.1.ln1.bias,0.0057970150373876095,0.11376477777957916,0.05095614961397323,0.8895141329143665,0.0008895141329143666
73,blocks.1.attn.qkv.weight,0.1460874378681183,16.978425979614258,0.008604298068826562,0.8895141329143665,0.0008895141329143666
73,blocks.1.attn.proj.weight,0.07212220877408981,9.772613525390625,0.007380032842463153,0.8895141329143665,0.0008895141329143666
73,blocks.1.ln2.weight,0.004002501256763935,16.173734664916992,0.0002474692048365089,0.8895141329143665,0.0008895141329143666
73,blocks.1.ln2.bias,0.002984588732942939,0.10445510596036911,0.028572932892784928,0.8895141329143665,0.0008895141329143666
73,blocks.1.mlp.fc.weight,0.09454678744077682,19.242061614990234,0.004913547692161878,0.8895141329143665,0.0008895141329143666
73,blocks.1.mlp.proj.weight,0.07378038763999939,10.406686782836914,0.007089709643387518,0.8895141329143665,0.0008895141329143666
73,final_norm.weight,0.005073111969977617,16.167394638061523,0.0003137866108639488,0.8895141329143665,0.0008895141329143666
73,final_norm.bias,0.002524340059608221,0.13473418354988098,0.01873570606270776,0.8895141329143665,0.0008895141329143666
73,lm_head.weight,0.012991534546017647,3.292496681213379,0.003945800346631162,0.8895141329143665,0.0008895141329143666
74,token_embedding.weight,0.018248094245791435,85.3904037475586,0.00021370193189082978,0.8863388178647659,0.0008863388178647659
74,position_embedding.weight,0.02240794524550438,89.7055435180664,0.000249794431500114,0.8863388178647659,0.0008863388178647659
74,blocks.0.ln1.weight,0.007446614094078541,16.26294708251953,0.0004578883554311129,0.8863388178647659,0.0008863388178647659
74,blocks.0.ln1.bias,0.0036773174069821835,0.11256426572799683,0.032668603869681685,0.8863388178647659,0.0008863388178647659
74,blocks.0.attn.qkv.weight,0.14262886345386505,17.000228881835938,0.008389820186847596,0.8863388178647659,0.0008863388178647659
74,blocks.0.attn.proj.weight,0.07275161892175674,9.751958847045898,0.007460205694344936,0.8863388178647659,0.0008863388178647659
74,blocks.0.ln2.weight,0.0035594000946730375,16.119731903076172,0.00022081012985045783,0.8863388178647659,0.0008863388178647659
74,blocks.0.ln2.bias,0.003055460751056671,0.10301035642623901,0.029661685067703697,0.8863388178647659,0.0008863388178647659
74,blocks.0.mlp.fc.weight,0.10666927695274353,19.232192993164062,0.005546391770852798,0.8863388178647659,0.0008863388178647659
74,blocks.0.mlp.proj.weight,0.10129570960998535,10.437150955200195,0.009705302725309934,0.8863388178647659,0.0008863388178647659
74,blocks.1.ln1.weight,0.006975922267884016,16.289379119873047,0.00042824973355632453,0.8863388178647659,0.0008863388178647659
74,blocks.1.ln1.bias,0.004634941928088665,0.11582478880882263,0.04001683901793218,0.8863388178647659,0.0008863388178647659
74,blocks.1.attn.qkv.weight,0.13857336342334747,16.99576187133789,0.008153406977126056,0.8863388178647659,0.0008863388178647659
74,blocks.1.attn.proj.weight,0.06916525214910507,9.783204078674316,0.007069795497761947,0.8863388178647659,0.0008863388178647659
74,blocks.1.ln2.weight,0.0037688903976231813,16.17616844177246,0.00023299030367972495,0.8863388178647659,0.0008863388178647659
74,blocks.1.ln2.bias,0.0023302913177758455,0.10480897128582001,0.022233700886146235,0.8863388178647659,0.0008863388178647659
74,blocks.1.mlp.fc.weight,0.09090419858694077,19.25140953063965,0.004721950278095593,0.8863388178647659,0.0008863388178647659
74,blocks.1.mlp.proj.weight,0.07128462940454483,10.416655540466309,0.0068433317323025235,0.8863388178647659,0.0008863388178647659
74,final_norm.weight,0.005205101333558559,16.171905517578125,0.0003218607311241418,0.8863388178647659,0.0008863388178647659
74,final_norm.bias,0.0019639888778328896,0.1363106220960617,0.01440818659337059,0.8863388178647659,0.0008863388178647659
74,lm_head.weight,0.013332761824131012,3.2973520755767822,0.004043475345833296,0.8863388178647659,0.0008863388178647659
75,token_embedding.weight,0.019253570586442947,85.39149475097656,0.0002254741018715161,0.883125098683892,0.000883125098683892
75,position_embedding.weight,0.02242046780884266,89.70068359375,0.00024994756907743994,0.883125098683892,0.000883125098683892
75,blocks.0.ln1.weight,0.007355877663940191,16.268531799316406,0.0004521537502387787,0.883125098683892,0.000883125098683892
75,blocks.0.ln1.bias,0.0043821572326123714,0.11231018602848053,0.03901834185780878,0.883125098683892,0.000883125098683892
75,blocks.0.attn.qkv.weight,0.14079594612121582,17.01956558227539,0.008272593412597796,0.883125098683892,0.000883125098683892
75,blocks.0.attn.proj.weight,0.07118412852287292,9.762543678283691,0.00729155544586308,0.883125098683892,0.000883125098683892
75,blocks.0.ln2.weight,0.003693551057949662,16.120315551757812,0.00022912399239893765,0.883125098683892,0.000883125098683892
75,blocks.0.ln2.bias,0.0037672859616577625,0.1034725084900856,0.03640856896769177,0.883125098683892,0.000883125098683892
75,blocks.0.mlp.fc.weight,0.10727600753307343,19.239431381225586,0.0055758408555541305,0.883125098683892,0.000883125098683892
75,blocks.0.mlp.proj.weight,0.1028992086648941,10.44802474975586,0.009848675814755197,0.883125098683892,0.000883125098683892
75,blocks.1.ln1.weight,0.006987119559198618,16.29391860961914,0.0004288176298532222,0.883125098683892,0.000883125098683892
75,blocks.1.ln1.bias,0.004657506477087736,0.11760172247886658,0.03960406683571409,0.883125098683892,0.000883125098683892
75,blocks.1.attn.qkv.weight,0.13986001908779144,17.012975692749023,0.008220785217919987,0.883125098683892,0.000883125098683892
75,blocks.1.attn.proj.weight,0.06696371734142303,9.793779373168945,0.006837372457548932,0.883125098683892,0.000883125098683892
75,blocks.1.ln2.weight,0.0036489099729806185,16.17844581604004,0.00022554144041219952,0.883125098683892,0.000883125098683892
75,blocks.1.ln2.bias,0.0027034373488277197,0.10535295307636261,0.025660764789787485,0.883125098683892,0.000883125098683892
75,blocks.1.mlp.fc.weight,0.08862891048192978,19.260498046875,0.0046015897546483825,0.883125098683892,0.000883125098683892
75,blocks.1.mlp.proj.weight,0.07115045189857483,10.426384925842285,0.006824076840115337,0.883125098683892,0.000883125098683892
75,final_norm.weight,0.00516970269382,16.176584243774414,0.00031957937571457643,0.883125098683892,0.000883125098683892
75,final_norm.bias,0.0019586917478591204,0.13765831291675568,0.014228648501811481,0.883125098683892,0.000883125098683892
75,lm_head.weight,0.012888258323073387,3.30238676071167,0.0039027101478241277,0.883125098683892,0.000883125098683892
76,token_embedding.weight,0.018179016187787056,85.39313507080078,0.00021288615499026167,0.8798733423234218,0.0008798733423234219
76,position_embedding.weight,0.022335557267069817,89.69539642333984,0.0002490156480456513,0.8798733423234218,0.0008798733423234219
76,blocks.0.ln1.weight,0.007269023451954126,16.27399253845215,0.00044666503531806657,0.8798733423234218,0.0008798733423234219
76,blocks.0.ln1.bias,0.003646602388471365,0.11240254342556,0.03244234763116309,0.8798733423234218,0.0008798733423234219
76,blocks.0.attn.qkv.weight,0.1401582956314087,17.03861427307129,0.008225921039418911,0.8798733423234218,0.0008798733423234219
76,blocks.0.attn.proj.weight,0.06847107410430908,9.77275276184082,0.007006324192673497,0.8798733423234218,0.0008798733423234219
76,blocks.0.ln2.weight,0.0037611224688589573,16.121164321899414,0.00023330340127787895,0.8798733423234218,0.0008798733423234219
76,blocks.0.ln2.bias,0.003190230345353484,0.10401429235935211,0.030671076762230874,0.8798733423234218,0.0008798733423234219
76,blocks.0.mlp.fc.weight,0.10618727654218674,19.247230529785156,0.00551701588329064,0.8798733423234218,0.0008798733423234219
76,blocks.0.mlp.proj.weight,0.09753228724002838,10.459518432617188,0.009324739744792865,0.8798733423234218,0.0008798733423234219
76,blocks.1.ln1.weight,0.00681938836351037,16.29842758178711,0.00041840774696145334,0.8798733423234218,0.0008798733423234219
76,blocks.1.ln1.bias,0.003931841813027859,0.11920719593763351,0.03298325895570872,0.8798733423234218,0.0008798733423234219
76,blocks.1.attn.qkv.weight,0.133500337600708,17.030107498168945,0.007839077798836793,0.8798733423234218,0.0008798733423234219
76,blocks.1.attn.proj.weight,0.06473112851381302,9.804755210876465,0.006602013729215784,0.8798733423234218,0.0008798733423234219
76,blocks.1.ln2.weight,0.003512905677780509,16.180692672729492,0.0002171047772077675,0.8798733423234218,0.0008798733423234219
76,blocks.1.ln2.bias,0.002265410264953971,0.10597095638513565,0.021377652351265916,0.8798733423234218,0.0008798733423234219
76,blocks.1.mlp.fc.weight,0.08800296485424042,19.269521713256836,0.004566951176255326,0.8798733423234218,0.0008798733423234219
76,blocks.1.mlp.proj.weight,0.06896812468767166,10.436148643493652,0.006608580142317422,0.8798733423234218,0.0008798733423234219
76,final_norm.weight,0.005289565771818161,16.181241989135742,0.0003268949179160231,0.8798733423234218,0.0008798733423234219
76,final_norm.bias,0.001872113673016429,0.13884946703910828,0.013483045437082211,0.8798733423234218,0.0008798733423234219
76,lm_head.weight,0.012680776417255402,3.3074843883514404,0.0038339641033263002,0.8798733423234218,0.0008798733423234219
77,token_embedding.weight,0.018003948032855988,85.39466094970703,0.00021083224445916072,0.8765839200782269,0.0008765839200782269
77,position_embedding.weight,0.022938324138522148,89.69029235839844,0.00025575035531004144,0.8765839200782269,0.0008765839200782269
77,blocks.0.ln1.weight,0.0074828071519732475,16.279245376586914,0.000459653195149616,0.8765839200782269,0.0008765839200782269
77,blocks.0.ln1.bias,0.004491148982197046,0.11287984997034073,0.039786985749337124,0.8765839200782269,0.0008765839200782269
77,blocks.0.attn.qkv.weight,0.1418568640947342,17.057233810424805,0.008316522225780113,0.8765839200782269,0.0008765839200782269
77,blocks.0.attn.proj.weight,0.07073434442281723,9.78255844116211,0.00723065901913561,0.8765839200782269,0.0008765839200782269
77,blocks.0.ln2.weight,0.0038022513035684824,16.121929168701172,0.00023584344427898061,0.8765839200782269,0.0008765839200782269
77,blocks.0.ln2.bias,0.0033782143145799637,0.10428397357463837,0.0323943766117591,0.8765839200782269,0.0008765839200782269
77,blocks.0.mlp.fc.weight,0.1080833375453949,19.254850387573242,0.005613304459386736,0.8765839200782269,0.0008765839200782269
77,blocks.0.mlp.proj.weight,0.10075908154249191,10.470929145812988,0.009622745043860109,0.8765839200782269,0.0008765839200782269
77,blocks.1.ln1.weight,0.007210252806544304,16.30316925048828,0.000442260808052883,0.8765839200782269,0.0008765839200782269
77,blocks.1.ln1.bias,0.003756952937692404,0.12101039290428162,0.031046531190367103,0.8765839200782269,0.0008765839200782269
77,blocks.1.attn.qkv.weight,0.14032474160194397,17.047428131103516,0.008231431775090418,0.8765839200782269,0.0008765839200782269
77,blocks.1.attn.proj.weight,0.0707736685872078,9.815925598144531,0.007210086087101014,0.8765839200782269,0.0008765839200782269
77,blocks.1.ln2.weight,0.003610982559621334,16.18289566040039,0.00022313574995463882,0.8765839200782269,0.0008765839200782269
77,blocks.1.ln2.bias,0.0027950636576861143,0.10670341551303864,0.026194697182100758,0.8765839200782269,0.0008765839200782269
77,blocks.1.mlp.fc.weight,0.09194745123386383,19.2783260345459,0.004769472778346696,0.8765839200782269,0.0008765839200782269
77,blocks.1.mlp.proj.weight,0.07382132112979889,10.445745468139648,0.007067118508195773,0.8765839200782269,0.0008765839200782269
77,final_norm.weight,0.005232022609561682,16.186084747314453,0.00032324201258302697,0.8765839200782269,0.0008765839200782269
77,final_norm.bias,0.0022314381785690784,0.1401723325252533,0.015919248387702655,0.8765839200782269,0.0008765839200782269
77,lm_head.weight,0.012670203112065792,3.312696695327759,0.0038247398652379114,0.8765839200782269,0.0008765839200782269
78,token_embedding.weight,0.018688425421714783,85.39584350585938,0.00021884467269688918,0.8732572075439774,0.0008732572075439775
78,position_embedding.weight,0.022719044238328934,89.68538665771484,0.00025331935430056334,0.8732572075439774,0.0008732572075439775
78,blocks.0.ln1.weight,0.006940235383808613,16.284536361694336,0.0004261856297077951,0.8732572075439774,0.0008732572075439775
78,blocks.0.ln1.bias,0.004016302991658449,0.11344048380851746,0.035404494557713516,0.8732572075439774,0.0008732572075439775
78,blocks.0.attn.qkv.weight,0.1400015503168106,17.07583999633789,0.008198808980807232,0.8732572075439774,0.0008732572075439775
78,blocks.0.attn.proj.weight,0.06888704746961594,9.7924165725708,0.007034734169966383,0.8732572075439774,0.0008732572075439775
78,blocks.0.ln2.weight,0.0036039454862475395,16.122377395629883,0.00022353685178118945,0.8732572075439774,0.0008732572075439775
78,blocks.0.ln2.bias,0.0034352343063801527,0.10449564456939697,0.032874425728489504,0.8732572075439774,0.0008732572075439775
78,blocks.0.mlp.fc.weight,0.10643022507429123,19.26188087463379,0.0055254326286715335,0.8732572075439774,0.0008732572075439775
78,blocks.0.mlp.proj.weight,0.0998266339302063,10.481846809387207,0.00952376386962603,0.8732572075439774,0.0008732572075439775
78,blocks.1.ln1.weight,0.007074890658259392,16.30843162536621,0.00043381796734240466,0.8732572075439774,0.0008732572075439775
78,blocks.1.ln1.bias,0.00422240374609828,0.12235774099826813,0.034508676865189394,0.8732572075439774,0.0008732572075439775
78,blocks.1.attn.qkv.weight,0.1371656209230423,17.06525230407715,0.00803771420890527,0.8732572075439774,0.0008732572075439775
78,blocks.1.attn.proj.weight,0.06733757257461548,9.827868461608887,0.006851696564484241,0.8732572075439774,0.0008732572075439775
78,blocks.1.ln2.weight,0.003414147300645709,16.184978485107422,0.00021094543337125965,0.8732572075439774,0.0008732572075439775
78,blocks.1.ln2.bias,0.003122554626315832,0.10738034546375275,0.029079387040534345,0.8732572075439774,0.0008732572075439775
78,blocks.1.mlp.fc.weight,0.09116749465465546,19.286754608154297,0.004726948442435504,0.8732572075439774,0.0008732572075439775
78,blocks.1.mlp.proj.weight,0.07386001199483871,10.45497989654541,0.007064577141773067,0.8732572075439774,0.0008732572075439775
78,final_norm.weight,0.0051903920248150826,16.190841674804688,0.000320575800138406,0.8732572075439774,0.0008732572075439775
78,final_norm.bias,0.001899402355775237,0.14144456386566162,0.013428599190038753,0.8732572075439774,0.0008732572075439775
78,lm_head.weight,0.013641071505844593,3.3177413940429688,0.004111553579894182,0.8732572075439774,0.0008732572075439775
79,token_embedding.weight,0.018346380442380905,85.39722442626953,0.00021483579314946746,0.8698935845742558,0.0008698935845742558
79,position_embedding.weight,0.022285908460617065,89.68050384521484,0.0002485033815050978,0.8698935845742558,0.0008698935845742558
79,blocks.0.ln1.weight,0.007138832472264767,16.289499282836914,0.0004382475083065327,0.8698935845742558,0.0008698935845742558
79,blocks.0.ln1.bias,0.004879954271018505,0.11453218758106232,0.04260771032179943,0.8698935845742558,0.0008698935845742558
79,blocks.0.attn.qkv.weight,0.1422668844461441,17.094018936157227,0.008322611843211033,0.8698935845742558,0.0008698935845742558
79,blocks.0.attn.proj.weight,0.07290000468492508,9.801724433898926,0.007437467271860398,0.8698935845742558,0.0008698935845742558
79,blocks.0.ln2.weight,0.0034951665438711643,16.122726440429688,0.00021678508016525014,0.8698935845742558,0.0008698935845742558
79,blocks.0.ln2.bias,0.003811946138739586,0.10493521392345428,0.036326662863468404,0.8698935845742558,0.0008698935845742558
79,blocks.0.mlp.fc.weight,0.10515830665826797,19.268638610839844,0.005457485024349579,0.8698935845742558,0.0008698935845742558
79,blocks.0.mlp.proj.weight,0.1008390486240387,10.492667198181152,0.009610430476772293,0.8698935845742558,0.0008698935845742558
79,blocks.1.ln1.weight,0.006488231010735035,16.313419342041016,0.00039772354738739144,0.8698935845742558,0.0008698935845742558
79,blocks.1.ln1.bias,0.004385628271847963,0.12385273724794388,0.035410022977795434,0.8698935845742558,0.0008698935845742558
79,blocks.1.attn.qkv.weight,0.1356981098651886,17.08259391784668,0.00794364781588661,0.8698935845742558,0.0008698935845742558
79,blocks.1.attn.proj.weight,0.06669209152460098,9.839162826538086,0.006778228259899613,0.8698935845742558,0.0008698935845742558
79,blocks.1.ln2.weight,0.003654620610177517,16.186708450317383,0.0002257791089148599,0.8698935845742558,0.0008698935845742558
79,blocks.1.ln2.bias,0.0034163447562605143,0.10782606899738312,0.03168384777443517,0.8698935845742558,0.0008698935845742558
79,blocks.1.mlp.fc.weight,0.09117835015058517,19.29454803466797,0.004725601759976624,0.8698935845742558,0.0008698935845742558
79,blocks.1.mlp.proj.weight,0.07460568100214005,10.463894844055176,0.007129819451933659,0.8698935845742558,0.0008698935845742558
79,final_norm.weight,0.005169739481061697,16.195524215698242,0.0003192079127670579,0.8698935845742558,0.0008698935845742558
79,final_norm.bias,0.0018848942127078772,0.14191120862960815,0.013282208156046478,0.8698935845742558,0.0008698935845742558
79,lm_head.weight,0.013253489509224892,3.3231706619262695,0.003988206101199311,0.8698935845742558,0.0008698935845742558
80,token_embedding.weight,0.01841127499938011,85.3986587524414,0.00021559208620303477,0.8664934352371838,0.0008664934352371838
80,position_embedding.weight,0.02227662317454815,89.67582702636719,0.00024841279878018804,0.8664934352371838,0.0008664934352371838
80,blocks.0.ln1.weight,0.006992735434323549,16.29451560974121,0.00042914656696776634,0.8664934352371838,0.0008664934352371838
80,blocks.0.ln1.bias,0.00539430370554328,0.1159566268324852,0.046520012291229804,0.8664934352371838,0.0008664934352371838
80,blocks.0.attn.qkv.weight,0.13987486064434052,17.11212158203125,0.0081740221382724,0.8664934352371838,0.0008664934352371838
80,blocks.0.attn.proj.weight,0.071556955575943,9.810800552368164,0.007293691803638087,0.8664934352371838,0.0008664934352371838
80,blocks.0.ln2.weight,0.0035605356097221375,16.123029708862305,0.00022083539347228309,0.8664934352371838,0.0008664934352371838
80,blocks.0.ln2.bias,0.004026172682642937,0.1055874153971672,0.038131179435166127,0.8664934352371838,0.0008664934352371838
80,blocks.0.mlp.fc.weight,0.1066923514008522,19.275333404541016,0.005535175405874503,0.8664934352371838,0.0008664934352371838
80,blocks.0.mlp.proj.weight,0.10270988196134567,10.503470420837402,0.00977866151339599,0.8664934352371838,0.0008664934352371838
80,blocks.1.ln1.weight,0.006062929052859545,16.3177547454834,0.00037155412294312954,0.8664934352371838,0.0008664934352371838
80,blocks.1.ln1.bias,0.004900132771581411,0.12496557831764221,0.039211860077875665,0.8664934352371838,0.0008664934352371838
80,blocks.1.attn.qkv.weight,0.13266414403915405,17.09902572631836,0.007758579123894365,0.8664934352371838,0.0008664934352371838
80,blocks.1.attn.proj.weight,0.06581032276153564,9.849288940429688,0.0066817333880203845,0.8664934352371838,0.0008664934352371838
80,blocks.1.ln2.weight,0.0037219622172415257,16.1884822845459,0.00022991421628168403,0.8664934352371838,0.0008664934352371838
80,blocks.1.ln2.bias,0.003733328776434064,0.10830863565206528,0.03446935467262906,0.8664934352371838,0.0008664934352371838
80,blocks.1.mlp.fc.weight,0.09136278182268143,19.30247688293457,0.00473321545088605,0.8664934352371838,0.0008664934352371838
80,blocks.1.mlp.proj.weight,0.07397720962762833,10.473197937011719,0.007063478612028307,0.8664934352371838,0.0008664934352371838
80,final_norm.weight,0.0053536538034677505,16.20014762878418,0.0003304694454731467,0.8664934352371838,0.0008664934352371838
80,final_norm.bias,0.0019706743769347668,0.14231517910957336,0.013847253604646271,0.8664934352371838,0.0008664934352371838
80,lm_head.weight,0.012909553945064545,3.328420639038086,0.0038785824705111576,0.8664934352371838,0.0008664934352371838
81,token_embedding.weight,0.01763206161558628,85.40020751953125,0.00020646392002681698,0.8630571477715689,0.0008630571477715689
81,position_embedding.weight,0.023019583895802498,89.67105102539062,0.00025671143175609904,0.8630571477715689,0.0008630571477715689
81,blocks.0.ln1.weight,0.006835471373051405,16.299436569213867,0.00041936856798852317,0.8630571477715689,0.0008630571477715689
81,blocks.0.ln1.bias,0.004919194150716066,0.11760613322257996,0.041827700782953475,0.8630571477715689,0.0008630571477715689
81,blocks.0.attn.qkv.weight,0.1436910629272461,17.130077362060547,0.008388231990445218,0.8630571477715689,0.0008630571477715689
81,blocks.0.attn.proj.weight,0.07167226076126099,9.819828033447266,0.007298728706565041,0.8630571477715689,0.0008630571477715689
81,blocks.0.ln2.weight,0.0038071374874562025,16.123600006103516,0.00023612205003937037,0.8630571477715689,0.0008630571477715689
81,blocks.0.ln2.bias,0.003506085369735956,0.10613489151000977,0.03303423897476973,0.8630571477715689,0.0008630571477715689
81,blocks.0.mlp.fc.weight,0.11203037202358246,19.282567977905273,0.005809930096030025,0.8630571477715689,0.0008630571477715689
81,blocks.0.mlp.proj.weight,0.10507475584745407,10.514830589294434,0.009993005113598774,0.8630571477715689,0.0008630571477715689
81,blocks.1.ln1.weight,0.006445979233831167,16.321666717529297,0.00039493388422812603,0.8630571477715689,0.0008630571477715689
81,blocks.1.ln1.bias,0.004792855586856604,0.12621571123600006,0.037973525957135996,0.8630571477715689,0.0008630571477715689
81,blocks.1.attn.qkv.weight,0.139388769865036,17.1147403717041,0.008144369522279177,0.8630571477715689,0.0008630571477715689
81,blocks.1.attn.proj.weight,0.06710013002157211,9.858512878417969,0.006806313573770277,0.8630571477715689,0.0008630571477715689
81,blocks.1.ln2.weight,0.003693053498864174,16.190494537353516,0.00022810010468448665,0.8630571477715689,0.0008630571477715689
81,blocks.1.ln2.bias,0.0030459763947874308,0.10913609713315964,0.027909889347087883,0.8630571477715689,0.0008630571477715689
81,blocks.1.mlp.fc.weight,0.09349691867828369,19.310869216918945,0.004841673237389172,0.8630571477715689,0.0008630571477715689
81,blocks.1.mlp.proj.weight,0.07374221086502075,10.48297119140625,0.007034476153618189,0.8630571477715689,0.0008630571477715689
81,final_norm.weight,0.005158775020390749,16.204965591430664,0.0003183453239245654,0.8630571477715689,0.0008630571477715689
81,final_norm.bias,0.001909439219161868,0.14292927086353302,0.013359329461434222,0.8630571477715689,0.0008630571477715689
81,lm_head.weight,0.012829975225031376,3.3337302207946777,0.0038485343370013854,0.8630571477715689,0.0008630571477715689
82,token_embedding.weight,0.01903129741549492,85.40144348144531,0.00022284514921143598,0.8595851145425734,0.0008595851145425734
82,position_embedding.weight,0.0228780098259449,89.66646575927734,0.0002551456626757654,0.8595851145425734,0.0008595851145425734
82,blocks.0.ln1.weight,0.006665893364697695,16.30396842956543,0.0004088509735218471,0.8595851145425734,0.0008595851145425734
82,blocks.0.ln1.bias,0.0040739839896559715,0.1191072016954422,0.034204346434390825,0.8595851145425734,0.0008595851145425734
82,blocks.0.attn.qkv.weight,0.1449359655380249,17.147241592407227,0.008452436198379213,0.8595851145425734,0.0008595851145425734
82,blocks.0.attn.proj.weight,0.07008287310600281,9.828577995300293,0.007130520115881161,0.8595851145425734,0.0008595851145425734
82,blocks.0.ln2.weight,0.003670454490929842,16.124195098876953,0.00022763644748910667,0.8595851145425734,0.0008595851145425734
82,blocks.0.ln2.bias,0.002965461928397417,0.10671616345643997,0.027788310901750962,0.8595851145425734,0.0008595851145425734
82,blocks.0.mlp.fc.weight,0.10925029218196869,19.289836883544922,0.005663619285197706,0.8595851145425734,0.0008595851145425734
82,blocks.0.mlp.proj.weight,0.10163211822509766,10.526265144348145,0.009655097684828622,0.8595851145425734,0.0008595851145425734
82,blocks.1.ln1.weight,0.006618347018957138,16.32583999633789,0.0004053909030372293,0.8595851145425734,0.0008595851145425734
82,blocks.1.ln1.bias,0.0043641868978738785,0.12756502628326416,0.03421146865245639,0.8595851145425734,0.0008595851145425734
82,blocks.1.attn.qkv.weight,0.13436126708984375,17.130769729614258,0.007843270863513113,0.8595851145425734,0.0008595851145425734
82,blocks.1.attn.proj.weight,0.06588483601808548,9.868024826049805,0.006676598121658017,0.8595851145425734,0.0008595851145425734
82,blocks.1.ln2.weight,0.003673965111374855,16.19234848022461,0.00022689513604907705,0.8595851145425734,0.0008595851145425734
82,blocks.1.ln2.bias,0.002690946916118264,0.10955701023340225,0.02456206965086816,0.8595851145425734,0.0008595851145425734
82,blocks.1.mlp.fc.weight,0.09231393039226532,19.318979263305664,0.004778406205321675,0.8595851145425734,0.0008595851145425734
82,blocks.1.mlp.proj.weight,0.07278606295585632,10.49242115020752,0.006937013098679309,0.8595851145425734,0.0008595851145425734
82,final_norm.weight,0.005138596054166555,16.209583282470703,0.0003170097567975851,0.8595851145425734,0.0008595851145425734
82,final_norm.bias,0.0013744955649599433,0.14342424273490906,0.009583425638096894,0.8595851145425734,0.0008595851145425734
82,lm_head.weight,0.013118059374392033,3.3388655185699463,0.0039288971961969395,0.8595851145425734,0.0008595851145425734
83,token_embedding.weight,0.018782135099172592,85.40290832519531,0.00021992383476747857,0.8560777319969136,0.0008560777319969136
83,position_embedding.weight,0.023096904158592224,89.66199493408203,0.00025759971296168926,0.8560777319969136,0.0008560777319969136
83,blocks.0.ln1.weight,0.0069928960874676704,16.307716369628906,0.0004288090330348547,0.8560777319969136,0.0008560777319969136
83,blocks.0.ln1.bias,0.003332256805151701,0.1205376610159874,0.027644943306823294,0.8560777319969136,0.0008560777319969136
83,blocks.0.attn.qkv.weight,0.14880286157131195,17.16329002380371,0.008669833194272723,0.8560777319969136,0.0008560777319969136
83,blocks.0.attn.proj.weight,0.07059981673955917,9.836475372314453,0.0071773490063586015,0.8560777319969136,0.0008560777319969136
83,blocks.0.ln2.weight,0.0037195144686847925,16.124738693237305,0.000230671301994154,0.8560777319969136,0.0008560777319969136
83,blocks.0.ln2.bias,0.0025609354488551617,0.10711593925952911,0.023908070699230045,0.8560777319969136,0.0008560777319969136
83,blocks.0.mlp.fc.weight,0.11008471250534058,19.296844482421875,0.005704803840110472,0.8560777319969136,0.0008560777319969136
83,blocks.0.mlp.proj.weight,0.10099980235099792,10.537484169006348,0.009584811775856012,0.8560777319969136,0.0008560777319969136
83,blocks.1.ln1.weight,0.00622694194316864,16.330326080322266,0.00038131154960044595,0.8560777319969136,0.0008560777319969136
83,blocks.1.ln1.bias,0.0035397738683968782,0.12896662950515747,0.02744720771529408,0.8560777319969136,0.0008560777319969136
83,blocks.1.attn.qkv.weight,0.13639575242996216,17.14747428894043,0.007954276538436049,0.8560777319969136,0.0008560777319969136
83,blocks.1.attn.proj.weight,0.06625901907682419,9.87796688079834,0.006707758780363759,0.8560777319969136,0.0008560777319969136
83,blocks.1.ln2.weight,0.003809324698522687,16.19425392150879,0.00023522693400916764,0.8560777319969136,0.0008560777319969136
83,blocks.1.ln2.bias,0.0019565599504858255,0.1097421646118164,0.017828698362099972,0.8560777319969136,0.0008560777319969136
83,blocks.1.mlp.fc.weight,0.09277279675006866,19.327314376831055,0.00480008732414871,0.8560777319969136,0.0008560777319969136
83,blocks.1.mlp.proj.weight,0.07337687909603119,10.50208568572998,0.0069868863473212,0.8560777319969136,0.0008560777319969136
83,final_norm.weight,0.004870373290032148,16.214168548583984,0.00030037761575243943,0.8560777319969136,0.0008560777319969136
83,final_norm.bias,0.0015031944494694471,0.14370018243789673,0.010460630069893097,0.8560777319969136,0.0008560777319969136
83,lm_head.weight,0.012698840349912643,3.344243288040161,0.0037972238429312337,0.8560777319969136,0.0008560777319969136
84,token_embedding.weight,0.019341755658388138,85.40380859375,0.00022647415820052053,0.8525354006175926,0.0008525354006175926
84,position_embedding.weight,0.024483829736709595,89.65779113769531,0.0002730808937631239,0.8525354006175926,0.0008525354006175926
84,blocks.0.ln1.weight,0.007209769915789366,16.312149047851562,0.0004419877414459076,0.8525354006175926,0.0008525354006175926
84,blocks.0.ln1.bias,0.004271006677299738,0.12163706868886948,0.03511270637563011,0.8525354006175926,0.0008525354006175926
84,blocks.0.attn.qkv.weight,0.15587875247001648,17.180192947387695,0.00907316657894167,0.8525354006175926,0.0008525354006175926
84,blocks.0.attn.proj.weight,0.07249396294355392,9.845518112182617,0.007363143525564613,0.8525354006175926,0.0008525354006175926
84,blocks.0.ln2.weight,0.004224014934152365,16.125337600708008,0.00026194893023304155,0.8525354006175926,0.0008525354006175926
84,blocks.0.ln2.bias,0.0029587140306830406,0.10741021484136581,0.027545927871247818,0.8525354006175926,0.0008525354006175926
84,blocks.0.mlp.fc.weight,0.1154453307390213,19.303939819335938,0.005980402540593223,0.8525354006175926,0.0008525354006175926
84,blocks.0.mlp.proj.weight,0.1063985750079155,10.548529624938965,0.010086578773628941,0.8525354006175926,0.0008525354006175926
84,blocks.1.ln1.weight,0.006297563202679157,16.333921432495117,0.00038555121185719925,0.8525354006175926,0.0008525354006175926
84,blocks.1.ln1.bias,0.0038232863880693913,0.12999512255191803,0.029410998758918967,0.8525354006175926,0.0008525354006175926
84,blocks.1.attn.qkv.weight,0.14242184162139893,17.162628173828125,0.008298370166789172,0.8525354006175926,0.0008525354006175926
84,blocks.1.attn.proj.weight,0.06482627242803574,9.887140274047852,0.006556625134386703,0.8525354006175926,0.0008525354006175926
84,blocks.1.ln2.weight,0.004059525206685066,16.196271896362305,0.0002506456567697279,0.8525354006175926,0.0008525354006175926
84,blocks.1.ln2.bias,0.0021136708091944456,0.10994062572717667,0.019225566483680047,0.8525354006175926,0.0008525354006175926
84,blocks.1.mlp.fc.weight,0.09406251460313797,19.335773468017578,0.004864688488346103,0.8525354006175926,0.0008525354006175926
84,blocks.1.mlp.proj.weight,0.07419941574335098,10.51162338256836,0.00705879701382665,0.8525354006175926,0.0008525354006175926
84,final_norm.weight,0.004647430498152971,16.218534469604492,0.0002865505824131358,0.8525354006175926,0.0008525354006175926
84,final_norm.bias,0.0018424164736643434,0.14415307343006134,0.012780972544060578,0.8525354006175926,0.0008525354006175926
84,lm_head.weight,0.012353867292404175,3.3492720127105713,0.0036885231314498345,0.8525354006175926,0.0008525354006175926
85,token_embedding.weight,0.01831170544028282,85.40409851074219,0.0002144124902621547,0.8489585248781707,0.0008489585248781707
85,position_embedding.weight,0.02289273962378502,89.65400695800781,0.0002553454151191176,0.8489585248781707,0.0008489585248781707
85,blocks.0.ln1.weight,0.006931342650204897,16.31669044494629,0.00042480076910151183,0.8489585248781707,0.0008489585248781707
85,blocks.0.ln1.bias,0.004117761738598347,0.12240254133939743,0.033641145792447126,0.8489585248781707,0.0008489585248781707
85,blocks.0.attn.qkv.weight,0.14604885876178741,17.1973876953125,0.00849250254453399,0.8489585248781707,0.0008489585248781707
85,blocks.0.attn.proj.weight,0.06807169318199158,9.855328559875488,0.006907095260033085,0.8489585248781707,0.0008489585248781707
85,blocks.0.ln2.weight,0.003949589096009731,16.125768661499023,0.0002449240826230692,0.8489585248781707,0.0008489585248781707
85,blocks.0.ln2.bias,0.0029411055147647858,0.1077091321349144,0.02730599956049694,0.8489585248781707,0.0008489585248781707
85,blocks.0.mlp.fc.weight,0.10818056762218475,19.310640335083008,0.005602122236497764,0.8489585248781707,0.0008489585248781707
85,blocks.0.mlp.proj.weight,0.09953152388334274,10.559401512145996,0.009425867912006827,0.8489585248781707,0.0008489585248781707
85,blocks.1.ln1.weight,0.005903292912989855,16.337284088134766,0.00036133869504521024,0.8489585248781707,0.0008489585248781707
85,blocks.1.ln1.bias,0.0035877416376024485,0.13129712641239166,0.027325362980956423,0.8489585248781707,0.0008489585248781707
85,blocks.1.attn.qkv.weight,0.13184814155101776,17.17754554748535,0.007675610068186462,0.8489585248781707,0.0008489585248781707
85,blocks.1.attn.proj.weight,0.06141415983438492,9.896018981933594,0.006205946042191093,0.8489585248781707,0.0008489585248781707
85,blocks.1.ln2.weight,0.0038362289778888226,16.198461532592773,0.00023682674864953967,0.8489585248781707,0.0008489585248781707
85,blocks.1.ln2.bias,0.0018934333929792047,0.10980872064828873,0.017243014778639706,0.8489585248781707,0.0008489585248781707
85,blocks.1.mlp.fc.weight,0.08807287365198135,19.344627380371094,0.004552833813761849,0.8489585248781707,0.0008489585248781707
85,blocks.1.mlp.proj.weight,0.07008638232946396,10.521516799926758,0.006661243208768643,0.8489585248781707,0.0008489585248781707
85,final_norm.weight,0.004805342759937048,16.222667694091797,0.0002962116250268031,0.8489585248781707,0.0008489585248781707
85,final_norm.bias,0.001714219804853201,0.1446826457977295,0.01184813697171312,0.8489585248781707,0.0008489585248781707
85,lm_head.weight,0.012637545354664326,3.3540236949920654,0.0037678759913145022,0.8489585248781707,0.0008489585248781707
86,token_embedding.weight,0.019152427092194557,85.40434265136719,0.00022425589258824106,0.8453475131965832,0.0008453475131965832
86,position_embedding.weight,0.022804878652095795,89.65036010742188,0.0002543757618460207,0.8453475131965832,0.0008453475131965832
86,blocks.0.ln1.weight,0.006701722741127014,16.321044921875,0.00041061848510350735,0.8453475131965832,0.0008453475131965832
86,blocks.0.ln1.bias,0.0051555633544921875,0.12334277480840683,0.04179866524373825,0.8453475131965832,0.0008453475131965832
86,blocks.0.attn.qkv.weight,0.14259406924247742,17.214548110961914,0.00828334663932699,0.8453475131965832,0.0008453475131965832
86,blocks.0.attn.proj.weight,0.06832806020975113,9.864830017089844,0.006926430571167733,0.8453475131965832,0.0008453475131965832
86,blocks.0.ln2.weight,0.003989730030298233,16.12626075744629,0.0002474057743643846,0.8453475131965832,0.0008453475131965832
86,blocks.0.ln2.bias,0.0036796850617974997,0.10795415192842484,0.03408562798217431,0.8453475131965832,0.0008453475131965832
86,blocks.0.mlp.fc.weight,0.10853613168001175,19.31753158569336,0.005618530048652201,0.8453475131965832,0.0008453475131965832
86,blocks.0.mlp.proj.weight,0.10263577103614807,10.570480346679688,0.009709660078822952,0.8453475131965832,0.0008453475131965832
86,blocks.1.ln1.weight,0.006338344421237707,16.340564727783203,0.0003878901694542104,0.8453475131965832,0.0008453475131965832
86,blocks.1.ln1.bias,0.00474083237349987,0.13247039914131165,0.03578786207480843,0.8453475131965832,0.0008453475131965832
86,blocks.1.attn.qkv.weight,0.13238054513931274,17.192333221435547,0.007699975531782497,0.8453475131965832,0.0008453475131965832
86,blocks.1.attn.proj.weight,0.0642792135477066,9.904565811157227,0.006489856776486992,0.8453475131965832,0.0008453475131965832
86,blocks.1.ln2.weight,0.003695264458656311,16.200592041015625,0.00022809440848214983,0.8453475131965832,0.0008453475131965832
86,blocks.1.ln2.bias,0.002726650796830654,0.10983473807573318,0.024825031174797816,0.8453475131965832,0.0008453475131965832
86,blocks.1.mlp.fc.weight,0.08929651230573654,19.353368759155273,0.004614003557571313,0.8453475131965832,0.0008453475131965832
86,blocks.1.mlp.proj.weight,0.07369543612003326,10.531342506408691,0.006997724751158744,0.8453475131965832,0.0008453475131965832
86,final_norm.weight,0.004853053949773312,16.22701072692871,0.00029907257913617906,0.8453475131965832,0.0008453475131965832
86,final_norm.bias,0.0019364780746400356,0.14512421190738678,0.013343590632984693,0.8453475131965832,0.0008453475131965832
86,lm_head.weight,0.012964891269803047,3.3589894771575928,0.0038597594181123173,0.8453475131965832,0.0008453475131965832
87,token_embedding.weight,0.019393127411603928,85.40473937988281,0.00022707319936124968,0.8417027778885048,0.0008417027778885047
87,position_embedding.weight,0.024862905964255333,89.6465835571289,0.0002773435972427295,0.8417027778885048,0.0008417027778885047
87,blocks.0.ln1.weight,0.006458607502281666,16.32522964477539,0.00039562123429903707,0.8417027778885048,0.0008417027778885047
87,blocks.0.ln1.bias,0.005735478829592466,0.12468276917934418,0.04600057303264199,0.8417027778885048,0.0008417027778885047
87,blocks.0.attn.qkv.weight,0.1537906527519226,17.231426239013672,0.008925010072800374,0.8417027778885048,0.0008417027778885047
87,blocks.0.attn.proj.weight,0.0732564628124237,9.87417984008789,0.0074189921592277,0.8417027778885048,0.0008417027778885047
87,blocks.0.ln2.weight,0.004576097242534161,16.126798629760742,0.0002837573251574586,0.8417027778885048,0.0008417027778885047
87,blocks.0.ln2.bias,0.004171088803559542,0.10791099816560745,0.038653046255022645,0.8417027778885048,0.0008417027778885047
87,blocks.0.mlp.fc.weight,0.11767403036355972,19.32450294494629,0.006089369061589631,0.8417027778885048,0.0008417027778885047
87,blocks.0.mlp.proj.weight,0.11031713336706161,10.581541061401367,0.010425431676436865,0.8417027778885048,0.0008417027778885047
87,blocks.1.ln1.weight,0.006563641596585512,16.344575881958008,0.0004015791932435763,0.8417027778885048,0.0008417027778885047
87,blocks.1.ln1.bias,0.00535750575363636,0.13425318896770477,0.03990598506293379,0.8417027778885048,0.0008417027778885047
87,blocks.1.attn.qkv.weight,0.1352035105228424,17.208162307739258,0.007856940683435306,0.8417027778885048,0.0008417027778885047
87,blocks.1.attn.proj.weight,0.06646738946437836,9.914234161376953,0.006704238409388167,0.8417027778885048,0.0008417027778885047
87,blocks.1.ln2.weight,0.00416403217241168,16.202354431152344,0.0002570016715845457,0.8417027778885048,0.0008417027778885047
87,blocks.1.ln2.bias,0.0031781287398189306,0.10941367596387863,0.02904690580763503,0.8417027778885048,0.0008417027778885047
87,blocks.1.mlp.fc.weight,0.0963461771607399,19.361318588256836,0.0049762198127957825,0.8417027778885048,0.0008417027778885047
87,blocks.1.mlp.proj.weight,0.07832353562116623,10.540445327758789,0.007430761527208898,0.8417027778885048,0.0008417027778885047
87,final_norm.weight,0.004847176838666201,16.2313232421875,0.00029863103373281395,0.8417027778885048,0.0008417027778885047
87,final_norm.bias,0.002492230851203203,0.14513073861598969,0.01717231563039431,0.8417027778885048,0.0008417027778885047
87,lm_head.weight,0.012835088185966015,3.3640682697296143,0.0038153471204654876,0.8417027778885048,0.0008417027778885047
88,token_embedding.weight,0.017899639904499054,85.40481567382812,0.00020958583849486721,0.8380247351202708,0.0008380247351202708
88,position_embedding.weight,0.02459019608795643,89.64305114746094,0.00027431235074212054,0.8380247351202708,0.0008380247351202708
88,blocks.0.ln1.weight,0.006651599425822496,16.32825469970703,0.00040736744668378036,0.8380247351202708,0.0008380247351202708
88,blocks.0.ln1.bias,0.003912796266376972,0.12584757804870605,0.031091550008467653,0.8380247351202708,0.0008380247351202708
88,blocks.0.attn.qkv.weight,0.15342068672180176,17.246540069580078,0.008895737121928619,0.8380247351202708,0.0008380247351202708
88,blocks.0.attn.proj.weight,0.07281043380498886,9.883108139038086,0.007367159478644344,0.8380247351202708,0.0008380247351202708
88,blocks.0.ln2.weight,0.004152251407504082,16.12734603881836,0.00025746650425366934,0.8380247351202708,0.0008380247351202708
88,blocks.0.ln2.bias,0.002436836250126362,0.10757582634687424,0.022652266153607985,0.8380247351202708,0.0008380247351202708
88,blocks.0.mlp.fc.weight,0.11430443823337555,19.331506729125977,0.005912857173266888,0.8380247351202708,0.0008380247351202708
88,blocks.0.mlp.proj.weight,0.103116974234581,10.59252643585205,0.00973488004576093,0.8380247351202708,0.0008380247351202708
88,blocks.1.ln1.weight,0.0060135419480502605,16.348630905151367,0.00036783153176178553,0.8380247351202708,0.0008380247351202708
88,blocks.1.ln1.bias,0.004283910617232323,0.1360994130373001,0.03147633425889042,0.8380247351202708,0.0008380247351202708
88,blocks.1.attn.qkv.weight,0.12681716680526733,17.22381591796875,0.00736289608581789,0.8380247351202708,0.0008380247351202708
88,blocks.1.attn.proj.weight,0.06507933884859085,9.924288749694824,0.006557582159284262,0.8380247351202708,0.0008380247351202708
88,blocks.1.ln2.weight,0.003990511409938335,16.20432472229004,0.00024626212312623536,0.8380247351202708,0.0008380247351202708
88,blocks.1.ln2.bias,0.0018353704363107681,0.10912676155567169,0.016818701573560614,0.8380247351202708,0.0008380247351202708
88,blocks.1.mlp.fc.weight,0.09323699027299881,19.369705200195312,0.004813547202156379,0.8380247351202708,0.0008380247351202708
88,blocks.1.mlp.proj.weight,0.07371494919061661,10.54965877532959,0.006987424973686567,0.8380247351202708,0.0008380247351202708
88,final_norm.weight,0.004840679466724396,16.235607147216797,0.00029815204462827345,0.8380247351202708,0.0008380247351202708
88,final_norm.bias,0.002204789547249675,0.1455317586660385,0.015149885959215289,0.8380247351202708,0.0008380247351202708
88,lm_head.weight,0.012204491533339024,3.3689212799072266,0.003622670439385122,0.8380247351202708,0.0008380247351202708
89,token_embedding.weight,0.018337830901145935,85.40509796142578,0.0002147158815909118,0.8343138048613576,0.0008343138048613576
89,position_embedding.weight,0.023381391540169716,89.63941955566406,0.00026083827467948,0.8343138048613576,0.0008343138048613576
89,blocks.0.ln1.weight,0.0060608540661633015,16.3311824798584,0.0003711215690375093,0.8343138048613576,0.0008343138048613576
89,blocks.0.ln1.bias,0.0030937730334699154,0.12628215551376343,0.024498893140196897,0.8343138048613576,0.0008343138048613576
89,blocks.0.attn.qkv.weight,0.1450912058353424,17.261396408081055,0.008405531186770525,0.8343138048613576,0.0008343138048613576
89,blocks.0.attn.proj.weight,0.06839234381914139,9.89179801940918,0.006914045726058955,0.8343138048613576,0.0008343138048613576
89,blocks.0.ln2.weight,0.003888406790792942,16.12789535522461,0.00024109821555439703,0.8343138048613576,0.0008343138048613576
89,blocks.0.ln2.bias,0.0020525946747511625,0.1074029877781868,0.01911115060384686,0.8343138048613576,0.0008343138048613576
89,blocks.0.mlp.fc.weight,0.1082177385687828,19.338611602783203,0.005595941466304777,0.8343138048613576,0.0008343138048613576
89,blocks.0.mlp.proj.weight,0.09684854000806808,10.60362434387207,0.009133531787556073,0.8343138048613576,0.0008343138048613576
89,blocks.1.ln1.weight,0.005755721591413021,16.35215950012207,0.00035198541155189334,0.8343138048613576,0.0008343138048613576
89,blocks.1.ln1.bias,0.003942119888961315,0.13814808428287506,0.028535465470956572,0.8343138048613576,0.0008343138048613576
89,blocks.1.attn.qkv.weight,0.1195530965924263,17.238588333129883,0.006935202249865028,0.8343138048613576,0.0008343138048613576
89,blocks.1.attn.proj.weight,0.062424756586551666,9.933220863342285,0.006284442623934668,0.8343138048613576,0.0008343138048613576
89,blocks.1.ln2.weight,0.0038294841069728136,16.206462860107422,0.00023629364038459867,0.8343138048613576,0.0008343138048613576
89,blocks.1.ln2.bias,0.0016490862471982837,0.10941001027822495,0.015072535346534159,0.8343138048613576,0.0008343138048613576
89,blocks.1.mlp.fc.weight,0.08969126641750336,19.378250122070312,0.004628450239443829,0.8343138048613576,0.0008343138048613576
89,blocks.1.mlp.proj.weight,0.07114255428314209,10.559062004089355,0.006737582775400219,0.8343138048613576,0.0008343138048613576
89,final_norm.weight,0.00495205307379365,16.23993682861328,0.0003049305626034383,0.8343138048613576,0.0008343138048613576
89,final_norm.bias,0.0017757853493094444,0.1462976187467575,0.012138169879382703,0.8343138048613576,0.0008343138048613576
89,lm_head.weight,0.013104831799864769,3.373558521270752,0.003884572245370315,0.8343138048613576,0.0008343138048613576
90,token_embedding.weight,0.018685979768633842,85.40562438964844,0.0002187909742733343,0.8305704108364301,0.0008305704108364302
90,position_embedding.weight,0.02352922409772873,89.6358642578125,0.0002624978773011351,0.8305704108364301,0.0008305704108364302
90,blocks.0.ln1.weight,0.006154088769108057,16.33323097229004,0.0003767833063493887,0.8305704108364301,0.0008305704108364302
90,blocks.0.ln1.bias,0.003694022772833705,0.12685829401016235,0.02911928464455517,0.8305704108364301,0.0008305704108364302
90,blocks.0.attn.qkv.weight,0.1488712728023529,17.275104522705078,0.008617677109083727,0.8305704108364301,0.0008305704108364302
90,blocks.0.attn.proj.weight,0.07244417816400528,9.89964485168457,0.007317856271548016,0.8305704108364301,0.0008305704108364302
90,blocks.0.ln2.weight,0.003831553505733609,16.12835121154785,0.0002375663485669875,0.8305704108364301,0.0008305704108364302
90,blocks.0.ln2.bias,0.002897904720157385,0.1075122207403183,0.026954189023124544,0.8305704108364301,0.0008305704108364302
90,blocks.0.mlp.fc.weight,0.11266008764505386,19.345531463623047,0.005823571601374294,0.8305704108364301,0.0008305704108364302
90,blocks.0.mlp.proj.weight,0.10402162373065948,10.614673614501953,0.009799794841410246,0.8305704108364301,0.0008305704108364302
90,blocks.1.ln1.weight,0.006102311424911022,16.355735778808594,0.00037309916884431125,0.8305704108364301,0.0008305704108364302
90,blocks.1.ln1.bias,0.004473886452615261,0.14035223424434662,0.03187613276461677,0.8305704108364301,0.0008305704108364302
90,blocks.1.attn.qkv.weight,0.1239563599228859,17.253311157226562,0.007184496865168951,0.8305704108364301,0.0008305704108364302
90,blocks.1.attn.proj.weight,0.06316373497247696,9.942086219787598,0.006353167089494426,0.8305704108364301,0.0008305704108364302
90,blocks.1.ln2.weight,0.004071073606610298,16.20842933654785,0.000251170148697278,0.8305704108364301,0.0008305704108364302
90,blocks.1.ln2.bias,0.0020880515221506357,0.10988182574510574,0.01900270138371483,0.8305704108364301,0.0008305704108364302
90,blocks.1.mlp.fc.weight,0.09277351945638657,19.38646125793457,0.004785479836780994,0.8305704108364301,0.0008305704108364302
90,blocks.1.mlp.proj.weight,0.07560651004314423,10.568302154541016,0.007154082930023936,0.8305704108364301,0.0008305704108364302
90,final_norm.weight,0.004763087257742882,16.244407653808594,0.00029321396995512215,0.8305704108364301,0.0008305704108364302
90,final_norm.bias,0.002109190681949258,0.14666803181171417,0.014380711705755765,0.8305704108364301,0.0008305704108364302
90,lm_head.weight,0.012952273711562157,3.3787245750427246,0.003833480185757532,0.8305704108364301,0.0008305704108364302
91,token_embedding.weight,0.01870640181005001,85.40677642822266,0.00021902713803712026,0.8267949804769588,0.0008267949804769588
91,position_embedding.weight,0.02445029839873314,89.63201141357422,0.00027278533654584506,0.8267949804769588,0.0008267949804769588
91,blocks.0.ln1.weight,0.006320406217128038,16.335163116455078,0.0003869203002179298,0.8267949804769588,0.0008267949804769588
91,blocks.0.ln1.bias,0.004394149873405695,0.1275881677865982,0.03444010482790877,0.8267949804769588,0.0008267949804769588
91,blocks.0.attn.qkv.weight,0.15332090854644775,17.28882598876953,0.008868208208355677,0.8267949804769588,0.0008267949804769588
91,blocks.0.attn.proj.weight,0.07679124176502228,9.907073020935059,0.007751153302569152,0.8267949804769588,0.0008267949804769588
91,blocks.0.ln2.weight,0.003970587160438299,16.128623962402344,0.0002461826358959043,0.8267949804769588,0.0008267949804769588
91,blocks.0.ln2.bias,0.003917153924703598,0.10770624130964279,0.03636886662311306,0.8267949804769588,0.0008267949804769588
91,blocks.0.mlp.fc.weight,0.11712712794542313,19.352191925048828,0.006052395945588554,0.8267949804769588,0.0008267949804769588
91,blocks.0.mlp.proj.weight,0.11054855585098267,10.625104904174805,0.010404467235663305,0.8267949804769588,0.0008267949804769588
91,blocks.1.ln1.weight,0.005933872424066067,16.359407424926758,0.00036271927643444403,0.8267949804769588,0.0008267949804769588
91,blocks.1.ln1.bias,0.005108423065394163,0.1428033411502838,0.035772433783481106,0.8267949804769588,0.0008267949804769588
91,blocks.1.attn.qkv.weight,0.12595750391483307,17.268253326416016,0.007294165862284577,0.8267949804769588,0.0008267949804769588
91,blocks.1.attn.proj.weight,0.06681229919195175,9.951085090637207,0.006714071740257502,0.8267949804769588,0.0008267949804769588
91,blocks.1.ln2.weight,0.004132196307182312,16.210363388061523,0.0002549107757957668,0.8267949804769588,0.0008267949804769588
91,blocks.1.ln2.bias,0.003189282026141882,0.11045026034116745,0.02887527848519054,0.8267949804769588,0.0008267949804769588
91,blocks.1.mlp.fc.weight,0.0957103967666626,19.394550323486328,0.004934911878351452,0.8267949804769588,0.0008267949804769588
91,blocks.1.mlp.proj.weight,0.07905831933021545,10.577413558959961,0.007474258134044396,0.8267949804769588,0.0008267949804769588
91,final_norm.weight,0.0048555475659668446,16.248640060424805,0.00029882793562476163,0.8267949804769588,0.0008267949804769588
91,final_norm.bias,0.0025199835654348135,0.14714239537715912,0.017126155646429442,0.8267949804769588,0.0008267949804769588
91,lm_head.weight,0.012813075445592403,3.383768081665039,0.003786629324573489,0.8267949804769588,0.0008267949804769588
92,token_embedding.weight,0.017113545909523964,85.40789794921875,0.00020037427826287237,0.8229879448724149,0.0008229879448724149
92,position_embedding.weight,0.02324644848704338,89.62818908691406,0.0002593653706927028,0.8229879448724149,0.0008229879448724149
92,blocks.0.ln1.weight,0.005895926151424646,16.3365478515625,0.000360904041967494,0.8229879448724149,0.0008229879448724149
92,blocks.0.ln1.bias,0.0036630353424698114,0.1281059980392456,0.028593784822776504,0.8229879448724149,0.0008229879448724149
92,blocks.0.attn.qkv.weight,0.14235863089561462,17.30170440673828,0.008228011966275631,0.8229879448724149,0.0008229879448724149
92,blocks.0.attn.proj.weight,0.07177751511335373,9.914168357849121,0.007239892699272117,0.8229879448724149,0.0008229879448724149
92,blocks.0.ln2.weight,0.0037535051815211773,16.128738403320312,0.0002327215612070586,0.8229879448724149,0.0008229879448724149
92,blocks.0.ln2.bias,0.003564968705177307,0.10804736614227295,0.03299449891679995,0.8229879448724149,0.0008229879448724149
92,blocks.0.mlp.fc.weight,0.1095104068517685,19.358625411987305,0.005656930929814443,0.8229879448724149,0.0008229879448724149
92,blocks.0.mlp.proj.weight,0.10340055078268051,10.635185241699219,0.00972249645236552,0.8229879448724149,0.0008229879448724149
92,blocks.1.ln1.weight,0.005704275332391262,16.362821578979492,0.00034861196187086185,0.8229879448724149,0.0008229879448724149
92,blocks.1.ln1.bias,0.004556635860353708,0.14502786099910736,0.031419037893348885,0.8229879448724149,0.0008229879448724149
92,blocks.1.attn.qkv.weight,0.11881040036678314,17.28291130065918,0.0068744436802290814,0.8229879448724149,0.0008229879448724149
92,blocks.1.attn.proj.weight,0.06345897912979126,9.959611892700195,0.006371631727567271,0.8229879448724149,0.0008229879448724149
92,blocks.1.ln2.weight,0.0037366182077676058,16.212507247924805,0.000230477504227217,0.8229879448724149,0.0008229879448724149
92,blocks.1.ln2.bias,0.002693269634619355,0.1114354357123375,0.024168879651062403,0.8229879448724149,0.0008229879448724149
92,blocks.1.mlp.fc.weight,0.08940310776233673,19.4031925201416,0.004607649368500915,0.8229879448724149,0.0008229879448724149
92,blocks.1.mlp.proj.weight,0.07330124825239182,10.587096214294434,0.006923640511872875,0.8229879448724149,0.0008229879448724149
92,final_norm.weight,0.004853175953030586,16.25286865234375,0.00029860426838128877,0.8229879448724149,0.0008229879448724149
92,final_norm.bias,0.0023274412378668785,0.14787064492702484,0.015739711144154046,0.8229879448724149,0.0008229879448724149
92,lm_head.weight,0.012089218944311142,3.388700246810913,0.003567509093105733,0.8229879448724149,0.0008229879448724149
93,token_embedding.weight,0.019584234803915024,85.40887451171875,0.00022929976440829564,0.8191497387210472,0.0008191497387210473
93,position_embedding.weight,0.022155795246362686,89.6243896484375,0.00024720720925711434,0.8191497387210472,0.0008191497387210473
93,blocks.0.ln1.weight,0.00554738100618124,16.33792495727539,0.0003395401203450022,0.8191497387210472,0.0008191497387210473
93,blocks.0.ln1.bias,0.0038746034260839224,0.12861953675746918,0.030124532584500947,0.8191497387210472,0.0008191497387210473
93,blocks.0.attn.qkv.weight,0.13457614183425903,17.314603805541992,0.007772406654270464,0.8191497387210472,0.0008191497387210473
93,blocks.0.attn.proj.weight,0.06812575459480286,9.92148494720459,0.006866487724097252,0.8191497387210472,0.0008191497387210473
93,blocks.0.ln2.weight,0.0035318629816174507,16.128835678100586,0.00021897817375700132,0.8191497387210472,0.0008191497387210473
93,blocks.0.ln2.bias,0.003260580589994788,0.1086961030960083,0.029997216984723078,0.8191497387210472,0.0008191497387210473
93,blocks.0.mlp.fc.weight,0.10330697149038315,19.364980697631836,0.00533473144659583,0.8191497387210472,0.0008191497387210473
93,blocks.0.mlp.proj.weight,0.09850584715604782,10.645359992980957,0.00925340685716487,0.8191497387210472,0.0008191497387210473
93,blocks.1.ln1.weight,0.00542029831558466,16.366336822509766,0.0003311857976752265,0.8191497387210472,0.0008191497387210473
93,blocks.1.ln1.bias,0.0046432605013251305,0.14691929519176483,0.031604157202312744,0.8191497387210472,0.0008191497387210473
93,blocks.1.attn.qkv.weight,0.1130342110991478,17.2976016998291,0.00653467533017933,0.8191497387210472,0.0008191497387210473
93,blocks.1.attn.proj.weight,0.060171641409397125,9.968470573425293,0.006036195920545848,0.8191497387210472,0.0008191497387210473
93,blocks.1.ln2.weight,0.003631608560681343,16.21440315246582,0.0002239742361487317,0.8191497387210472,0.0008191497387210473
93,blocks.1.ln2.bias,0.0025143465027213097,0.11203049123287201,0.022443412280255235,0.8191497387210472,0.0008191497387210473
93,blocks.1.mlp.fc.weight,0.08546684682369232,19.411279678344727,0.004402947576868667,0.8191497387210472,0.0008191497387210473
93,blocks.1.mlp.proj.weight,0.06987367570400238,10.596153259277344,0.00659424925199328,0.8191497387210472,0.0008191497387210473
93,final_norm.weight,0.005074193701148033,16.257190704345703,0.00031211995931076464,0.8191497387210472,0.0008191497387210473
93,final_norm.bias,0.0021634288132190704,0.14860405027866364,0.01455834352527829,0.8191497387210472,0.0008191497387210473
93,lm_head.weight,0.01195624377578497,3.393646001815796,0.0035231263866013626,0.8191497387210472,0.0008191497387210473
94,token_embedding.weight,0.02001071721315384,85.41038513183594,0.0002342890408732602,0.815280800280247,0.000815280800280247
94,position_embedding.weight,0.02310333214700222,89.6205825805664,0.0002577904704673473,0.815280800280247,0.000815280800280247
94,blocks.0.ln1.weight,0.005805314518511295,16.33885955810547,0.0003553072047572016,0.815280800280247,0.000815280800280247
94,blocks.0.ln1.bias,0.0038922822568565607,0.12864834070205688,0.03025520761158231,0.815280800280247,0.000815280800280247
94,blocks.0.attn.qkv.weight,0.140456423163414,17.326894760131836,0.00810626630494622,0.815280800280247,0.000815280800280247
94,blocks.0.attn.proj.weight,0.06940872222185135,9.927936553955078,0.006991253604878589,0.815280800280247,0.000815280800280247
94,blocks.0.ln2.weight,0.004359790123999119,16.129087448120117,0.0002703060627591174,0.815280800280247,0.000815280800280247
94,blocks.0.ln2.bias,0.0038782316260039806,0.10934244841337204,0.035468673714957925,0.815280800280247,0.000815280800280247
94,blocks.0.mlp.fc.weight,0.11524825543165207,19.371557235717773,0.005949354201589351,0.815280800280247,0.000815280800280247
94,blocks.0.mlp.proj.weight,0.10755767673254013,10.655755043029785,0.010093857854107335,0.815280800280247,0.000815280800280247
94,blocks.1.ln1.weight,0.006043180823326111,16.36966323852539,0.0003691695262919852,0.815280800280247,0.000815280800280247
94,blocks.1.ln1.bias,0.00459830928593874,0.14884096384048462,0.03089411118592279,0.815280800280247,0.000815280800280247
94,blocks.1.attn.qkv.weight,0.12672363221645355,17.311857223510742,0.007320048368025267,0.815280800280247,0.000815280800280247
94,blocks.1.attn.proj.weight,0.05973796546459198,9.976776123046875,0.005987702312632652,0.815280800280247,0.000815280800280247
94,blocks.1.ln2.weight,0.0035160116385668516,16.216493606567383,0.00021681700889659124,0.815280800280247,0.000815280800280247
94,blocks.1.ln2.bias,0.0021772028412669897,0.11270415037870407,0.019317858605312405,0.815280800280247,0.000815280800280247
94,blocks.1.mlp.fc.weight,0.08687066286802292,19.419872283935547,0.004473287032885348,0.815280800280247,0.000815280800280247
94,blocks.1.mlp.proj.weight,0.0710563063621521,10.605666160583496,0.006699843770891999,0.815280800280247,0.000815280800280247
94,final_norm.weight,0.004873090423643589,16.261816024780273,0.0002996645895032584,0.815280800280247,0.000815280800280247
94,final_norm.bias,0.0019745943136513233,0.14943109452724457,0.013214079170638058,0.815280800280247,0.000815280800280247
94,lm_head.weight,0.01166006363928318,3.398953437805176,0.003430486428436944,0.815280800280247,0.000815280800280247
95,token_embedding.weight,0.019014406949281693,85.4116439819336,0.0002226207816969713,0.8113815713165062,0.0008113815713165063
95,position_embedding.weight,0.02433646097779274,89.61730194091797,0.0002715598489434192,0.8113815713165062,0.0008113815713165063
95,blocks.0.ln1.weight,0.0059416345320641994,16.340137481689453,0.0003636220649135881,0.8113815713165062,0.0008113815713165063
95,blocks.0.ln1.bias,0.004107674118131399,0.12889663875102997,0.031867969234121774,0.8113815713165062,0.0008113815713165063
95,blocks.0.attn.qkv.weight,0.14720970392227173,17.339536666870117,0.008489829154635389,0.8113815713165062,0.0008113815713165063
95,blocks.0.attn.proj.weight,0.06972065567970276,9.93493366241455,0.007017727349651078,0.8113815713165062,0.0008113815713165063
95,blocks.0.ln2.weight,0.004362272564321756,16.129058837890625,0.00027046045328283947,0.8113815713165062,0.0008113815713165063
95,blocks.0.ln2.bias,0.004752475768327713,0.11005724966526031,0.04318185110693944,0.8113815713165062,0.0008113815713165063
95,blocks.0.mlp.fc.weight,0.11706044524908066,19.3774356842041,0.006041069992790571,0.8113815713165062,0.0008113815713165063
95,blocks.0.mlp.proj.weight,0.10634922981262207,10.665177345275879,0.009971632572966009,0.8113815713165062,0.0008113815713165063
95,blocks.1.ln1.weight,0.005893542431294918,16.372638702392578,0.0003599628953171317,0.8113815713165062,0.0008113815713165063
95,blocks.1.ln1.bias,0.0048701586201786995,0.15078623592853546,0.032298429562593454,0.8113815713165062,0.0008113815713165063
95,blocks.1.attn.qkv.weight,0.12626826763153076,17.32514762878418,0.007288149592546044,0.8113815713165062,0.0008113815713165063
95,blocks.1.attn.proj.weight,0.06009397655725479,9.984442710876465,0.006018761216566041,0.8113815713165062,0.0008113815713165063
95,blocks.1.ln2.weight,0.0035179699771106243,16.218421936035156,0.00021691197768717256,0.8113815713165062,0.0008113815713165063
95,blocks.1.ln2.bias,0.0021427918691188097,0.11306734383106232,0.018951465529264355,0.8113815713165062,0.0008113815713165063
95,blocks.1.mlp.fc.weight,0.08618874847888947,19.42799186706543,0.004436317920484271,0.8113815713165062,0.0008113815713165063
95,blocks.1.mlp.proj.weight,0.06657608598470688,10.614645957946777,0.006272096709439249,0.8113815713165062,0.0008113815713165063
95,final_norm.weight,0.004635987337678671,16.26620101928711,0.00028500738016094953,0.8113815713165062,0.0008113815713165063
95,final_norm.bias,0.0017376156756654382,0.15028265118598938,0.011562317153318034,0.8113815713165062,0.0008113815713165063
95,lm_head.weight,0.011031425558030605,3.403881072998047,0.0032408375385192824,0.8113815713165062,0.0008113815713165063
96,token_embedding.weight,0.018312379717826843,85.41239166259766,0.00021439956616793436,0.8074524970549763,0.0008074524970549763
96,position_embedding.weight,0.02289419248700142,89.61418151855469,0.00025547510560324546,0.8074524970549763,0.0008074524970549763
96,blocks.0.ln1.weight,0.005453153979033232,16.341869354248047,0.0003336921780992796,0.8074524970549763,0.0008074524970549763
96,blocks.0.ln1.bias,0.0035072420723736286,0.12896472215652466,0.02719536020160373,0.8074524970549763,0.0008074524970549763
96,blocks.0.attn.qkv.weight,0.1414176970720291,17.352519989013672,0.00814969221539904,0.8074524970549763,0.0008074524970549763
96,blocks.0.attn.proj.weight,0.06861068308353424,9.942605972290039,0.006900674056152355,0.8074524970549763,0.0008074524970549763
96,blocks.0.ln2.weight,0.003863046644255519,16.129100799560547,0.00023950787413769107,0.8074524970549763,0.0008074524970549763
96,blocks.0.ln2.bias,0.00373447616584599,0.11129715293645859,0.03355410329269169,0.8074524970549763,0.0008074524970549763
96,blocks.0.mlp.fc.weight,0.10990578681230545,19.383386611938477,0.005670102392974373,0.8074524970549763,0.0008074524970549763
96,blocks.0.mlp.proj.weight,0.10092990845441818,10.674880981445312,0.009454897776363165,0.8074524970549763,0.0008074524970549763
96,blocks.1.ln1.weight,0.0055585396476089954,16.375747680664062,0.0003394373042381445,0.8074524970549763,0.0008074524970549763
96,blocks.1.ln1.bias,0.004352891817688942,0.15288688242435455,0.028471323037240925,0.8074524970549763,0.0008074524970549763
96,blocks.1.attn.qkv.weight,0.12279913574457169,17.33867073059082,0.007082384667926628,0.8074524970549763,0.0008074524970549763
96,blocks.1.attn.proj.weight,0.058819711208343506,9.992198944091797,0.005886563261744967,0.8074524970549763,0.0008074524970549763
96,blocks.1.ln2.weight,0.0034845483023673296,16.220243453979492,0.00021482712711763967,0.8074524970549763,0.0008074524970549763
96,blocks.1.ln2.bias,0.0024641898926347494,0.11311225593090057,0.021785348301410584,0.8074524970549763,0.0008074524970549763
96,blocks.1.mlp.fc.weight,0.08454179763793945,19.435932159423828,0.004349768096764201,0.8074524970549763,0.0008074524970549763
96,blocks.1.mlp.proj.weight,0.06601110845804214,10.62324047088623,0.006213839236619392,0.8074524970549763,0.0008074524970549763
96,final_norm.weight,0.00480897119268775,16.270408630371094,0.00029556548344525336,0.8074524970549763,0.0008074524970549763
96,final_norm.bias,0.001680500339716673,0.15131473541259766,0.011105992652488605,0.8074524970549763,0.0008074524970549763
96,lm_head.weight,0.011435381136834621,3.4085800647735596,0.0033548811879209727,0.8074524970549763,0.0008074524970549763
97,token_embedding.weight,0.020974181592464447,85.41365814208984,0.00024556004330797556,0.8034940261286299,0.0008034940261286298
97,position_embedding.weight,0.024464188143610954,89.6107177734375,0.0002730051577698933,0.8034940261286299,0.0008034940261286298
97,blocks.0.ln1.weight,0.00531498109921813,16.343215942382812,0.00032521023511868807,0.8034940261286299,0.0008034940261286298
97,blocks.0.ln1.bias,0.003520892234519124,0.1289895474910736,0.02729594996629849,0.8034940261286299,0.0008034940261286298
97,blocks.0.attn.qkv.weight,0.14339980483055115,17.364946365356445,0.008258004477147682,0.8034940261286299,0.0008034940261286298
97,blocks.0.attn.proj.weight,0.07266922295093536,9.94949722290039,0.007303808556644248,0.8034940261286299,0.0008034940261286298
97,blocks.0.ln2.weight,0.003935410175472498,16.1290340423584,0.00024399540388699036,0.8034940261286299,0.0008034940261286298
97,blocks.0.ln2.bias,0.0031991552095860243,0.11240429431200027,0.028461147584608087,0.8034940261286299,0.0008034940261286298
97,blocks.0.mlp.fc.weight,0.11945117264986038,19.389158248901367,0.006160719878420849,0.8034940261286299,0.0008034940261286298
97,blocks.0.mlp.proj.weight,0.1136203482747078,10.684175491333008,0.01063445170540917,0.8034940261286299,0.0008034940261286298
97,blocks.1.ln1.weight,0.005982292350381613,16.37850570678711,0.00036525263399958633,0.8034940261286299,0.0008034940261286298
97,blocks.1.ln1.bias,0.0046775019727647305,0.15513576567173004,0.030151022573558273,0.8034940261286299,0.0008034940261286298
97,blocks.1.attn.qkv.weight,0.1386461853981018,17.35140609741211,0.007990487031409652,0.8034940261286299,0.0008034940261286298
97,blocks.1.attn.proj.weight,0.05740950256586075,9.99965763092041,0.0057411468157006085,0.8034940261286299,0.0008034940261286298
97,blocks.1.ln2.weight,0.003552584210410714,16.22202491760254,0.0002189975806630393,0.8034940261286299,0.0008034940261286298
97,blocks.1.ln2.bias,0.0034063805360347033,0.11331592500209808,0.030060916291700147,0.8034940261286299,0.0008034940261286298
97,blocks.1.mlp.fc.weight,0.08653494715690613,19.443628311157227,0.004450555512174948,0.8034940261286299,0.0008034940261286298
97,blocks.1.mlp.proj.weight,0.06900035589933395,10.631641387939453,0.006490094368457683,0.8034940261286299,0.0008034940261286298
97,final_norm.weight,0.004693420138210058,16.27482032775879,0.0002883853734596714,0.8034940261286299,0.0008034940261286298
97,final_norm.bias,0.0019811897072941065,0.1522117555141449,0.013016009838326714,0.8034940261286299,0.0008034940261286298
97,lm_head.weight,0.01138466876000166,3.413503885269165,0.0033351855286084166,0.8034940261286299,0.0008034940261286298
98,token_embedding.weight,0.019945846870541573,85.41514587402344,0.00023351651122810173,0.7995066105270353,0.0007995066105270354
98,position_embedding.weight,0.024031279608607292,89.60711669921875,0.0002681849443864155,0.7995066105270353,0.0007995066105270354
98,blocks.0.ln1.weight,0.005482141859829426,16.34447479248047,0.00033541254334775177,0.7995066105270353,0.0007995066105270354
98,blocks.0.ln1.bias,0.0029333080165088177,0.12953214347362518,0.022645406289315675,0.7995066105270353,0.0007995066105270354
98,blocks.0.attn.qkv.weight,0.14032652974128723,17.377012252807617,0.008075411796904644,0.7995066105270353,0.0007995066105270354
98,blocks.0.attn.proj.weight,0.07060418277978897,9.956480979919434,0.0070912788285518525,0.7995066105270353,0.0007995066105270354
98,blocks.0.ln2.weight,0.003866607090458274,16.129127502441406,0.00023972822397694857,0.7995066105270353,0.0007995066105270354
98,blocks.0.ln2.bias,0.002788823563605547,0.11312848329544067,0.024651824919262315,0.7995066105270353,0.0007995066105270354
98,blocks.0.mlp.fc.weight,0.1163891851902008,19.395225524902344,0.006000919403631469,0.7995066105270353,0.0007995066105270354
98,blocks.0.mlp.proj.weight,0.10947104543447495,10.693997383117676,0.010236681524467519,0.7995066105270353,0.0007995066105270354
98,blocks.1.ln1.weight,0.005659317597746849,16.380807876586914,0.0003454846452253045,0.7995066105270353,0.0007995066105270354
98,blocks.1.ln1.bias,0.004364855587482452,0.15701639652252197,0.027798724745466765,0.7995066105270353,0.0007995066105270354
98,blocks.1.attn.qkv.weight,0.13150322437286377,17.363155364990234,0.007573693928812585,0.7995066105270353,0.0007995066105270354
98,blocks.1.attn.proj.weight,0.0573006309568882,10.00672435760498,0.005726212585573494,0.7995066105270353,0.0007995066105270354
98,blocks.1.ln2.weight,0.003759950865060091,16.22382354736328,0.00023175491610120057,0.7995066105270353,0.0007995066105270354
98,blocks.1.ln2.bias,0.002847575582563877,0.1133555918931961,0.025120733216423486,0.7995066105270353,0.0007995066105270354
98,blocks.1.mlp.fc.weight,0.08763229101896286,19.451255798339844,0.004505225365780123,0.7995066105270353,0.0007995066105270354
98,blocks.1.mlp.proj.weight,0.06920492649078369,10.64009952545166,0.006504161575296873,0.7995066105270353,0.0007995066105270354
98,final_norm.weight,0.0048049092292785645,16.27909278869629,0.00029515829239665334,0.7995066105270353,0.0007995066105270354
98,final_norm.bias,0.0019191718893125653,0.1530536413192749,0.012539210911660511,0.7995066105270353,0.0007995066105270354
98,lm_head.weight,0.011163226328790188,3.418389320373535,0.0032656392477750577,0.7995066105270353,0.0007995066105270354
99,token_embedding.weight,0.018709639087319374,85.41627502441406,0.00021904068143888835,0.7954907055447469,0.0007954907055447469
99,position_embedding.weight,0.02361874096095562,89.60348510742188,0.0002635917669121891,0.7954907055447469,0.0007954907055447469
99,blocks.0.ln1.weight,0.005494374316185713,16.346086502075195,0.00033612781355878954,0.7954907055447469,0.0007954907055447469
99,blocks.0.ln1.bias,0.002594191813841462,0.13006292283535004,0.019945667506684975,0.7954907055447469,0.0007954907055447469
99,blocks.0.attn.qkv.weight,0.13630445301532745,17.38959503173828,0.007838276438671873,0.7954907055447469,0.0007954907055447469
99,blocks.0.attn.proj.weight,0.06945323944091797,9.964018821716309,0.006970404280001915,0.7954907055447469,0.0007954907055447469
99,blocks.0.ln2.weight,0.003826773026958108,16.12934112548828,0.0002372553842829103,0.7954907055447469,0.0007954907055447469
99,blocks.0.ln2.bias,0.002380408812314272,0.11342620104551315,0.020986410462060064,0.7954907055447469,0.0007954907055447469
99,blocks.0.mlp.fc.weight,0.11293985694646835,19.40169906616211,0.005821132291626839,0.7954907055447469,0.0007954907055447469
99,blocks.0.mlp.proj.weight,0.10499565303325653,10.704236030578613,0.009808794642915886,0.7954907055447469,0.0007954907055447469
99,blocks.1.ln1.weight,0.005554724019020796,16.383190155029297,0.0003390502073440973,0.7954907055447469,0.0007954907055447469
99,blocks.1.ln1.bias,0.003802796360105276,0.15909592807292938,0.02390253733167939,0.7954907055447469,0.0007954907055447469
99,blocks.1.attn.qkv.weight,0.124306321144104,17.375335693359375,0.007154182419140546,0.7954907055447469,0.0007954907055447469
99,blocks.1.attn.proj.weight,0.05724287033081055,10.014273643493652,0.00571612803570591,0.7954907055447469,0.0007954907055447469
99,blocks.1.ln2.weight,0.0038712748792022467,16.22588348388672,0.0002385863847134375,0.7954907055447469,0.0007954907055447469
99,blocks.1.ln2.bias,0.002543488284572959,0.11351706087589264,0.022406220394759247,0.7954907055447469,0.0007954907055447469
99,blocks.1.mlp.fc.weight,0.08751384913921356,19.459495544433594,0.004497231130138031,0.7954907055447469,0.0007954907055447469
99,blocks.1.mlp.proj.weight,0.06918299198150635,10.648988723754883,0.006496672480004806,0.7954907055447469,0.0007954907055447469
99,final_norm.weight,0.004933040589094162,16.283493041992188,0.00030294732072365794,0.7954907055447469,0.0007954907055447469
99,final_norm.bias,0.0018236762844026089,0.15411412715911865,0.01183328431992402,0.7954907055447469,0.0007954907055447469
99,lm_head.weight,0.010927185416221619,3.4232373237609863,0.0031920618942694644,0.7954907055447469,0.0007954907055447469
100,token_embedding.weight,0.021044524386525154,85.41716003417969,0.0002463734965913634,0.7914467697293183,0.0007914467697293183
100,position_embedding.weight,0.02408696338534355,89.59972381591797,0.00026882854499451125,0.7914467697293183,0.0007914467697293183
100,blocks.0.ln1.weight,0.00487903505563736,16.347993850708008,0.00029844854972377896,0.7914467697293183,0.0007914467697293183
100,blocks.0.ln1.bias,0.003400834510102868,0.13060244917869568,0.026039592147492317,0.7914467697293183,0.0007914467697293183
100,blocks.0.attn.qkv.weight,0.1362314075231552,17.402587890625,0.007828226949885829,0.7914467697293183,0.0007914467697293183
100,blocks.0.attn.proj.weight,0.07265006750822067,9.972036361694336,0.007285379322049475,0.7914467697293183,0.0007914467697293183
100,blocks.0.ln2.weight,0.003912747371941805,16.12967872619629,0.00024258061418091674,0.7914467697293183,0.0007914467697293183
100,blocks.0.ln2.bias,0.0029605126474052668,0.11368510872125626,0.026041340688146643,0.7914467697293183,0.0007914467697293183
100,blocks.0.mlp.fc.weight,0.11941424757242203,19.408634185791016,0.006152635287435042,0.7914467697293183,0.0007914467697293183
100,blocks.0.mlp.proj.weight,0.1133119985461235,10.715332984924316,0.010574752899003191,0.7914467697293183,0.0007914467697293183
100,blocks.1.ln1.weight,0.005470256321132183,16.38577651977539,0.00033384175077268987,0.7914467697293183,0.0007914467697293183
100,blocks.1.ln1.bias,0.0038950678426772356,0.16081783175468445,0.024220372829019666,0.7914467697293183,0.0007914467697293183
100,blocks.1.attn.qkv.weight,0.12756837904453278,17.38797950744629,0.007336584390952102,0.7914467697293183,0.0007914467697293183
100,blocks.1.attn.proj.weight,0.056783996522426605,10.022173881530762,0.005665836293966583,0.7914467697293183,0.0007914467697293183
100,blocks.1.ln2.weight,0.0036759290378540754,16.228073120117188,0.00022651666717578262,0.7914467697293183,0.0007914467697293183
100,blocks.1.ln2.bias,0.0031445014756172895,0.1137666329741478,0.02763992739685108,0.7914467697293183,0.0007914467697293183
100,blocks.1.mlp.fc.weight,0.08773592114448547,19.468063354492188,0.004506658908331332,0.7914467697293183,0.0007914467697293183
100,blocks.1.mlp.proj.weight,0.07157240808010101,10.658470153808594,0.006715073274800072,0.7914467697293183,0.0007914467697293183
100,final_norm.weight,0.004764093551784754,16.288000106811523,0.0002924910069095685,0.7914467697293183,0.0007914467697293183
100,final_norm.bias,0.0019114963943138719,0.15515348315238953,0.012320035331879127,0.7914467697293183,0.0007914467697293183
100,lm_head.weight,0.012130088172852993,3.42808198928833,0.0035384475081845,0.7914467697293183,0.0007914467697293183
101,token_embedding.weight,0.02123110182583332,85.41836547851562,0.00024855429750845684,0.7873752648289442,0.0007873752648289441
101,position_embedding.weight,0.024308867752552032,89.595703125,0.000271317338942439,0.7873752648289442,0.0007873752648289441
101,blocks.0.ln1.weight,0.005139308050274849,16.348983764648438,0.0003143503060653415,0.7873752648289442,0.0007873752648289441
101,blocks.0.ln1.bias,0.00481936801224947,0.13127751648426056,0.036711297877047924,0.7873752648289442,0.0007873752648289441
101,blocks.0.attn.qkv.weight,0.1422467827796936,17.41387176513672,0.008168590230718782,0.7873752648289442,0.0007873752648289441
101,blocks.0.attn.proj.weight,0.07255737483501434,9.979183197021484,0.007270873116816162,0.7873752648289442,0.0007873752648289441
101,blocks.0.ln2.weight,0.0038715654518455267,16.130203247070312,0.00024001963227267267,0.7873752648289442,0.0007873752648289441
101,blocks.0.ln2.bias,0.003461873857304454,0.11422857642173767,0.03030654820115007,0.7873752648289442,0.0007873752648289441
101,blocks.0.mlp.fc.weight,0.11793301999568939,19.41607666015625,0.00607398817278538,0.7873752648289442,0.0007873752648289441
101,blocks.0.mlp.proj.weight,0.11425697058439255,10.727689743041992,0.01065065949157313,0.7873752648289442,0.0007873752648289441
101,blocks.1.ln1.weight,0.005327807739377022,16.387962341308594,0.00032510495377128547,0.7873752648289442,0.0007873752648289441
101,blocks.1.ln1.bias,0.0037441093008965254,0.16130031645298004,0.023212039400832437,0.7873752648289442,0.0007873752648289441
101,blocks.1.attn.qkv.weight,0.12921284139156342,17.400007247924805,0.007426022274040515,0.7873752648289442,0.0007873752648289441
101,blocks.1.attn.proj.weight,0.059716321527957916,10.029684066772461,0.005953958382975128,0.7873752648289442,0.0007873752648289441
101,blocks.1.ln2.weight,0.003670984646305442,16.23003387451172,0.00022618465708012318,0.7873752648289442,0.0007873752648289441
101,blocks.1.ln2.bias,0.0029268201906234026,0.11411430686712265,0.025648144136789192,0.7873752648289442,0.0007873752648289441
101,blocks.1.mlp.fc.weight,0.08967772126197815,19.476177215576172,0.004604482710819315,0.7873752648289442,0.0007873752648289441
101,blocks.1.mlp.proj.weight,0.07353118807077408,10.667715072631836,0.006892871394682486,0.7873752648289442,0.0007873752648289441
101,final_norm.weight,0.004631224554032087,16.292312622070312,0.00028425826716325925,0.7873752648289442,0.0007873752648289441
101,final_norm.bias,0.0020621756557375193,0.1557067483663559,0.013243970973385612,0.7873752648289442,0.0007873752648289441
101,lm_head.weight,0.01254952885210514,3.433093309402466,0.0036554581309314153,0.7873752648289442,0.0007873752648289441
102,token_embedding.weight,0.02055669017136097,85.4198226928711,0.00024065479795331318,0.7832766557397364,0.0007832766557397363
102,position_embedding.weight,0.024660810828208923,89.59188079833984,0.0002752572064394659,0.7832766557397364,0.0007832766557397363
102,blocks.0.ln1.weight,0.005471008364111185,16.349842071533203,0.00033462148075646877,0.7832766557397364,0.0007832766557397363
102,blocks.0.ln1.bias,0.005901503376662731,0.13233976066112518,0.04459357752451871,0.7832766557397364,0.0007832766557397363
102,blocks.0.attn.qkv.weight,0.14441177248954773,17.424840927124023,0.00828769531346159,0.7832766557397364,0.0007832766557397363
102,blocks.0.attn.proj.weight,0.07374618947505951,9.985736846923828,0.007385152503570142,0.7832766557397364,0.0007832766557397363
102,blocks.0.ln2.weight,0.004056738223880529,16.130884170532227,0.0002514888942846106,0.7832766557397364,0.0007832766557397363
102,blocks.0.ln2.bias,0.004285746719688177,0.11446525901556015,0.037441462645606216,0.7832766557397364,0.0007832766557397363
102,blocks.0.mlp.fc.weight,0.11876693367958069,19.423900604248047,0.00611447392052655,0.7832766557397364,0.0007832766557397363
102,blocks.0.mlp.proj.weight,0.11583831161260605,10.74056339263916,0.0107851243345375,0.7832766557397364,0.0007832766557397363
102,blocks.1.ln1.weight,0.0052586505189538,16.38913917541504,0.0003208619112126314,0.7832766557397364,0.0007832766557397363
102,blocks.1.ln1.bias,0.004589758347719908,0.1610056757926941,0.028506810862997348,0.7832766557397364,0.0007832766557397363
102,blocks.1.attn.qkv.weight,0.1302873194217682,17.410579681396484,0.007483226969230384,0.7832766557397364,0.0007832766557397363
102,blocks.1.attn.proj.weight,0.0631348043680191,10.03594970703125,0.006290864961567132,0.7832766557397364,0.0007832766557397363
102,blocks.1.ln2.weight,0.004118971060961485,16.231950759887695,0.000253756995809771,0.7832766557397364,0.0007832766557397363
102,blocks.1.ln2.bias,0.0035378318279981613,0.11475130915641785,0.030830426719967975,0.7832766557397364,0.0007832766557397363
102,blocks.1.mlp.fc.weight,0.09438787400722504,19.484277725219727,0.0048443096191884,0.7832766557397364,0.0007832766557397363
102,blocks.1.mlp.proj.weight,0.07706314325332642,10.6771240234375,0.0072175937157006745,0.7832766557397364,0.0007832766557397363
102,final_norm.weight,0.004579797852784395,16.296449661254883,0.00028103040527119663,0.7832766557397364,0.0007832766557397363
102,final_norm.bias,0.002352828625589609,0.15637986361980438,0.015045598398108557,0.7832766557397364,0.0007832766557397363
102,lm_head.weight,0.012239252217113972,3.437974691390991,0.0035600181257176323,0.7832766557397364,0.0007832766557397363
103,token_embedding.weight,0.018883157521486282,85.42133331298828,0.000221059035127644,0.7791514104526405,0.0007791514104526405
103,position_embedding.weight,0.023275213316082954,89.58795928955078,0.00025980291883707896,0.7791514104526405,0.0007791514104526405
103,blocks.0.ln1.weight,0.005050393752753735,16.3514347076416,0.00030886548141205,0.7791514104526405,0.0007791514104526405
103,blocks.0.ln1.bias,0.0050241840071976185,0.13390357792377472,0.0375209093368673,0.7791514104526405,0.0007791514104526405
103,blocks.0.attn.qkv.weight,0.13507871329784393,17.437007904052734,0.007746668123402124,0.7791514104526405,0.0007791514104526405
103,blocks.0.attn.proj.weight,0.06917011737823486,9.992833137512207,0.006921972620414271,0.7791514104526405,0.0007791514104526405
103,blocks.0.ln2.weight,0.003838679986074567,16.13144874572754,0.00023796250706192864,0.7791514104526405,0.0007791514104526405
103,blocks.0.ln2.bias,0.00373579328879714,0.11432797461748123,0.032676108373857655,0.7791514104526405,0.0007791514104526405
103,blocks.0.mlp.fc.weight,0.11152871698141098,19.43147850036621,0.00573958986081802,0.7791514104526405,0.0007791514104526405
103,blocks.0.mlp.proj.weight,0.10766709595918655,10.753223419189453,0.010012541520065634,0.7791514104526405,0.0007791514104526405
103,blocks.1.ln1.weight,0.004972974769771099,16.390073776245117,0.00030341381238798055,0.7791514104526405,0.0007791514104526405
103,blocks.1.ln1.bias,0.004165793303400278,0.16020043194293976,0.02600363340379786,0.7791514104526405,0.0007791514104526405
103,blocks.1.attn.qkv.weight,0.12125687301158905,17.420804977416992,0.006960463260381498,0.7791514104526405,0.0007791514104526405
103,blocks.1.attn.proj.weight,0.06002003327012062,10.041662216186523,0.005977101397950446,0.7791514104526405,0.0007791514104526405
103,blocks.1.ln2.weight,0.003879026509821415,16.233896255493164,0.00023894611920466144,0.7791514104526405,0.0007791514104526405
103,blocks.1.ln2.bias,0.0026643374003469944,0.11565008014440536,0.023037920916242835,0.7791514104526405,0.0007791514104526405
103,blocks.1.mlp.fc.weight,0.08916134387254715,19.492521286010742,0.004574130896885632,0.7791514104526405,0.0007791514104526405
103,blocks.1.mlp.proj.weight,0.06991027295589447,10.686761856079102,0.006541763903545757,0.7791514104526405,0.0007791514104526405
103,final_norm.weight,0.004515074659138918,16.300479888916016,0.0002769902904643192,0.7791514104526405,0.0007791514104526405
103,final_norm.bias,0.002061758656054735,0.15707586705684662,0.013125877925572408,0.7791514104526405,0.0007791514104526405
103,lm_head.weight,0.011191020719707012,3.442629814147949,0.0032507185854583494,0.7791514104526405,0.0007791514104526405
104,token_embedding.weight,0.019838495180010796,85.42257690429688,0.00023223948397431993,0.775,0.0007750000000000001
104,position_embedding.weight,0.02259824611246586,89.58422088623047,0.00025225699223487994,0.775,0.0007750000000000001
104,blocks.0.ln1.weight,0.004926666617393494,16.35308837890625,0.000301268268307537,0.775,0.0007750000000000001
104,blocks.0.ln1.bias,0.0036070081405341625,0.13529229164123535,0.026660854781530893,0.775,0.0007750000000000001
104,blocks.0.attn.qkv.weight,0.1299320012331009,17.449338912963867,0.007446242054279854,0.775,0.0007750000000000001
104,blocks.0.attn.proj.weight,0.06551489233970642,10.000185012817383,0.00655136802526438,0.775,0.0007750000000000001
104,blocks.0.ln2.weight,0.0036170680541545153,16.13193702697754,0.00022421783869509568,0.775,0.0007750000000000001
104,blocks.0.ln2.bias,0.003337390488013625,0.11442265659570694,0.02916721729138453,0.775,0.0007750000000000001
104,blocks.0.mlp.fc.weight,0.10650097578763962,19.43891143798828,0.005478752044700701,0.775,0.0007750000000000001
104,blocks.0.mlp.proj.weight,0.1034836620092392,10.765643119812012,0.009612399450506456,0.775,0.0007750000000000001
104,blocks.1.ln1.weight,0.004746765363961458,16.391210556030273,0.00028959211692969496,0.775,0.0007750000000000001
104,blocks.1.ln1.bias,0.00381878181360662,0.1594262719154358,0.02395327801184648,0.775,0.0007750000000000001
104,blocks.1.attn.qkv.weight,0.11638794839382172,17.431272506713867,0.006676962244092439,0.775,0.0007750000000000001
104,blocks.1.attn.proj.weight,0.05760929360985756,10.047348976135254,0.005733780497391604,0.775,0.0007750000000000001
104,blocks.1.ln2.weight,0.004003374371677637,16.23579216003418,0.0002465770891999989,0.775,0.0007750000000000001
104,blocks.1.ln2.bias,0.0025620388332754374,0.11631567776203156,0.022026599359159873,0.775,0.0007750000000000001
104,blocks.1.mlp.fc.weight,0.08819331973791122,19.500694274902344,0.00452257332455146,0.775,0.0007750000000000001
104,blocks.1.mlp.proj.weight,0.06954282522201538,10.696187973022461,0.00650164576365031,0.775,0.0007750000000000001
104,final_norm.weight,0.0045311423018574715,16.30453872680664,0.0002779068072871909,0.775,0.0007750000000000001
104,final_norm.bias,0.00204283744096756,0.15787866711616516,0.012939287354456356,0.775,0.0007750000000000001
104,lm_head.weight,0.01138152927160263,3.447234630584717,0.0033016404426375826,0.775,0.0007750000000000001
105,token_embedding.weight,0.01886928267776966,85.42417907714844,0.00022088924800469175,0.7708228984017721,0.0007708228984017721
105,position_embedding.weight,0.022848723456263542,89.58050537109375,0.00025506356948546777,0.7708228984017721,0.0007708228984017721
105,blocks.0.ln1.weight,0.004985209554433823,16.354114532470703,0.0003048290718849684,0.7708228984017721,0.0007708228984017721
105,blocks.0.ln1.bias,0.003434821031987667,0.13574440777301788,0.025303591420913825,0.7708228984017721,0.0007708228984017721
105,blocks.0.attn.qkv.weight,0.12744957208633423,17.460474014282227,0.007299319135441364,0.7708228984017721,0.0007708228984017721
105,blocks.0.attn.proj.weight,0.0664265975356102,10.006327629089355,0.006638459182816987,0.7708228984017721,0.0007708228984017721
105,blocks.0.ln2.weight,0.0035850710701197386,16.132530212402344,0.0002222262114447113,0.7708228984017721,0.0007708228984017721
105,blocks.0.ln2.bias,0.003296186216175556,0.11450378596782684,0.028786700704140283,0.7708228984017721,0.0007708228984017721
105,blocks.0.mlp.fc.weight,0.10808122158050537,19.446557998657227,0.005557858701162579,0.7708228984017721,0.0007708228984017721
105,blocks.0.mlp.proj.weight,0.1016705185174942,10.778203010559082,0.009432974904803817,0.7708228984017721,0.0007708228984017721
105,blocks.1.ln1.weight,0.004589223302900791,16.392066955566406,0.00027996611503237586,0.7708228984017721,0.0007708228984017721
105,blocks.1.ln1.bias,0.0035937512293457985,0.15851952135562897,0.022670717136855114,0.7708228984017721,0.0007708228984017721
105,blocks.1.attn.qkv.weight,0.11352873593568802,17.44121742248535,0.0065092208408181074,0.7708228984017721,0.0007708228984017721
105,blocks.1.attn.proj.weight,0.06043924018740654,10.052289009094238,0.006012485328736724,0.7708228984017721,0.0007708228984017721
105,blocks.1.ln2.weight,0.003922433592379093,16.238126754760742,0.00024155702511860622,0.7708228984017721,0.0007708228984017721
105,blocks.1.ln2.bias,0.002114421920850873,0.11733941733837128,0.01801970700719863,0.7708228984017721,0.0007708228984017721
105,blocks.1.mlp.fc.weight,0.0895434021949768,19.509824752807617,0.004589656920525964,0.7708228984017721,0.0007708228984017721
105,blocks.1.mlp.proj.weight,0.07149922847747803,10.706480026245117,0.006678126545998604,0.7708228984017721,0.0007708228984017721
105,final_norm.weight,0.004504839424043894,16.308639526367188,0.0002762241091147036,0.7708228984017721,0.0007708228984017721
105,final_norm.bias,0.0022472653072327375,0.15892279148101807,0.014140610583768993,0.7708228984017721,0.0007708228984017721
105,lm_head.weight,0.011218391358852386,3.4517300128936768,0.0032500778789023715,0.7708228984017721,0.0007708228984017721
106,token_embedding.weight,0.01817919872701168,85.42537689208984,0.00021280794289003382,0.7666205826114024,0.0007666205826114025
106,position_embedding.weight,0.02299906313419342,89.57701110839844,0.00025675184793073376,0.7666205826114024,0.0007666205826114025
106,blocks.0.ln1.weight,0.004701831378042698,16.35497283935547,0.00028748634584878374,0.7666205826114024,0.0007666205826114025
106,blocks.0.ln1.bias,0.002072035102173686,0.13631963729858398,0.015199828456263133,0.7666205826114024,0.0007666205826114025
106,blocks.0.attn.qkv.weight,0.12674637138843536,17.471111297607422,0.0072546256062020155,0.7666205826114024,0.0007666205826114025
106,blocks.0.attn.proj.weight,0.06662430614233017,10.012365341186523,0.006654202465850906,0.7666205826114024,0.0007666205826114025
106,blocks.0.ln2.weight,0.003680021967738867,16.133169174194336,0.00022810285617192838,0.7666205826114024,0.0007666205826114025
106,blocks.0.ln2.bias,0.0023312654811888933,0.11456480622291565,0.020348879887532482,0.7666205826114024,0.0007666205826114025
106,blocks.0.mlp.fc.weight,0.11043353378772736,19.45415496826172,0.005676603993742588,0.7666205826114024,0.0007666205826114025
106,blocks.0.mlp.proj.weight,0.10199820250272751,10.790412902832031,0.009452669088867563,0.7666205826114024,0.0007666205826114025
106,blocks.1.ln1.weight,0.004582813009619713,16.393434524536133,0.0002795517316862623,0.7666205826114024,0.0007666205826114025
106,blocks.1.ln1.bias,0.002769160782918334,0.15825869143009186,0.017497685326963965,0.7666205826114024,0.0007666205826114025
106,blocks.1.attn.qkv.weight,0.11469325423240662,17.451705932617188,0.0065720368355530615,0.7666205826114024,0.0007666205826114025
106,blocks.1.attn.proj.weight,0.06109411269426346,10.058411598205566,0.00607393245919233,0.7666205826114024,0.0007666205826114025
106,blocks.1.ln2.weight,0.003773313481360674,16.24038314819336,0.00023234140764592733,0.7666205826114024,0.0007666205826114025
106,blocks.1.ln2.bias,0.0016521307406947017,0.11768889427185059,0.014038119322154497,0.7666205826114024,0.0007666205826114025
106,blocks.1.mlp.fc.weight,0.09157927334308624,19.518754959106445,0.004691860394525594,0.7666205826114024,0.0007666205826114025
106,blocks.1.mlp.proj.weight,0.07278457283973694,10.716312408447266,0.006791942047374133,0.7666205826114024,0.0007666205826114025
106,final_norm.weight,0.004317038226872683,16.312618255615234,0.00026464410306336814,0.7666205826114024,0.0007666205826114025
106,final_norm.bias,0.0018682492664083838,0.16000255942344666,0.011676371135116577,0.7666205826114024,0.0007666205826114025
106,lm_head.weight,0.010931311175227165,3.4559688568115234,0.003163023634798963,0.7666205826114024,0.0007666205826114025
107,token_embedding.weight,0.01717863604426384,85.42647552490234,0.00020109264649758332,0.7623935324613653,0.0007623935324613654
107,position_embedding.weight,0.02256188727915287,89.57372283935547,0.00025188064718060084,0.7623935324613653,0.0007623935324613654
107,blocks.0.ln1.weight,0.004578814841806889,16.355419158935547,0.0002799570464878633,0.7623935324613653,0.0007623935324613654
107,blocks.0.ln1.bias,0.002358637284487486,0.13664297759532928,0.017261313577748377,0.7623935324613653,0.0007623935324613654
107,blocks.0.attn.qkv.weight,0.1219775378704071,17.480743408203125,0.00697782325511169,0.7623935324613653,0.0007623935324613654
107,blocks.0.attn.proj.weight,0.06423740833997726,10.018218994140625,0.006412058707994057,0.7623935324613653,0.0007623935324613654
107,blocks.0.ln2.weight,0.00362523109652102,16.133460998535156,0.00022470262870750112,0.7623935324613653,0.0007623935324613654
107,blocks.0.ln2.bias,0.002401078352704644,0.11482521891593933,0.020910723056765976,0.7623935324613653,0.0007623935324613654
107,blocks.0.mlp.fc.weight,0.10724850744009018,19.461030960083008,0.005510936581934672,0.7623935324613653,0.0007623935324613654
107,blocks.0.mlp.proj.weight,0.10057927668094635,10.801880836486816,0.009311274416321857,0.7623935324613653,0.0007623935324613654
107,blocks.1.ln1.weight,0.004515927750617266,16.395009994506836,0.0002754452575588583,0.7623935324613653,0.0007623935324613654
107,blocks.1.ln1.bias,0.0030761361122131348,0.1580245941877365,0.01946618580484475,0.7623935324613653,0.0007623935324613654
107,blocks.1.attn.qkv.weight,0.11646784842014313,17.462190628051758,0.006669715781995829,0.7623935324613653,0.0007623935324613654
107,blocks.1.attn.proj.weight,0.05948670208454132,10.06481647491455,0.005910361329766864,0.7623935324613653,0.0007623935324613654
107,blocks.1.ln2.weight,0.0035208454355597496,16.242366790771484,0.0002167692357224682,0.7623935324613653,0.0007623935324613654
107,blocks.1.ln2.bias,0.001644438598304987,0.11765893548727036,0.013976317153310673,0.7623935324613653,0.0007623935324613654
107,blocks.1.mlp.fc.weight,0.0864323303103447,19.527095794677734,0.004426276760208146,0.7623935324613653,0.0007623935324613654
107,blocks.1.mlp.proj.weight,0.06882235407829285,10.725512504577637,0.00641669608318606,0.7623935324613653,0.0007623935324613654
107,final_norm.weight,0.0043495106510818005,16.31635093688965,0.00026657373746771546,0.7623935324613653,0.0007623935324613654
107,final_norm.bias,0.0015583742642775178,0.16103902459144592,0.0096769976607932,0.7623935324613653,0.0007623935324613654
107,lm_head.weight,0.010948293842375278,3.4599497318267822,0.003164292747279782,0.7623935324613653,0.0007623935324613654
108,token_embedding.weight,0.017589792609214783,85.42726135253906,0.0002059037399855939,0.7581422306083759,0.000758142230608376
108,position_embedding.weight,0.021568365395069122,89.5707778930664,0.00024079689718468407,0.7581422306083759,0.000758142230608376
108,blocks.0.ln1.weight,0.004365217871963978,16.355777740478516,0.0002668914888199012,0.7581422306083759,0.000758142230608376
108,blocks.0.ln1.bias,0.002783490577712655,0.1370215117931366,0.020314259719266693,0.7581422306083759,0.000758142230608376
108,blocks.0.attn.qkv.weight,0.11596213281154633,17.490123748779297,0.006630149361843889,0.7581422306083759,0.000758142230608376
108,blocks.0.attn.proj.weight,0.06135084107518196,10.024157524108887,0.006120298980500082,0.7581422306083759,0.000758142230608376
108,blocks.0.ln2.weight,0.0035131042823195457,16.133724212646484,0.00021774912202636806,0.7581422306083759,0.000758142230608376
108,blocks.0.ln2.bias,0.002945717191323638,0.11501526832580566,0.02561153170510931,0.7581422306083759,0.000758142230608376
108,blocks.0.mlp.fc.weight,0.10329890251159668,19.46771240234375,0.005306165428001446,0.7581422306083759,0.000758142230608376
108,blocks.0.mlp.proj.weight,0.0956166461110115,10.813206672668457,0.008842580097232768,0.7581422306083759,0.000758142230608376
108,blocks.1.ln1.weight,0.00436103530228138,16.396236419677734,0.0002659778250725437,0.7581422306083759,0.000758142230608376
108,blocks.1.ln1.bias,0.0029870616272091866,0.1578943282365799,0.018918105929141577,0.7581422306083759,0.000758142230608376
108,blocks.1.attn.qkv.weight,0.11086452752351761,17.472049713134766,0.0063452502335869555,0.7581422306083759,0.000758142230608376
108,blocks.1.attn.proj.weight,0.0559043250977993,10.070647239685059,0.00555121471016217,0.7581422306083759,0.000758142230608376
108,blocks.1.ln2.weight,0.0033043664880096912,16.24420928955078,0.0002034181183651117,0.7581422306083759,0.000758142230608376
108,blocks.1.ln2.bias,0.001449069008231163,0.11767207831144333,0.012314467705614833,0.7581422306083759,0.000758142230608376
108,blocks.1.mlp.fc.weight,0.08194820582866669,19.535072326660156,0.004194927178069624,0.7581422306083759,0.000758142230608376
108,blocks.1.mlp.proj.weight,0.06603522598743439,10.734512329101562,0.006151674520732991,0.7581422306083759,0.000758142230608376
108,final_norm.weight,0.004325373563915491,16.320228576660156,0.00026503143283795785,0.7581422306083759,0.000758142230608376
108,final_norm.bias,0.0013620412210002542,0.1619051992893219,0.008412584814882298,0.7581422306083759,0.000758142230608376
108,lm_head.weight,0.010830242186784744,3.4640116691589355,0.0031265028011326556,0.7581422306083759,0.000758142230608376
109,token_embedding.weight,0.01716407760977745,85.42813873291016,0.00020091831408665582,0.7538671624782777,0.0007538671624782777
109,position_embedding.weight,0.02254302427172661,89.56793212890625,0.000251686331658103,0.7538671624782777,0.0007538671624782777
109,blocks.0.ln1.weight,0.004644122906029224,16.356428146362305,0.00028393258384238376,0.7538671624782777,0.0007538671624782777
109,blocks.0.ln1.bias,0.003812143811956048,0.13740748167037964,0.027743349674896722,0.7538671624782777,0.0007538671624782777
109,blocks.0.attn.qkv.weight,0.12217852473258972,17.4997615814209,0.0069817251031749445,0.7538671624782777,0.0007538671624782777
109,blocks.0.attn.proj.weight,0.06128362566232681,10.030405044555664,0.006109785735480785,0.7538671624782777,0.0007538671624782777
109,blocks.0.ln2.weight,0.0035884848330169916,16.133766174316406,0.0002224207785240705,0.7538671624782777,0.0007538671624782777
109,blocks.0.ln2.bias,0.003622421296313405,0.11536290496587753,0.031400226072266973,0.7538671624782777,0.0007538671624782777
109,blocks.0.mlp.fc.weight,0.10687603056430817,19.47376823425293,0.005488204916412407,0.7538671624782777,0.0007538671624782777
109,blocks.0.mlp.proj.weight,0.09950005263090134,10.82369327545166,0.009192800470109416,0.7538671624782777,0.0007538671624782777
109,blocks.1.ln1.weight,0.00438830628991127,16.397829055786133,0.0002676150772752779,0.7538671624782777,0.0007538671624782777
109,blocks.1.ln1.bias,0.002910895738750696,0.15837503969669342,0.018379763277767882,0.7538671624782777,0.0007538671624782777
109,blocks.1.attn.qkv.weight,0.11263501644134521,17.48244857788086,0.0064427483335398935,0.7538671624782777,0.0007538671624782777
109,blocks.1.attn.proj.weight,0.05453908070921898,10.077248573303223,0.00541210036772331,0.7538671624782777,0.0007538671624782777
109,blocks.1.ln2.weight,0.0033574567642062902,16.246055603027344,0.00020666288767228177,0.7538671624782777,0.0007538671624782777
109,blocks.1.ln2.bias,0.0016276894602924585,0.11765231192111969,0.013834742672714435,0.7538671624782777,0.0007538671624782777
109,blocks.1.mlp.fc.weight,0.08534227311611176,19.54305076599121,0.004366885914486795,0.7538671624782777,0.0007538671624782777
109,blocks.1.mlp.proj.weight,0.06744157522916794,10.743684768676758,0.006277322602184658,0.7538671624782777,0.0007538671624782777
109,final_norm.weight,0.004002918489277363,16.32411766052246,0.0002452149986003594,0.7538671624782777,0.0007538671624782777
109,final_norm.bias,0.0014714039862155914,0.16256670653820038,0.009051078277585611,0.7538671624782777,0.0007538671624782777
109,lm_head.weight,0.01058175042271614,3.4681692123413086,0.003051105576123118,0.7538671624782777,0.0007538671624782777
110,token_embedding.weight,0.0169526319950819,85.42899322509766,0.00019844120075737114,0.749568816210616,0.000749568816210616
110,position_embedding.weight,0.023590492084622383,89.56510925292969,0.00026338930730272596,0.749568816210616,0.000749568816210616
110,blocks.0.ln1.weight,0.004941166378557682,16.356761932373047,0.0003020870756074221,0.749568816210616,0.000749568816210616
110,blocks.0.ln1.bias,0.003992214798927307,0.13708984851837158,0.029121155519864654,0.749568816210616,0.000749568816210616
110,blocks.0.attn.qkv.weight,0.13300177454948425,17.508625030517578,0.00759635747054119,0.749568816210616,0.000749568816210616
110,blocks.0.attn.proj.weight,0.06701964139938354,10.036640167236328,0.006677497676777953,0.749568816210616,0.000749568816210616
110,blocks.0.ln2.weight,0.0039002986159175634,16.13347625732422,0.00024175190477915002,0.749568816210616,0.000749568816210616
110,blocks.0.ln2.bias,0.003150531556457281,0.11590807139873505,0.02718129564585683,0.749568816210616,0.000749568816210616
110,blocks.0.mlp.fc.weight,0.11097719520330429,19.47897720336914,0.005697280408752861,0.749568816210616,0.000749568816210616
110,blocks.0.mlp.proj.weight,0.1035853698849678,10.83320426940918,0.009561840366793672,0.749568816210616,0.000749568816210616
110,blocks.1.ln1.weight,0.004431210923939943,16.398744583129883,0.00027021647306454526,0.749568816210616,0.000749568816210616
110,blocks.1.ln1.bias,0.0032082111574709415,0.15852831304073334,0.020237464815678473,0.749568816210616,0.000749568816210616
110,blocks.1.attn.qkv.weight,0.11190636456012726,17.491601943969727,0.0063977195981584105,0.749568816210616,0.000749568816210616
110,blocks.1.attn.proj.weight,0.056037139147520065,10.08304214477539,0.005557562721936117,0.749568816210616,0.000749568816210616
110,blocks.1.ln2.weight,0.0034439924638718367,16.24793243408203,0.00021196496710236364,0.749568816210616,0.000749568816210616
110,blocks.1.ln2.bias,0.002740718424320221,0.11759065836668015,0.023307280207162346,0.749568816210616,0.000749568816210616
110,blocks.1.mlp.fc.weight,0.08583773672580719,19.55095863342285,0.004390461784265711,0.749568816210616,0.000749568816210616
110,blocks.1.mlp.proj.weight,0.07038099318742752,10.752471923828125,0.006545564004817576,0.749568816210616,0.000749568816210616
110,final_norm.weight,0.0037825133185833693,16.32773780822754,0.00023166181151421548,0.749568816210616,0.000749568816210616
110,final_norm.bias,0.002149148378521204,0.1633836328983307,0.013154000436784314,0.749568816210616,0.000749568816210616
110,lm_head.weight,0.0104522118344903,3.471966505050659,0.0030104587182170355,0.749568816210616,0.000749568816210616
111,token_embedding.weight,0.01589779555797577,85.42977905273438,0.000186091966223653,0.7452476826029011,0.0007452476826029011
111,position_embedding.weight,0.021904589608311653,89.56237030029297,0.00024457358078920513,0.7452476826029011,0.0007452476826029011
111,blocks.0.ln1.weight,0.0046480270102620125,16.3575382232666,0.000284151988326121,0.7452476826029011,0.0007452476826029011
111,blocks.0.ln1.bias,0.00391752365976572,0.13670755922794342,0.02865623292421646,0.7452476826029011,0.0007452476826029011
111,blocks.0.attn.qkv.weight,0.12245035171508789,17.518054962158203,0.00698995133761101,0.7452476826029011,0.0007452476826029011
111,blocks.0.attn.proj.weight,0.06492305546998978,10.043181419372559,0.00646439138744935,0.7452476826029011,0.0007452476826029011
111,blocks.0.ln2.weight,0.0035638255067169666,16.133281707763672,0.000220898982071438,0.7452476826029011,0.0007452476826029011
111,blocks.0.ln2.bias,0.003155192593112588,0.11638341099023819,0.027110329266342978,0.7452476826029011,0.0007452476826029011
111,blocks.0.mlp.fc.weight,0.10282521694898605,19.484285354614258,0.0052773409482339455,0.7452476826029011,0.0007452476826029011
111,blocks.0.mlp.proj.weight,0.09706185013055801,10.842597961425781,0.008951899763863016,0.7452476826029011,0.0007452476826029011
111,blocks.1.ln1.weight,0.004127259831875563,16.399396896362305,0.00025167143999001667,0.7452476826029011,0.0007452476826029011
111,blocks.1.ln1.bias,0.003204264445230365,0.1587318778038025,0.02018664738012328,0.7452476826029011,0.0007452476826029011
111,blocks.1.attn.qkv.weight,0.10462705790996552,17.50029182434082,0.005978589326404019,0.7452476826029011,0.0007452476826029011
111,blocks.1.attn.proj.weight,0.05406579747796059,10.08787727355957,0.005359482080502926,0.7452476826029011,0.0007452476826029011
111,blocks.1.ln2.weight,0.003357526147738099,16.24952507019043,0.0002066230325646401,0.7452476826029011,0.0007452476826029011
111,blocks.1.ln2.bias,0.0028800617437809706,0.11701932549476624,0.024611847073799542,0.7452476826029011,0.0007452476826029011
111,blocks.1.mlp.fc.weight,0.08293917030096054,19.5582275390625,0.004240628151774325,0.7452476826029011,0.0007452476826029011
111,blocks.1.mlp.proj.weight,0.06891069561243057,10.760306358337402,0.00640415740198978,0.7452476826029011,0.0007452476826029011
111,final_norm.weight,0.003925313241779804,16.331035614013672,0.00024035911344233739,0.7452476826029011,0.0007452476826029011
111,final_norm.bias,0.0020806428510695696,0.16411973536014557,0.01267759082410847,0.7452476826029011,0.0007452476826029011
111,lm_head.weight,0.010587264783680439,3.4754528999328613,0.0030462978749854204,0.7452476826029011,0.0007452476826029011
112,token_embedding.weight,0.01558373961597681,85.43045043945312,0.00018241434448506446,0.7409042550545667,0.0007409042550545667
112,position_embedding.weight,0.020589513704180717,89.5596694946289,0.000229897160411197,0.7409042550545667,0.0007409042550545667
112,blocks.0.ln1.weight,0.00441964715719223,16.35826873779297,0.00027017817276599236,0.7409042550545667,0.0007409042550545667
112,blocks.0.ln1.bias,0.0036710514687001705,0.1365528255701065,0.026883745930167964,0.7409042550545667,0.0007409042550545667
112,blocks.0.attn.qkv.weight,0.11820372194051743,17.527477264404297,0.006743909585925688,0.7409042550545667,0.0007409042550545667
112,blocks.0.attn.proj.weight,0.061696600168943405,10.049493789672852,0.006139274421199052,0.7409042550545667,0.0007409042550545667
112,blocks.0.ln2.weight,0.0034265255089849234,16.13327407836914,0.00021238872483911135,0.7409042550545667,0.0007409042550545667
112,blocks.0.ln2.bias,0.003018938936293125,0.116936594247818,0.025816887824434316,0.7409042550545667,0.0007409042550545667
112,blocks.0.mlp.fc.weight,0.0989779382944107,19.48998260498047,0.005078400545576312,0.7409042550545667,0.0007409042550545667
112,blocks.0.mlp.proj.weight,0.09250788390636444,10.85250186920166,0.00852410670104414,0.7409042550545667,0.0007409042550545667
112,blocks.1.ln1.weight,0.0039189220406115055,16.400001525878906,0.00023895863877983661,0.7409042550545667,0.0007409042550545667
112,blocks.1.ln1.bias,0.0031073694117367268,0.1589650958776474,0.019547494967756103,0.7409042550545667,0.0007409042550545667
112,blocks.1.attn.qkv.weight,0.09897314757108688,17.50886344909668,0.005652745414276875,0.7409042550545667,0.0007409042550545667
112,blocks.1.attn.proj.weight,0.051833443343639374,10.092578887939453,0.005135797690476789,0.7409042550545667,0.0007409042550545667
112,blocks.1.ln2.weight,0.0033454906661063433,16.25102996826172,0.00020586330051940616,0.7409042550545667,0.0007409042550545667
112,blocks.1.ln2.bias,0.002260715002194047,0.11647693812847137,0.019409121140196193,0.7409042550545667,0.0007409042550545667
112,blocks.1.mlp.fc.weight,0.0811542421579361,19.565324783325195,0.004147860720773556,0.7409042550545667,0.0007409042550545667
112,blocks.1.mlp.proj.weight,0.06676045805215836,10.768017768859863,0.006199883719101707,0.7409042550545667,0.0007409042550545667
112,final_norm.weight,0.0039054465014487505,16.334447860717773,0.00023909265466147794,0.7409042550545667,0.0007409042550545667
112,final_norm.bias,0.0019265287555754185,0.16459675133228302,0.011704536936300127,0.7409042550545667,0.0007409042550545667
112,lm_head.weight,0.010504011064767838,3.479278564453125,0.0030190198543116205,0.7409042550545667,0.0007409042550545667
113,token_embedding.weight,0.015539386309683323,85.43135833740234,0.0001818932370045193,0.736539029510633,0.000736539029510633
113,position_embedding.weight,0.021131860092282295,89.55699157714844,0.00023595991468827,0.736539029510633,0.000736539029510633
113,blocks.0.ln1.weight,0.004229638259857893,16.358539581298828,0.0002585584268593867,0.736539029510633,0.000736539029510633
113,blocks.0.ln1.bias,0.004057193174958229,0.13640651106834412,0.029743398193768766,0.736539029510633,0.000736539029510633
113,blocks.0.attn.qkv.weight,0.11954515427350998,17.535911560058594,0.006817162248114334,0.736539029510633,0.000736539029510633
113,blocks.0.attn.proj.weight,0.06129338592290878,10.05508804321289,0.006095758252885241,0.736539029510633,0.000736539029510633
113,blocks.0.ln2.weight,0.003656699787825346,16.13321304321289,0.00022665663547804342,0.736539029510633,0.000736539029510633
113,blocks.0.ln2.bias,0.0029071143362671137,0.11765491217374802,0.02470882245825228,0.736539029510633,0.000736539029510633
113,blocks.0.mlp.fc.weight,0.10020577907562256,19.495532989501953,0.005139935344654425,0.736539029510633,0.000736539029510633
113,blocks.0.mlp.proj.weight,0.09168428927659988,10.861920356750488,0.00844089132172759,0.736539029510633,0.000736539029510633
113,blocks.1.ln1.weight,0.004014181904494762,16.400331497192383,0.0002447622418596671,0.736539029510633,0.000736539029510633
113,blocks.1.ln1.bias,0.0031820121221244335,0.15951165556907654,0.01994846151368866,0.736539029510633,0.000736539029510633
113,blocks.1.attn.qkv.weight,0.09927139431238174,17.51668357849121,0.00566724824750912,0.736539029510633,0.000736539029510633
113,blocks.1.attn.proj.weight,0.05162672698497772,10.09654426574707,0.0051133066548441075,0.736539029510633,0.000736539029510633
113,blocks.1.ln2.weight,0.0032269596122205257,16.25278091430664,0.0001985481518045795,0.736539029510633,0.000736539029510633
113,blocks.1.ln2.bias,0.0021841172128915787,0.11625650525093079,0.018787053749452914,0.736539029510633,0.000736539029510633
113,blocks.1.mlp.fc.weight,0.08124054223299026,19.57289695739746,0.004150665198402413,0.736539029510633,0.000736539029510633
113,blocks.1.mlp.proj.weight,0.06577656418085098,10.77632999420166,0.00610380010785089,0.736539029510633,0.000736539029510633
113,final_norm.weight,0.00373493367806077,16.337865829467773,0.0002286059707580676,0.736539029510633,0.000736539029510633
113,final_norm.bias,0.0018591335974633694,0.1653071790933609,0.011246538762857576,0.736539029510633,0.000736539029510633
113,lm_head.weight,0.010160857811570168,3.483065128326416,0.002917217289143674,0.736539029510633,0.000736539029510633
114,token_embedding.weight,0.01431850716471672,85.43256378173828,0.00016760011090498515,0.7321525044050772,0.0007321525044050772
114,position_embedding.weight,0.019435670226812363,89.55422973632812,0.00021702682591359467,0.7321525044050772,0.0007321525044050772
114,blocks.0.ln1.weight,0.0037861864548176527,16.35887908935547,0.00023144534745544082,0.7321525044050772,0.0007321525044050772
114,blocks.0.ln1.bias,0.003116138745099306,0.13695229589939117,0.022753461156764774,0.7321525044050772,0.0007321525044050772
114,blocks.0.attn.qkv.weight,0.11138497292995453,17.544471740722656,0.006348721955042475,0.7321525044050772,0.0007321525044050772
114,blocks.0.attn.proj.weight,0.056496962904930115,10.060661315917969,0.005615631133068267,0.7321525044050772,0.0007321525044050772
114,blocks.0.ln2.weight,0.003327353158965707,16.13270378112793,0.00020624894649450177,0.7321525044050772,0.0007321525044050772
114,blocks.0.ln2.bias,0.0024415976367890835,0.1182921901345253,0.0206403959043432,0.7321525044050772,0.0007321525044050772
114,blocks.0.mlp.fc.weight,0.09140324592590332,19.49992561340332,0.004687363825791848,0.7321525044050772,0.0007321525044050772
114,blocks.0.mlp.proj.weight,0.08486895263195038,10.869778633117676,0.007807790342055973,0.7321525044050772,0.0007321525044050772
114,blocks.1.ln1.weight,0.00377894495613873,16.400732040405273,0.00023041318807164168,0.7321525044050772,0.0007321525044050772
114,blocks.1.ln1.bias,0.0026498492807149887,0.16007885336875916,0.016553399933432914,0.7321525044050772,0.0007321525044050772
114,blocks.1.attn.qkv.weight,0.09263364970684052,17.524513244628906,0.005285947085305011,0.7321525044050772,0.0007321525044050772
114,blocks.1.attn.proj.weight,0.04971602186560631,10.10064697265625,0.0049220631114213825,0.7321525044050772,0.0007321525044050772
114,blocks.1.ln2.weight,0.0031447054352611303,16.254377365112305,0.00019346821872184397,0.7321525044050772,0.0007321525044050772
114,blocks.1.ln2.bias,0.002121199853718281,0.11590676754713058,0.018300914593597367,0.7321525044050772,0.0007321525044050772
114,blocks.1.mlp.fc.weight,0.07887604832649231,19.580041885375977,0.0040283901734346934,0.7321525044050772,0.0007321525044050772
114,blocks.1.mlp.proj.weight,0.06410352885723114,10.78417682647705,0.005944220860681713,0.7321525044050772,0.0007321525044050772
114,final_norm.weight,0.0037623713724315166,16.341150283813477,0.00023023907785476138,0.7321525044050772,0.0007321525044050772
114,final_norm.bias,0.0017455582274124026,0.16599281132221222,0.010515866401066887,0.7321525044050772,0.0007321525044050772
114,lm_head.weight,0.009797698818147182,3.48671817779541,0.0028100059478679412,0.7321525044050772,0.0007321525044050772
115,token_embedding.weight,0.015154960565268993,85.43372344970703,0.00017738850600594754,0.7277451806039223,0.0007277451806039224
115,position_embedding.weight,0.01808716170489788,89.55159759521484,0.00020197475188163657,0.7277451806039223,0.0007277451806039224
115,blocks.0.ln1.weight,0.0036236888263374567,16.35943031311035,0.00022150458524422043,0.7277451806039223,0.0007277451806039224
115,blocks.0.ln1.bias,0.002532079117372632,0.13756439089775085,0.01840650113615721,0.7277451806039223,0.0007277451806039224
115,blocks.0.attn.qkv.weight,0.10406266152858734,17.55325698852539,0.005928396171525743,0.7277451806039223,0.0007277451806039224
115,blocks.0.attn.proj.weight,0.053101472556591034,10.066315650939941,0.005275164657848516,0.7277451806039223,0.0007277451806039224
115,blocks.0.ln2.weight,0.0030172234401106834,16.132125854492188,0.0001870319799960099,0.7277451806039223,0.0007277451806039224
115,blocks.0.ln2.bias,0.001997038023546338,0.11897484213113785,0.01678538073896626,0.7277451806039223,0.0007277451806039224
115,blocks.0.mlp.fc.weight,0.08556242287158966,19.504016876220703,0.004386912881310259,0.7277451806039223,0.0007277451806039224
115,blocks.0.mlp.proj.weight,0.07845643162727356,10.877182960510254,0.0072129366502433016,0.7277451806039223,0.0007277451806039224
115,blocks.1.ln1.weight,0.0034851219970732927,16.401140213012695,0.00021249266525433263,0.7277451806039223,0.0007277451806039224
115,blocks.1.ln1.bias,0.002159062074497342,0.1605948805809021,0.013444152557504706,0.7277451806039223,0.0007277451806039224
115,blocks.1.attn.qkv.weight,0.08736267685890198,17.531997680664062,0.004983041775966511,0.7277451806039223,0.0007277451806039224
115,blocks.1.attn.proj.weight,0.04942190274596214,10.104607582092285,0.004891026429719484,0.7277451806039223,0.0007277451806039224
115,blocks.1.ln2.weight,0.0030124385375529528,16.255878448486328,0.00018531379568929244,0.7277451806039223,0.0007277451806039224
115,blocks.1.ln2.bias,0.0016885058721527457,0.11551539599895477,0.014617150013089223,0.7277451806039223,0.0007277451806039224
115,blocks.1.mlp.fc.weight,0.0750732496380806,19.587026596069336,0.0038328048042341576,0.7277451806039223,0.0007277451806039224
115,blocks.1.mlp.proj.weight,0.06206711009144783,10.791698455810547,0.005751375499009004,0.7277451806039223,0.0007277451806039224
115,final_norm.weight,0.0038582326378673315,16.344499588012695,0.00023605694485114627,0.7277451806039223,0.0007277451806039224
115,final_norm.bias,0.00165352423209697,0.1666284203529358,0.009923422598526204,0.7277451806039223,0.0007277451806039224
115,lm_head.weight,0.010226581245660782,3.490353584289551,0.002929955661709682,0.7277451806039223,0.0007277451806039224
116,token_embedding.weight,0.015004664659500122,85.4350814819336,0.0001756265037644154,0.7233175613480458,0.0007233175613480459
116,position_embedding.weight,0.018301157280802727,89.54903411865234,0.00020437023649583441,0.7233175613480458,0.0007233175613480459
116,blocks.0.ln1.weight,0.003876421833410859,16.360111236572266,0.00023694348879151032,0.7233175613480458,0.0007233175613480459
116,blocks.0.ln1.bias,0.002880705986171961,0.13832569122314453,0.020825531111961202,0.7233175613480458,0.0007233175613480459
116,blocks.0.attn.qkv.weight,0.10568726062774658,17.56211280822754,0.006017912638519664,0.7233175613480458,0.0007233175613480459
116,blocks.0.attn.proj.weight,0.0552947036921978,10.071889877319336,0.00549000280639577,0.7233175613480458,0.0007233175613480459
116,blocks.0.ln2.weight,0.003129621036350727,16.13148307800293,0.00019400702472410113,0.7233175613480458,0.0007233175613480459
116,blocks.0.ln2.bias,0.002473465632647276,0.11949053406715393,0.02070009688998865,0.7233175613480458,0.0007233175613480459
116,blocks.0.mlp.fc.weight,0.0893724337220192,19.50784683227539,0.004581358183218329,0.7233175613480458,0.0007233175613480459
116,blocks.0.mlp.proj.weight,0.08250605314970016,10.884204864501953,0.007580347317678676,0.7233175613480458,0.0007233175613480459
116,blocks.1.ln1.weight,0.003402280854061246,16.401708602905273,0.0002074345384637784,0.7233175613480458,0.0007233175613480459
116,blocks.1.ln1.bias,0.0024458193220198154,0.16116848587989807,0.015175543212754706,0.7233175613480458,0.0007233175613480459
116,blocks.1.attn.qkv.weight,0.08983112126588821,17.539464950561523,0.005121656876027291,0.7233175613480458,0.0007233175613480459
116,blocks.1.attn.proj.weight,0.053018536418676376,10.108953475952148,0.005244710695800031,0.7233175613480458,0.0007233175613480459
116,blocks.1.ln2.weight,0.0032582248095422983,16.25737762451172,0.00020041515211097628,0.7233175613480458,0.0007233175613480459
116,blocks.1.ln2.bias,0.002240764210000634,0.11539274454116821,0.01941858839471304,0.7233175613480458,0.0007233175613480459
116,blocks.1.mlp.fc.weight,0.08019372820854187,19.593982696533203,0.004092773248326212,0.7233175613480458,0.0007233175613480459
116,blocks.1.mlp.proj.weight,0.06793653964996338,10.799276351928711,0.00629084185236392,0.7233175613480458,0.0007233175613480459
116,final_norm.weight,0.0037951874546706676,16.347951889038086,0.0002321506376107732,0.7233175613480458,0.0007233175613480459
116,final_norm.bias,0.002296971855685115,0.1672164797782898,0.013736516034286238,0.7233175613480458,0.0007233175613480459
116,lm_head.weight,0.010455193929374218,3.4942872524261475,0.002992081982416298,0.7233175613480458,0.0007233175613480459
117,token_embedding.weight,0.014591123908758163,85.4363784790039,0.00017078350192879232,0.7188701521957184,0.0007188701521957184
117,position_embedding.weight,0.01920434832572937,89.54637908935547,0.00021446258934228654,0.7188701521957184,0.0007188701521957184
117,blocks.0.ln1.weight,0.004335664678364992,16.360702514648438,0.00026500479881489325,0.7188701521957184,0.0007188701521957184
117,blocks.0.ln1.bias,0.002693359972909093,0.139114111661911,0.019360796260809283,0.7188701521957184,0.0007188701521957184
117,blocks.0.attn.qkv.weight,0.11449994891881943,17.570547103881836,0.0065165841588118,0.7188701521957184,0.0007188701521957184
117,blocks.0.attn.proj.weight,0.054366860538721085,10.077255249023438,0.005395006794532097,0.7188701521957184,0.0007188701521957184
117,blocks.0.ln2.weight,0.003052466781809926,16.13113784790039,0.00018922823737490052,0.7188701521957184,0.0007188701521957184
117,blocks.0.ln2.bias,0.0021294099278748035,0.11974207311868668,0.017783306004284547,0.7188701521957184,0.0007188701521957184
117,blocks.0.mlp.fc.weight,0.08945131301879883,19.51215934753418,0.004584388197408737,0.7188701521957184,0.0007188701521957184
117,blocks.0.mlp.proj.weight,0.08235947042703629,10.89139461517334,0.007561884711466581,0.7188701521957184,0.0007188701521957184
117,blocks.1.ln1.weight,0.003411363810300827,16.402454376220703,0.0002079788629222594,0.7188701521957184,0.0007188701521957184
117,blocks.1.ln1.bias,0.00225626933388412,0.16192220151424408,0.013934280245514723,0.7188701521957184,0.0007188701521957184
117,blocks.1.attn.qkv.weight,0.08843711018562317,17.546926498413086,0.005040034230132339,0.7188701521957184,0.0007188701521957184
117,blocks.1.attn.proj.weight,0.05079985409975052,10.113463401794434,0.005022992824666975,0.7188701521957184,0.0007188701521957184
117,blocks.1.ln2.weight,0.0033584069460630417,16.258834838867188,0.00020655889424711247,0.7188701521957184,0.0007188701521957184
117,blocks.1.ln2.bias,0.0019975679460912943,0.11502648144960403,0.017366157087480003,0.7188701521957184,0.0007188701521957184
117,blocks.1.mlp.fc.weight,0.07960736751556396,19.60074806213379,0.004061445372554502,0.7188701521957184,0.0007188701521957184
117,blocks.1.mlp.proj.weight,0.06750736385583878,10.806370735168457,0.006246996841977232,0.7188701521957184,0.0007188701521957184
117,final_norm.weight,0.003934676758944988,16.351228713989258,0.00024063492889549298,0.7188701521957184,0.0007188701521957184
117,final_norm.bias,0.002122775884345174,0.16795331239700317,0.012639083171606514,0.7188701521957184,0.0007188701521957184
117,lm_head.weight,0.010125809349119663,3.4978878498077393,0.002894835336036669,0.7188701521957184,0.0007188701521957184
118,token_embedding.weight,0.015380124561488628,85.4373550415039,0.00018001639392999777,0.7144034609648778,0.0007144034609648779
118,position_embedding.weight,0.019980359822511673,89.54377746582031,0.00022313510093024765,0.7144034609648778,0.0007144034609648779
118,blocks.0.ln1.weight,0.0043832059018313885,16.361553192138672,0.0002678966874573463,0.7144034609648778,0.0007144034609648779
118,blocks.0.ln1.bias,0.0017001392552629113,0.13998356461524963,0.012145277625438858,0.7144034609648778,0.0007144034609648779
118,blocks.0.attn.qkv.weight,0.11524717509746552,17.579448699951172,0.006555790062846458,0.7144034609648778,0.0007144034609648779
118,blocks.0.attn.proj.weight,0.06020091846585274,10.08290958404541,0.005970589933793027,0.7144034609648778,0.0007144034609648779
118,blocks.0.ln2.weight,0.003364177420735359,16.130611419677734,0.00020855858052790178,0.7144034609648778,0.0007144034609648779
118,blocks.0.ln2.bias,0.001678393455222249,0.11994554847478867,0.013992961610918285,0.7144034609648778,0.0007144034609648779
118,blocks.0.mlp.fc.weight,0.09923941642045975,19.515857696533203,0.005085065589409558,0.7144034609648778,0.0007144034609648779
118,blocks.0.mlp.proj.weight,0.08978152275085449,10.898067474365234,0.008238297566245858,0.7144034609648778,0.0007144034609648779
118,blocks.1.ln1.weight,0.004270762205123901,16.403528213500977,0.0002603563178321952,0.7144034609648778,0.0007144034609648779
118,blocks.1.ln1.bias,0.00299707124941051,0.16269317269325256,0.018421616591391157,0.7144034609648778,0.0007144034609648779
118,blocks.1.attn.qkv.weight,0.09896499663591385,17.554813385009766,0.005637484971524416,0.7144034609648778,0.0007144034609648779
118,blocks.1.attn.proj.weight,0.05078703537583351,10.118370056152344,0.0050192901716366945,0.7144034609648778,0.0007144034609648779
118,blocks.1.ln2.weight,0.003523546503856778,16.260452270507812,0.00021669424965794766,0.7144034609648778,0.0007144034609648779
118,blocks.1.ln2.bias,0.0017310671973973513,0.11458431929349899,0.015107365545788575,0.7144034609648778,0.0007144034609648779
118,blocks.1.mlp.fc.weight,0.08215418457984924,19.60782814025879,0.004189866618178181,0.7144034609648778,0.0007144034609648779
118,blocks.1.mlp.proj.weight,0.06801988184452057,10.814114570617676,0.006289916885967406,0.7144034609648778,0.0007144034609648779
118,final_norm.weight,0.003934550564736128,16.354690551757812,0.00024057627701876632,0.7144034609648778,0.0007144034609648779
118,final_norm.bias,0.0020043891854584217,0.16862668097019196,0.01188654828473348,0.7144034609648778,0.0007144034609648779
118,lm_head.weight,0.010355540551245213,3.501589298248291,0.002957382967906239,0.7144034609648778,0.0007144034609648779
119,token_embedding.weight,0.017071619629859924,85.43852233886719,0.00019981173787334575,0.709917997675145,0.000709917997675145
119,position_embedding.weight,0.019118087366223335,89.54120635986328,0.00021351161262433895,0.709917997675145,0.000709917997675145
119,blocks.0.ln1.weight,0.004280948080122471,16.361616134643555,0.0002616457961666677,0.709917997675145,0.000709917997675145
119,blocks.0.ln1.bias,0.0024495681282132864,0.14043128490447998,0.017443179629539216,0.709917997675145,0.000709917997675145
119,blocks.0.attn.qkv.weight,0.10914361476898193,17.586793899536133,0.0062059983981420565,0.709917997675145,0.000709917997675145
119,blocks.0.attn.proj.weight,0.05773488059639931,10.087465286254883,0.005723427933384095,0.709917997675145,0.000709917997675145
119,blocks.0.ln2.weight,0.0031824444886296988,16.130126953125,0.00019729816745260923,0.709917997675145,0.000709917997675145
119,blocks.0.ln2.bias,0.0017804326489567757,0.12037991732358932,0.014790113571486036,0.709917997675145,0.000709917997675145
119,blocks.0.mlp.fc.weight,0.09447937458753586,19.51945686340332,0.004840266573434669,0.709917997675145,0.000709917997675145
119,blocks.0.mlp.proj.weight,0.08645838499069214,10.904458045959473,0.007928719118940572,0.709917997675145,0.000709917997675145
119,blocks.1.ln1.weight,0.004011336248368025,16.404254913330078,0.00024453023130652365,0.709917997675145,0.000709917997675145
119,blocks.1.ln1.bias,0.002841927343979478,0.1638374775648117,0.017346015003422564,0.709917997675145,0.000709917997675145
119,blocks.1.attn.qkv.weight,0.09360824525356293,17.56189727783203,0.005330189772361161,0.709917997675145,0.000709917997675145
119,blocks.1.attn.proj.weight,0.04953034222126007,10.122869491577148,0.004892915221565138,0.709917997675145,0.000709917997675145
119,blocks.1.ln2.weight,0.003229729365557432,16.262319564819336,0.00019860201078228623,0.709917997675145,0.000709917997675145
119,blocks.1.ln2.bias,0.0018516485579311848,0.11466743052005768,0.016147990318760526,0.709917997675145,0.000709917997675145
119,blocks.1.mlp.fc.weight,0.07715737819671631,19.615442276000977,0.003933501835495832,0.709917997675145,0.000709917997675145
119,blocks.1.mlp.proj.weight,0.06471621245145798,10.822649002075195,0.005979701682928361,0.709917997675145,0.000709917997675145
119,final_norm.weight,0.004013536032289267,16.358139038085938,0.00024535407254727947,0.709917997675145,0.000709917997675145
119,final_norm.bias,0.0017674092669039965,0.1693408340215683,0.010436993989698027,0.709917997675145,0.000709917997675145
119,lm_head.weight,0.010779272764921188,3.5051746368408203,0.0030752455674029886,0.709917997675145,0.000709917997675145
120,token_embedding.weight,0.016349073499441147,85.43975067138672,0.00019135207407523682,0.7054142744895884,0.0007054142744895884
120,position_embedding.weight,0.01856282167136669,89.53868865966797,0.00020731621100598014,0.7054142744895884,0.0007054142744895884
120,blocks.0.ln1.weight,0.0042102038860321045,16.361934661865234,0.00025731699661682254,0.7054142744895884,0.0007054142744895884
120,blocks.0.ln1.bias,0.0016530245775356889,0.14150479435920715,0.011681756685415453,0.7054142744895884,0.0007054142744895884
120,blocks.0.attn.qkv.weight,0.10844743251800537,17.594482421875,0.006163718256535235,0.7054142744895884,0.0007054142744895884
120,blocks.0.attn.proj.weight,0.05634085461497307,10.092172622680664,0.005582628906718238,0.7054142744895884,0.0007054142744895884
120,blocks.0.ln2.weight,0.0030330875888466835,16.129745483398438,0.00018804311524743558,0.7054142744895884,0.0007054142744895884
120,blocks.0.ln2.bias,0.0012396901147440076,0.12060103565454483,0.010279265911818151,0.7054142744895884,0.0007054142744895884
120,blocks.0.mlp.fc.weight,0.09314465522766113,19.5234317779541,0.004770916111830068,0.7054142744895884,0.0007054142744895884
120,blocks.0.mlp.proj.weight,0.08448747545480728,10.911137580871582,0.007743232529934856,0.7054142744895884,0.0007054142744895884
120,blocks.1.ln1.weight,0.0037811698857694864,16.40515899658203,0.00023048663451278055,0.7054142744895884,0.0007054142744895884
120,blocks.1.ln1.bias,0.0027097344864159822,0.1650596708059311,0.0164166962963687,0.7054142744895884,0.0007054142744895884
120,blocks.1.attn.qkv.weight,0.09146444499492645,17.56922721862793,0.005205945819742445,0.7054142744895884,0.0007054142744895884
120,blocks.1.attn.proj.weight,0.04759969934821129,10.128012657165527,0.004699806463465466,0.7054142744895884,0.0007054142744895884
120,blocks.1.ln2.weight,0.0031107445247471333,16.26402473449707,0.00019126535869985783,0.7054142744895884,0.0007054142744895884
120,blocks.1.ln2.bias,0.0017640229780226946,0.11464868485927582,0.015386334175333432,0.7054142744895884,0.0007054142744895884
120,blocks.1.mlp.fc.weight,0.07627429068088531,19.62267303466797,0.0038870489533268655,0.7054142744895884,0.0007054142744895884
120,blocks.1.mlp.proj.weight,0.06461196392774582,10.830859184265137,0.005965543714353416,0.7054142744895884,0.0007054142744895884
120,final_norm.weight,0.00403066398575902,16.36174774169922,0.0002463467869930732,0.7054142744895884,0.0007054142744895884
120,final_norm.bias,0.0017905922140926123,0.169760063290596,0.010547782437008879,0.7054142744895884,0.0007054142744895884
120,lm_head.weight,0.010460241697728634,3.509136915206909,0.0029808588124321978,0.7054142744895884,0.0007054142744895884
121,token_embedding.weight,0.01517134066671133,85.44081115722656,0.00017756550366537533,0.700892805656244,0.000700892805656244
121,position_embedding.weight,0.019762573763728142,89.53609466552734,0.00022072186460168216,0.700892805656244,0.000700892805656244
121,blocks.0.ln1.weight,0.004140103701502085,16.362577438354492,0.0002530227109451152,0.700892805656244,0.000700892805656244
121,blocks.0.ln1.bias,0.002266884781420231,0.14210551977157593,0.015952123359093493,0.700892805656244,0.000700892805656244
121,blocks.0.attn.qkv.weight,0.10995813459157944,17.602617263793945,0.006246692349423587,0.700892805656244,0.000700892805656244
121,blocks.0.attn.proj.weight,0.05823910981416702,10.097469329833984,0.005767693657864151,0.700892805656244,0.000700892805656244
121,blocks.0.ln2.weight,0.0031239569652825594,16.129426956176758,0.00019368059223493045,0.700892805656244,0.000700892805656244
121,blocks.0.ln2.bias,0.0019311041105538607,0.12098777294158936,0.015961150979034885,0.700892805656244,0.000700892805656244
121,blocks.0.mlp.fc.weight,0.09435776621103287,19.527353286743164,0.004832081686927135,0.700892805656244,0.000700892805656244
121,blocks.0.mlp.proj.weight,0.08398573845624924,10.917876243591309,0.00769249775161542,0.700892805656244,0.000700892805656244
121,blocks.1.ln1.weight,0.003561713034287095,16.405689239501953,0.0002171023101980326,0.700892805656244,0.000700892805656244
121,blocks.1.ln1.bias,0.002337460406124592,0.16643604636192322,0.014044195696812138,0.700892805656244,0.000700892805656244
121,blocks.1.attn.qkv.weight,0.09097713977098465,17.57571029663086,0.005176299463039008,0.700892805656244,0.000700892805656244
121,blocks.1.attn.proj.weight,0.04785085469484329,10.132676124572754,0.004722430097098974,0.700892805656244,0.000700892805656244
121,blocks.1.ln2.weight,0.003085913136601448,16.265628814697266,0.0001897198793699814,0.700892805656244,0.000700892805656244
121,blocks.1.ln2.bias,0.0018427020404487848,0.114443838596344,0.0161013652026484,0.700892805656244,0.000700892805656244
121,blocks.1.mlp.fc.weight,0.07645333558320999,19.629596710205078,0.003894799099130721,0.700892805656244,0.000700892805656244
121,blocks.1.mlp.proj.weight,0.062037840485572815,10.83879566192627,0.0057236839239888145,0.700892805656244,0.000700892805656244
121,final_norm.weight,0.0038216360844671726,16.365392684936523,0.0002335193635765644,0.700892805656244,0.000700892805656244
121,final_norm.bias,0.001533623319119215,0.17009185254573822,0.009016441976242233,0.700892805656244,0.000700892805656244
121,lm_head.weight,0.009869399480521679,3.5130763053894043,0.00280933251161617,0.700892805656244,0.000700892805656244
122,token_embedding.weight,0.014810365624725819,85.4417724609375,0.00017333869836907572,0.6963541074493962,0.0006963541074493962
122,position_embedding.weight,0.018553778529167175,89.53346252441406,0.00020722730927677133,0.6963541074493962,0.0006963541074493962
122,blocks.0.ln1.weight,0.003937415312975645,16.3634033203125,0.00024062325152663963,0.6963541074493962,0.0006963541074493962
122,blocks.0.ln1.bias,0.002484738826751709,0.14303329586982727,0.01737175118299494,0.6963541074493962,0.0006963541074493962
122,blocks.0.attn.qkv.weight,0.10281652212142944,17.61090850830078,0.005838229303897738,0.6963541074493962,0.0006963541074493962
122,blocks.0.attn.proj.weight,0.055621396750211716,10.103322982788086,0.00550525771025654,0.6963541074493962,0.0006963541074493962
122,blocks.0.ln2.weight,0.0029506913851946592,16.129085540771484,0.00018294226152720493,0.6963541074493962,0.0006963541074493962
122,blocks.0.ln2.bias,0.002179381437599659,0.12137145549058914,0.017956293172661893,0.6963541074493962,0.0006963541074493962
122,blocks.0.mlp.fc.weight,0.08838234096765518,19.531139373779297,0.00452520148856777,0.6963541074493962,0.0006963541074493962
122,blocks.0.mlp.proj.weight,0.07926826179027557,10.924723625183105,0.007255859691273401,0.6963541074493962,0.0006963541074493962
122,blocks.1.ln1.weight,0.00327137834392488,16.406158447265625,0.00019939941177819805,0.6963541074493962,0.0006963541074493962
122,blocks.1.ln1.bias,0.0022739197593182325,0.16738951206207275,0.01358460115745731,0.6963541074493962,0.0006963541074493962
122,blocks.1.attn.qkv.weight,0.08571816980838776,17.58201789855957,0.004875331733987454,0.6963541074493962,0.0006963541074493962
122,blocks.1.attn.proj.weight,0.04572830721735954,10.137052536010742,0.004511006237257856,0.6963541074493962,0.0006963541074493962
122,blocks.1.ln2.weight,0.002901701955124736,16.26701545715332,0.00017837949209352673,0.6963541074493962,0.0006963541074493962
122,blocks.1.ln2.bias,0.002168979262933135,0.11425250768661499,0.018984084523234083,0.6963541074493962,0.0006963541074493962
122,blocks.1.mlp.fc.weight,0.07389069348573685,19.636014938354492,0.003763018805888379,0.6963541074493962,0.0006963541074493962
122,blocks.1.mlp.proj.weight,0.06124819815158844,10.84643840789795,0.005646848840904704,0.6963541074493962,0.0006963541074493962
122,final_norm.weight,0.0038265553303062916,16.368818283081055,0.0002337710190271473,0.6963541074493962,0.0006963541074493962
122,final_norm.bias,0.001555846887640655,0.17007161676883698,0.009148186612150746,0.6963541074493962,0.0006963541074493962
122,lm_head.weight,0.010137423872947693,3.5168349742889404,0.0028825418158821823,0.6963541074493962,0.0006963541074493962
123,token_embedding.weight,0.014799238182604313,85.44286346435547,0.0001732062524891619,0.6917986981106294,0.0006917986981106295
123,position_embedding.weight,0.018152674660086632,89.5307846069336,0.00020275344106255737,0.6917986981106294,0.0006917986981106295
123,blocks.0.ln1.weight,0.003882850520312786,16.3642520904541,0.00023727638139830207,0.6917986981106294,0.0006917986981106295
123,blocks.0.ln1.bias,0.0022753924131393433,0.14398950338363647,0.01580248809568521,0.6917986981106294,0.0006917986981106295
123,blocks.0.attn.qkv.weight,0.09992752224206924,17.61910629272461,0.0056715431862356305,0.6917986981106294,0.0006917986981106295
123,blocks.0.attn.proj.weight,0.05314275249838829,10.109086990356445,0.005256928993595417,0.6917986981106294,0.0006917986981106295
123,blocks.0.ln2.weight,0.002870656084269285,16.128950119018555,0.00017798158361740824,0.6917986981106294,0.0006917986981106295
123,blocks.0.ln2.bias,0.0017610894283279777,0.1219111904501915,0.014445674936076104,0.6917986981106294,0.0006917986981106295
123,blocks.0.mlp.fc.weight,0.08595889061689377,19.535341262817383,0.004400173483557175,0.6917986981106294,0.0006917986981106295
123,blocks.0.mlp.proj.weight,0.0773124247789383,10.93198299407959,0.0070721318191586235,0.6917986981106294,0.0006917986981106295
123,blocks.1.ln1.weight,0.0032320464961230755,16.406295776367188,0.00019700037962125199,0.6917986981106294,0.0006917986981106295
123,blocks.1.ln1.bias,0.0020042459946125746,0.16801801323890686,0.01192875666105386,0.6917986981106294,0.0006917986981106295
123,blocks.1.attn.qkv.weight,0.08587200194597244,17.587665557861328,0.004882512785079913,0.6917986981106294,0.0006917986981106295
123,blocks.1.attn.proj.weight,0.047848910093307495,10.14065170288086,0.004718524163462726,0.6917986981106294,0.0006917986981106295
123,blocks.1.ln2.weight,0.0029675744008272886,16.268291473388672,0.00018241463190411865,0.6917986981106294,0.0006917986981106295
123,blocks.1.ln2.bias,0.0018951237434521317,0.11415321379899979,0.01660158028290339,0.6917986981106294,0.0006917986981106295
123,blocks.1.mlp.fc.weight,0.07329386472702026,19.642192840576172,0.0037314502164752486,0.6917986981106294,0.0006917986981106295
123,blocks.1.mlp.proj.weight,0.060393430292606354,10.853809356689453,0.005564261201564124,0.6917986981106294,0.0006917986981106295
123,final_norm.weight,0.003941541071981192,16.372217178344727,0.00024074571141130264,0.6917986981106294,0.0006917986981106295
123,final_norm.bias,0.0013910556444898248,0.16992463171482086,0.008186309603520008,0.6917986981106294,0.0006917986981106295
123,lm_head.weight,0.00975807849317789,3.5207035541534424,0.002771627415680404,0.6917986981106294,0.0006917986981106295
124,token_embedding.weight,0.014453468844294548,85.44387817382812,0.00016915745344435392,0.6872270977896523,0.0006872270977896524
124,position_embedding.weight,0.018940817564725876,89.52823638916016,0.00021156250059918493,0.6872270977896523,0.0006872270977896524
124,blocks.0.ln1.weight,0.004023128654807806,16.364994049072266,0.00024583746518597925,0.6872270977896523,0.0006872270977896524
124,blocks.0.ln1.bias,0.0029481169767677784,0.14498594403266907,0.02033381233206412,0.6872270977896523,0.0006872270977896524
124,blocks.0.attn.qkv.weight,0.10120296478271484,17.62693214416504,0.005741382786011907,0.6872270977896523,0.0006872270977896524
124,blocks.0.attn.proj.weight,0.05423707515001297,10.114357948303223,0.005362384387345751,0.6872270977896523,0.0006872270977896524
124,blocks.0.ln2.weight,0.0033064819872379303,16.12869644165039,0.00020500615156344187,0.6872270977896523,0.0006872270977896524
124,blocks.0.ln2.bias,0.0024230475537478924,0.12228959798812866,0.01981401193226015,0.6872270977896523,0.0006872270977896524
124,blocks.0.mlp.fc.weight,0.09392648190259933,19.5391788482666,0.004807084403699346,0.6872270977896523,0.0006872270977896524
124,blocks.0.mlp.proj.weight,0.08472436666488647,10.938660621643066,0.0077454059135214776,0.6872270977896523,0.0006872270977896524
124,blocks.1.ln1.weight,0.0036863090936094522,16.406578063964844,0.0002246848233213104,0.6872270977896523,0.0006872270977896524
124,blocks.1.ln1.bias,0.002937446115538478,0.1685614138841629,0.0174265631014444,0.6872270977896523,0.0006872270977896524
124,blocks.1.attn.qkv.weight,0.08998821675777435,17.593406677246094,0.005114883001832318,0.6872270977896523,0.0006872270977896524
124,blocks.1.attn.proj.weight,0.04558476060628891,10.144509315490723,0.00449354021851764,0.6872270977896523,0.0006872270977896524
124,blocks.1.ln2.weight,0.00300049502402544,16.26985740661621,0.0001844204868571922,0.6872270977896523,0.0006872270977896524
124,blocks.1.ln2.bias,0.002215821063145995,0.11419719457626343,0.019403463205453938,0.6872270977896523,0.0006872270977896524
124,blocks.1.mlp.fc.weight,0.07242278754711151,19.6489315032959,0.0036858384658198682,0.6872270977896523,0.0006872270977896524
124,blocks.1.mlp.proj.weight,0.05963724106550217,10.861834526062012,0.0054905311733853416,0.6872270977896523,0.0006872270977896524
124,final_norm.weight,0.004039530176669359,16.375751495361328,0.00024667754501607876,0.6872270977896523,0.0006872270977896524
124,final_norm.bias,0.0015201267087832093,0.1698930710554123,0.008947549769575108,0.6872270977896523,0.0006872270977896524
124,lm_head.weight,0.009605973027646542,3.52457332611084,0.0027254286232266996,0.6872270977896523,0.0006872270977896524
125,token_embedding.weight,0.013606380671262741,85.44450378417969,0.00015924231599062603,0.6826398284849069,0.000682639828484907
125,position_embedding.weight,0.018218284472823143,89.52584838867188,0.00020349747922777782,0.6826398284849069,0.000682639828484907
125,blocks.0.ln1.weight,0.0036449201870709658,16.365869522094727,0.000222714728487229,0.6826398284849069,0.000682639828484907
125,blocks.0.ln1.bias,0.0023313912097364664,0.14578206837177277,0.01599230437432792,0.6826398284849069,0.000682639828484907
125,blocks.0.attn.qkv.weight,0.10008985549211502,17.634775161743164,0.005675709192439495,0.6826398284849069,0.000682639828484907
125,blocks.0.attn.proj.weight,0.053146567195653915,10.119800567626953,0.005251740569440025,0.6826398284849069,0.000682639828484907
125,blocks.0.ln2.weight,0.0031500551849603653,16.129045486450195,0.00019530326128762494,0.6826398284849069,0.000682639828484907
125,blocks.0.ln2.bias,0.002283033449202776,0.12266162037849426,0.018612451410143265,0.6826398284849069,0.000682639828484907
125,blocks.0.mlp.fc.weight,0.09155996888875961,19.5441951751709,0.004684765377551768,0.6826398284849069,0.000682639828484907
125,blocks.0.mlp.proj.weight,0.08180191367864609,10.94680404663086,0.0074726754338692225,0.6826398284849069,0.000682639828484907
125,blocks.1.ln1.weight,0.0034936063457280397,16.406585693359375,0.00021293926786618845,0.6826398284849069,0.000682639828484907
125,blocks.1.ln1.bias,0.0026403048541396856,0.16983644664287567,0.015546161653252509,0.6826398284849069,0.000682639828484907
125,blocks.1.attn.qkv.weight,0.0878203809261322,17.59868621826172,0.0049901668702404724,0.6826398284849069,0.000682639828484907
125,blocks.1.attn.proj.weight,0.04280942305922508,10.147963523864746,0.004218523544999631,0.6826398284849069,0.000682639828484907
125,blocks.1.ln2.weight,0.002994955750182271,16.27145004272461,0.00018406200690891777,0.6826398284849069,0.000682639828484907
125,blocks.1.ln2.bias,0.0020184142049402,0.11432145535945892,0.01765560277881418,0.6826398284849069,0.000682639828484907
125,blocks.1.mlp.fc.weight,0.07023237645626068,19.65564727783203,0.0035731398444184726,0.6826398284849069,0.000682639828484907
125,blocks.1.mlp.proj.weight,0.05782587081193924,10.86983585357666,0.005319847658316444,0.6826398284849069,0.000682639828484907
125,final_norm.weight,0.0040576886385679245,16.379375457763672,0.0002477315847011963,0.6826398284849069,0.000682639828484907
125,final_norm.bias,0.0015964413760229945,0.17000535130500793,0.009390536025830246,0.6826398284849069,0.000682639828484907
125,lm_head.weight,0.009058508090674877,3.5283195972442627,0.0025673717589946533,0.6826398284849069,0.000682639828484907
126,token_embedding.weight,0.013634353876113892,85.44479370117188,0.00015956915905019896,0.6780374139839646,0.0006780374139839646
126,position_embedding.weight,0.01688504032790661,89.52354431152344,0.00018861005177755216,0.6780374139839646,0.0006780374139839646
126,blocks.0.ln1.weight,0.0033791186287999153,16.366689682006836,0.0002064631696728896,0.6780374139839646,0.0006780374139839646
126,blocks.0.ln1.bias,0.0022922870703041553,0.14603911340236664,0.015696391308352816,0.6780374139839646,0.0006780374139839646
126,blocks.0.attn.qkv.weight,0.09218300133943558,17.642345428466797,0.005225098993396226,0.6780374139839646,0.0006780374139839646
126,blocks.0.attn.proj.weight,0.05088912695646286,10.124822616577148,0.005026174668298701,0.6780374139839646,0.0006780374139839646
126,blocks.0.ln2.weight,0.0029419311322271824,16.129451751708984,0.00018239498635874528,0.6780374139839646,0.0006780374139839646
126,blocks.0.ln2.bias,0.0022409982047975063,0.12269921600818634,0.018264160747610038,0.6780374139839646,0.0006780374139839646
126,blocks.0.mlp.fc.weight,0.0852358490228653,19.549386978149414,0.004360026691278354,0.6780374139839646,0.0006780374139839646
126,blocks.0.mlp.proj.weight,0.07708494365215302,10.955096244812012,0.007036446045706899,0.6780374139839646,0.0006780374139839646
126,blocks.1.ln1.weight,0.003329108702018857,16.40691375732422,0.00020290889263268697,0.6780374139839646,0.0006780374139839646
126,blocks.1.ln1.bias,0.0024507322814315557,0.1704915165901184,0.014374511591148718,0.6780374139839646,0.0006780374139839646
126,blocks.1.attn.qkv.weight,0.08398350328207016,17.604440689086914,0.004770586283614635,0.6780374139839646,0.0006780374139839646
126,blocks.1.attn.proj.weight,0.04247337579727173,10.151776313781738,0.004183836846326785,0.6780374139839646,0.0006780374139839646
126,blocks.1.ln2.weight,0.0029289741069078445,16.273096084594727,0.00017998874287238067,0.6780374139839646,0.0006780374139839646
126,blocks.1.ln2.bias,0.0021971845999360085,0.11454853415489197,0.0191812546195118,0.6780374139839646,0.0006780374139839646
126,blocks.1.mlp.fc.weight,0.0674419105052948,19.662458419799805,0.0034299836299909662,0.6780374139839646,0.0006780374139839646
126,blocks.1.mlp.proj.weight,0.05516926944255829,10.877786636352539,0.00507173667648368,0.6780374139839646,0.0006780374139839646
126,final_norm.weight,0.004028163384646177,16.383075714111328,0.0002458734522710123,0.6780374139839646,0.0006780374139839646
126,final_norm.bias,0.0014801508514210582,0.1703520566225052,0.00868877594294231,0.6780374139839646,0.0006780374139839646
126,lm_head.weight,0.008689513429999352,3.531963348388672,0.0024602501704784566,0.6780374139839646,0.0006780374139839646
127,token_embedding.weight,0.014798847958445549,85.44520568847656,0.00017319693760701194,0.6734203798037187,0.0006734203798037187
127,position_embedding.weight,0.017740240320563316,89.5212173461914,0.00019816799688903987,0.6734203798037187,0.0006734203798037187
127,blocks.0.ln1.weight,0.003691977122798562,16.3674373626709,0.00022556842839787514,0.6734203798037187,0.0006734203798037187
127,blocks.0.ln1.bias,0.0022999646607786417,0.1460563987493515,0.01574709961670273,0.6734203798037187,0.0006734203798037187
127,blocks.0.attn.qkv.weight,0.09700582176446915,17.6495304107666,0.005496226783761225,0.6734203798037187,0.0006734203798037187
127,blocks.0.attn.proj.weight,0.052720680832862854,10.129700660705566,0.0052045645373676305,0.6734203798037187,0.0006734203798037187
127,blocks.0.ln2.weight,0.003086941782385111,16.129732131958008,0.00019138208602167235,0.6734203798037187,0.0006734203798037187
127,blocks.0.ln2.bias,0.0023922801483422518,0.12274617701768875,0.01948965097282023,0.6734203798037187,0.0006734203798037187
127,blocks.0.mlp.fc.weight,0.08893506973981857,19.554197311401367,0.0045481319597792495,0.6734203798037187,0.0006734203798037187
127,blocks.0.mlp.proj.weight,0.07964444160461426,10.962930679321289,0.007264885999401188,0.6734203798037187,0.0006734203798037187
127,blocks.1.ln1.weight,0.003255903720855713,16.40717887878418,0.00019844384856836442,0.6734203798037187,0.0006734203798037187
127,blocks.1.ln1.bias,0.002499015536159277,0.17103919386863708,0.014610777095125814,0.6734203798037187,0.0006734203798037187
127,blocks.1.attn.qkv.weight,0.08397117257118225,17.609888076782227,0.004768410350199179,0.6734203798037187,0.0006734203798037187
127,blocks.1.attn.proj.weight,0.04444417357444763,10.155336380004883,0.004376435394296795,0.6734203798037187,0.0006734203798037187
127,blocks.1.ln2.weight,0.0029502054676413536,16.274808883666992,0.00018127435404798688,0.6734203798037187,0.0006734203798037187
127,blocks.1.ln2.bias,0.002007648115977645,0.11504901945590973,0.017450371376086227,0.6734203798037187,0.0006734203798037187
127,blocks.1.mlp.fc.weight,0.06887694448232651,19.669309616088867,0.0035017469258800966,0.6734203798037187,0.0006734203798037187
127,blocks.1.mlp.proj.weight,0.05778390169143677,10.8858003616333,0.005308190465727188,0.6734203798037187,0.0006734203798037187
127,final_norm.weight,0.004044972825795412,16.386791229248047,0.0002468434954230378,0.6734203798037187,0.0006734203798037187
127,final_norm.bias,0.0017220338340848684,0.1708572506904602,0.010078786982207592,0.6734203798037187,0.0006734203798037187
127,lm_head.weight,0.008936948142945766,3.535689353942871,0.002527639520416883,0.6734203798037187,0.0006734203798037187
128,token_embedding.weight,0.015461494214832783,85.44583892822266,0.00018095081526229467,0.6687892531303794,0.0006687892531303794
128,position_embedding.weight,0.019916092976927757,89.5188217163086,0.00022247939142946974,0.6687892531303794,0.0006687892531303794
128,blocks.0.ln1.weight,0.004198131617158651,16.36813735961914,0.0002564819395709225,0.6687892531303794,0.0006687892531303794
128,blocks.0.ln1.bias,0.0029306907672435045,0.14633043110370636,0.020027896761586495,0.6687892531303794,0.0006687892531303794
128,blocks.0.attn.qkv.weight,0.110824353992939,17.656341552734375,0.006276745024552935,0.6687892531303794,0.0006687892531303794
128,blocks.0.attn.proj.weight,0.056342728435993195,10.134214401245117,0.005559654276612227,0.6687892531303794,0.0006687892531303794
128,blocks.0.ln2.weight,0.0032602662686258554,16.129972457885742,0.00020212472632163424,0.6687892531303794,0.0006687892531303794
128,blocks.0.ln2.bias,0.002967619802802801,0.1223943904042244,0.02424637103855479,0.6687892531303794,0.0006687892531303794
128,blocks.0.mlp.fc.weight,0.0947672501206398,19.558931350708008,0.004845216153243695,0.6687892531303794,0.0006687892531303794
128,blocks.0.mlp.proj.weight,0.08382593840360641,10.970429420471191,0.007641080872110325,0.6687892531303794,0.0006687892531303794
128,blocks.1.ln1.weight,0.0032985012512654066,16.4078426361084,0.0002010319896661041,0.6687892531303794,0.0006687892531303794
128,blocks.1.ln1.bias,0.002927974332123995,0.17156894505023956,0.017065875944213254,0.6687892531303794,0.0006687892531303794
128,blocks.1.attn.qkv.weight,0.0885770246386528,17.615802764892578,0.0050282706851814555,0.6687892531303794,0.0006687892531303794
128,blocks.1.attn.proj.weight,0.04726024717092514,10.159302711486816,0.004651918395687212,0.6687892531303794,0.0006687892531303794
128,blocks.1.ln2.weight,0.0030938719864934683,16.27646255493164,0.0001900825794334445,0.6687892531303794,0.0006687892531303794
128,blocks.1.ln2.bias,0.00228727119974792,0.11530665308237076,0.01983642000339861,0.6687892531303794,0.0006687892531303794
128,blocks.1.mlp.fc.weight,0.07329601794481277,19.67591667175293,0.0037251640758386635,0.6687892531303794,0.0006687892531303794
128,blocks.1.mlp.proj.weight,0.06369247287511826,10.893317222595215,0.005846930881898835,0.6687892531303794,0.0006687892531303794
128,final_norm.weight,0.0036987524945288897,16.390501022338867,0.00022566439485209008,0.6687892531303794,0.0006687892531303794
128,final_norm.bias,0.0018828590400516987,0.1715499609708786,0.010975572535165701,0.6687892531303794,0.0006687892531303794
128,lm_head.weight,0.009265542030334473,3.539196252822876,0.002617979159234706,0.6687892531303794,0.0006687892531303794
129,token_embedding.weight,0.014368477277457714,85.4465103149414,0.00016815756693278365,0.6641445627592782,0.0006641445627592783
129,position_embedding.weight,0.018927183002233505,89.51630401611328,0.00021143838779163994,0.6641445627592782,0.0006641445627592783
129,blocks.0.ln1.weight,0.004058060236275196,16.36878776550293,0.00024791452454575,0.6641445627592782,0.0006641445627592783
129,blocks.0.ln1.bias,0.0026162767317146063,0.14675451815128326,0.017827571952502105,0.6641445627592782,0.0006641445627592783
129,blocks.0.attn.qkv.weight,0.10432611405849457,17.66322135925293,0.005906403590635925,0.6641445627592782,0.0006641445627592783
129,blocks.0.attn.proj.weight,0.052786823362112045,10.138873100280762,0.005206379726820438,0.6641445627592782,0.0006641445627592783
129,blocks.0.ln2.weight,0.0030153479892760515,16.1298770904541,0.00018694178339774157,0.6641445627592782,0.0006641445627592783
129,blocks.0.ln2.bias,0.002523410366848111,0.12166224420070648,0.02074111309885501,0.6641445627592782,0.0006641445627592783
129,blocks.0.mlp.fc.weight,0.0882657915353775,19.562957763671875,0.004511883765310851,0.6641445627592782,0.0006641445627592783
129,blocks.0.mlp.proj.weight,0.07799361646175385,10.97696590423584,0.007105207134846817,0.6641445627592782,0.0006641445627592783
129,blocks.1.ln1.weight,0.0030862719286233187,16.408740997314453,0.00018808706464001397,0.6641445627592782,0.0006641445627592783
129,blocks.1.ln1.bias,0.002865026704967022,0.17203155159950256,0.0166540769894367,0.6641445627592782,0.0006641445627592783
129,blocks.1.attn.qkv.weight,0.08346027880907059,17.622209548950195,0.004736084801240933,0.6641445627592782,0.0006641445627592783
129,blocks.1.attn.proj.weight,0.04567946866154671,10.163921356201172,0.004494276083086026,0.6641445627592782,0.0006641445627592783
129,blocks.1.ln2.weight,0.0029072007164359093,16.27823257446289,0.00017859437154107966,0.6641445627592782,0.0006641445627592783
129,blocks.1.ln2.bias,0.0021421159617602825,0.11555509269237518,0.018537616229899755,0.6641445627592782,0.0006641445627592783
129,blocks.1.mlp.fc.weight,0.07076249271631241,19.682767868041992,0.003595149482568589,0.6641445627592782,0.0006641445627592783
129,blocks.1.mlp.proj.weight,0.06230434030294418,10.90109920501709,0.005715418154736515,0.6641445627592782,0.0006641445627592783
129,final_norm.weight,0.003769233822822571,16.393768310546875,0.00022991869541046385,0.6641445627592782,0.0006641445627592783
129,final_norm.bias,0.0018160655163228512,0.17231282591819763,0.010539351941070573,0.6641445627592782,0.0006641445627592783
129,lm_head.weight,0.009423102252185345,3.542349100112915,0.002660128063572931,0.6641445627592782,0.0006641445627592783
130,token_embedding.weight,0.014531484805047512,85.44725799560547,0.00017006379310374937,0.6594868390344889,0.000659486839034489
130,position_embedding.weight,0.018284514546394348,89.5137710571289,0.00020426482238944797,0.6594868390344889,0.000659486839034489
130,blocks.0.ln1.weight,0.003739055013284087,16.369434356689453,0.00022841687329018033,0.6594868390344889,0.000659486839034489
130,blocks.0.ln1.bias,0.0024399051908403635,0.14722514152526855,0.016572612296691356,0.6594868390344889,0.000659486839034489
130,blocks.0.attn.qkv.weight,0.09779435396194458,17.669979095458984,0.005534491774643427,0.6594868390344889,0.000659486839034489
130,blocks.0.attn.proj.weight,0.05019136145710945,10.143370628356934,0.004948193583382323,0.6594868390344889,0.000659486839034489
130,blocks.0.ln2.weight,0.0028208547737449408,16.129758834838867,0.00017488511778936006,0.6594868390344889,0.000659486839034489
130,blocks.0.ln2.bias,0.0020914997439831495,0.12120237946510315,0.01725625976318462,0.6594868390344889,0.000659486839034489
130,blocks.0.mlp.fc.weight,0.08504242449998856,19.566856384277344,0.004346248719253584,0.6594868390344889,0.000659486839034489
130,blocks.0.mlp.proj.weight,0.07484273612499237,10.983419418334961,0.006814156254476476,0.6594868390344889,0.000659486839034489
130,blocks.1.ln1.weight,0.0029052598401904106,16.409645080566406,0.00017704586698409896,0.6594868390344889,0.000659486839034489
130,blocks.1.ln1.bias,0.002524073701351881,0.17263177037239075,0.014621142422929926,0.6594868390344889,0.000659486839034489
130,blocks.1.attn.qkv.weight,0.07819288223981857,17.6285400390625,0.004435584686340963,0.6594868390344889,0.000659486839034489
130,blocks.1.attn.proj.weight,0.04283663630485535,10.16860294342041,0.004212637325225543,0.6594868390344889,0.000659486839034489
130,blocks.1.ln2.weight,0.0028174167964607477,16.279876708984375,0.00017306131040327395,0.6594868390344889,0.000659486839034489
130,blocks.1.ln2.bias,0.0016458159079775214,0.11569326370954514,0.014225684842768503,0.6594868390344889,0.000659486839034489
130,blocks.1.mlp.fc.weight,0.06832850724458694,19.689231872558594,0.0034703490561160356,0.6594868390344889,0.000659486839034489
130,blocks.1.mlp.proj.weight,0.05833907052874565,10.908668518066406,0.0053479552002264966,0.6594868390344889,0.000659486839034489
130,final_norm.weight,0.0037040729075670242,16.397125244140625,0.0002258977017261253,0.6594868390344889,0.000659486839034489
130,final_norm.bias,0.001486755209043622,0.17293772101402283,0.008597055635505165,0.6594868390344889,0.000659486839034489
130,lm_head.weight,0.009493527002632618,3.545661211013794,0.0026775053897254617,0.6594868390344889,0.000659486839034489
131,token_embedding.weight,0.01596841588616371,85.44821166992188,0.0001868782924076628,0.6548166137882704,0.0006548166137882704
131,position_embedding.weight,0.020112929865717888,89.51124572753906,0.0002246972400198617,0.6548166137882704,0.0006548166137882704
131,blocks.0.ln1.weight,0.004047970753163099,16.370014190673828,0.00024727961173479155,0.6548166137882704,0.0006548166137882704
131,blocks.0.ln1.bias,0.002551904646679759,0.1477096676826477,0.017276490338771978,0.6548166137882704,0.0006548166137882704
131,blocks.0.attn.qkv.weight,0.1089625135064125,17.67672348022461,0.006164180461854564,0.6548166137882704,0.0006548166137882704
131,blocks.0.attn.proj.weight,0.05643216520547867,10.147842407226562,0.005561001338105742,0.6548166137882704,0.0006548166137882704
131,blocks.0.ln2.weight,0.0033285017125308514,16.129623413085938,0.00020635954276714466,0.6548166137882704,0.0006548166137882704
131,blocks.0.ln2.bias,0.002649968722835183,0.12101014703512192,0.021898731534010604,0.6548166137882704,0.0006548166137882704
131,blocks.0.mlp.fc.weight,0.09873492270708084,19.5706844329834,0.005045041886254789,0.6548166137882704,0.0006548166137882704
131,blocks.0.mlp.proj.weight,0.08648618310689926,10.989676475524902,0.00786976607541675,0.6548166137882704,0.0006548166137882704
131,blocks.1.ln1.weight,0.003428191179409623,16.410493850708008,0.00020890237738101404,0.6548166137882704,0.0006548166137882704
131,blocks.1.ln1.bias,0.003041035495698452,0.17316560447216034,0.017561429158813088,0.6548166137882704,0.0006548166137882704
131,blocks.1.attn.qkv.weight,0.08920835703611374,17.634614944458008,0.00505870739548776,0.6548166137882704,0.0006548166137882704
131,blocks.1.attn.proj.weight,0.04797159135341644,10.173023223876953,0.004715568842978586,0.6548166137882704,0.0006548166137882704
131,blocks.1.ln2.weight,0.0030125633347779512,16.28148651123047,0.00018502999297390893,0.6548166137882704,0.0006548166137882704
131,blocks.1.ln2.bias,0.0017072444315999746,0.1158929094672203,0.014731224191658837,0.6548166137882704,0.0006548166137882704
131,blocks.1.mlp.fc.weight,0.07573893666267395,19.695547103881836,0.003845485289806576,0.6548166137882704,0.0006548166137882704
131,blocks.1.mlp.proj.weight,0.06392290443181992,10.916153907775879,0.005855808279350111,0.6548166137882704,0.0006548166137882704
131,final_norm.weight,0.003500063670799136,16.400449752807617,0.0002134126638935461,0.6548166137882704,0.0006548166137882704
131,final_norm.bias,0.0016767858760431409,0.17349611222743988,0.009664688473453172,0.6548166137882704,0.0006548166137882704
131,lm_head.weight,0.009884212166070938,3.549057722091675,0.002785024347319656,0.6548166137882704,0.0006548166137882704
132,token_embedding.weight,0.015555131249129772,85.44942474365234,0.0001820390400028423,0.6501344202803414,0.0006501344202803415
132,position_embedding.weight,0.020701415836811066,89.50859832763672,0.00023127851651788246,0.6501344202803414,0.0006501344202803415
132,blocks.0.ln1.weight,0.003991984762251377,16.37078285217285,0.0002438481286019433,0.6501344202803414,0.0006501344202803415
132,blocks.0.ln1.bias,0.0028309347108006477,0.14854136109352112,0.019058225196948633,0.6501344202803414,0.0006501344202803415
132,blocks.0.attn.qkv.weight,0.11102502048015594,17.683523178100586,0.006278444592853755,0.6501344202803414,0.0006501344202803415
132,blocks.0.attn.proj.weight,0.05920051038265228,10.152933120727539,0.005830877607357297,0.6501344202803414,0.0006501344202803415
132,blocks.0.ln2.weight,0.0037441321182996035,16.128948211669922,0.0002321374009738804,0.6501344202803414,0.0006501344202803415
132,blocks.0.ln2.bias,0.002956889569759369,0.12107181549072266,0.024422608662059114,0.6501344202803414,0.0006501344202803415
132,blocks.0.mlp.fc.weight,0.1042361631989479,19.57308006286621,0.005325485966651619,0.6501344202803414,0.0006501344202803415
132,blocks.0.mlp.proj.weight,0.08979951590299606,10.994218826293945,0.008167885078676256,0.6501344202803414,0.0006501344202803415
132,blocks.1.ln1.weight,0.0033526027109473944,16.411121368408203,0.0002042884599830594,0.6501344202803414,0.0006501344202803415
132,blocks.1.ln1.bias,0.0031389016658067703,0.17328399419784546,0.01811420425942423,0.6501344202803414,0.0006501344202803415
132,blocks.1.attn.qkv.weight,0.0911044105887413,17.64018440246582,0.005164595137452258,0.6501344202803414,0.0006501344202803415
132,blocks.1.attn.proj.weight,0.047050684690475464,10.177632331848145,0.004622949931413661,0.6501344202803414,0.0006501344202803415
132,blocks.1.ln2.weight,0.0032156368251889944,16.282825469970703,0.00019748641481904817,0.6501344202803414,0.0006501344202803415
132,blocks.1.ln2.bias,0.0018490264192223549,0.11571870744228363,0.015978630076978733,0.6501344202803414,0.0006501344202803415
132,blocks.1.mlp.fc.weight,0.07626568526029587,19.701126098632812,0.003871133298597818,0.6501344202803414,0.0006501344202803415
132,blocks.1.mlp.proj.weight,0.06242629885673523,10.92236042022705,0.005715458605552207,0.6501344202803414,0.0006501344202803415
132,final_norm.weight,0.0034324575681239367,16.403474807739258,0.00020925185720432074,0.6501344202803414,0.0006501344202803415
132,final_norm.bias,0.0015830245101824403,0.17418695986270905,0.00908807703757539,0.6501344202803414,0.0006501344202803415
132,lm_head.weight,0.009418618865311146,3.5521399974823,0.0026515336872939303,0.6501344202803414,0.0006501344202803415
133,token_embedding.weight,0.01619061827659607,85.45067596435547,0.00018947326154973386,0.6454407931369917,0.0006454407931369917
133,position_embedding.weight,0.020483089610934258,89.50585174560547,0.00022884637385666464,0.6454407931369917,0.0006454407931369917
133,blocks.0.ln1.weight,0.00407452741637826,16.371084213256836,0.0002488856182829098,0.6454407931369917,0.0006454407931369917
133,blocks.0.ln1.bias,0.0032806755043566227,0.14933469891548157,0.021968608288361745,0.6454407931369917,0.0006454407931369917
133,blocks.0.attn.qkv.weight,0.10926655679941177,17.689624786376953,0.006176872495540631,0.6454407931369917,0.0006454407931369917
133,blocks.0.attn.proj.weight,0.058787647634744644,10.157402992248535,0.005787665181700651,0.6454407931369917,0.0006454407931369917
133,blocks.0.ln2.weight,0.0035192619543522596,16.128639221191406,0.00021819955831909777,0.6454407931369917,0.0006454407931369917
133,blocks.0.ln2.bias,0.0030947341583669186,0.12136735767126083,0.02549890034455481,0.6454407931369917,0.0006454407931369917
133,blocks.0.mlp.fc.weight,0.10107199847698212,19.576322555541992,0.005162971655693516,0.6454407931369917,0.0006454407931369917
133,blocks.0.mlp.proj.weight,0.09060854464769363,10.99979019165039,0.008237297536498798,0.6454407931369917,0.0006454407931369917
133,blocks.1.ln1.weight,0.003253892296925187,16.411357879638672,0.00019827075375414518,0.6454407931369917,0.0006454407931369917
133,blocks.1.ln1.bias,0.003152419812977314,0.1734585165977478,0.018173911980751203,0.6454407931369917,0.0006454407931369917
133,blocks.1.attn.qkv.weight,0.09049379080533981,17.64509391784668,0.005128552515881316,0.6454407931369917,0.0006454407931369917
133,blocks.1.attn.proj.weight,0.048730917274951935,10.181232452392578,0.004786347576564313,0.6454407931369917,0.0006454407931369917
133,blocks.1.ln2.weight,0.0032814207952469587,16.28434181213379,0.00020150773258773683,0.6454407931369917,0.0006454407931369917
133,blocks.1.ln2.bias,0.0022208166774362326,0.11559149622917175,0.019212630252782848,0.6454407931369917,0.0006454407931369917
133,blocks.1.mlp.fc.weight,0.07645847648382187,19.70698356628418,0.0038797655778547192,0.6454407931369917,0.0006454407931369917
133,blocks.1.mlp.proj.weight,0.0656890943646431,10.929036140441895,0.006010511221713379,0.6454407931369917,0.0006454407931369917
133,final_norm.weight,0.0034380813594907522,16.406394958496094,0.00020955739321087865,0.6454407931369917,0.0006454407931369917
133,final_norm.bias,0.001734150922857225,0.1748277097940445,0.00991919945007699,0.6454407931369917,0.0006454407931369917
133,lm_head.weight,0.009915346279740334,3.555100202560425,0.0027890483291009337,0.6454407931369917,0.0006454407931369917
134,token_embedding.weight,0.01705687865614891,85.4516830444336,0.00019960845765061631,0.6407362682900349,0.000640736268290035
134,position_embedding.weight,0.02044808119535446,89.50331115722656,0.00022846172874469394,0.6407362682900349,0.000640736268290035
134,blocks.0.ln1.weight,0.003992931451648474,16.371320724487305,0.0002438979431681298,0.6407362682900349,0.000640736268290035
134,blocks.0.ln1.bias,0.004092096351087093,0.1502729058265686,0.02723109883682285,0.6407362682900349,0.000640736268290035
134,blocks.0.attn.qkv.weight,0.10981085151433945,17.695642471313477,0.006205530637971939,0.6407362682900349,0.000640736268290035
134,blocks.0.attn.proj.weight,0.0588473342359066,10.161800384521484,0.005791034266480714,0.6407362682900349,0.000640736268290035
134,blocks.0.ln2.weight,0.0037837026175111532,16.128650665283203,0.00023459511251336788,0.6407362682900349,0.000640736268290035
134,blocks.0.ln2.bias,0.003547931555658579,0.12197985500097275,0.029086208994109717,0.6407362682900349,0.000640736268290035
134,blocks.0.mlp.fc.weight,0.10189621150493622,19.58043098449707,0.005203982056656873,0.6407362682900349,0.000640736268290035
134,blocks.0.mlp.proj.weight,0.09356114268302917,11.006693840026855,0.00850038567828397,0.6407362682900349,0.000640736268290035
134,blocks.1.ln1.weight,0.0032454647589474916,16.41130256652832,0.0001977579016528879,0.6407362682900349,0.000640736268290035
134,blocks.1.ln1.bias,0.0034861250314861536,0.17334076762199402,0.02011139721654095,0.6407362682900349,0.000640736268290035
134,blocks.1.attn.qkv.weight,0.09264225512742996,17.6494083404541,0.005249028938555406,0.6407362682900349,0.000640736268290035
134,blocks.1.attn.proj.weight,0.04952075704932213,10.184139251708984,0.004862537306823182,0.6407362682900349,0.000640736268290035
134,blocks.1.ln2.weight,0.0033723758533596992,16.28580093383789,0.0002070746085537939,0.6407362682900349,0.000640736268290035
134,blocks.1.ln2.bias,0.0026701355818659067,0.11558574438095093,0.02310090743580362,0.6407362682900349,0.000640736268290035
134,blocks.1.mlp.fc.weight,0.07708543539047241,19.71283531188965,0.003910418474605477,0.6407362682900349,0.000640736268290035
134,blocks.1.mlp.proj.weight,0.06694425642490387,10.935874938964844,0.00612152724848502,0.6407362682900349,0.000640736268290035
134,final_norm.weight,0.003472946584224701,16.40925407409668,0.00021164560976033722,0.6407362682900349,0.000640736268290035
134,final_norm.bias,0.0020022776443511248,0.17523694038391113,0.011426116205596179,0.6407362682900349,0.000640736268290035
134,lm_head.weight,0.009743740782141685,3.5581936836242676,0.002738395278194713,0.6407362682900349,0.000640736268290035
135,token_embedding.weight,0.016098976135253906,85.45255279541016,0.00018839666702290058,0.6360213829156176,0.0006360213829156176
135,position_embedding.weight,0.020625149831175804,89.50071716308594,0.00023044675489686803,0.6360213829156176,0.0006360213829156176
135,blocks.0.ln1.weight,0.003913784399628639,16.371137619018555,0.00023906612299695707,0.6360213829156176,0.0006360213829156176
135,blocks.0.ln1.bias,0.003096562111750245,0.1513533592224121,0.02045915682108794,0.6360213829156176,0.0006360213829156176
135,blocks.0.attn.qkv.weight,0.10863751173019409,17.700916290283203,0.006137394807624947,0.6360213829156176,0.0006360213829156176
135,blocks.0.attn.proj.weight,0.056647889316082,10.165262222290039,0.005572693362681867,0.6360213829156176,0.0006360213829156176
135,blocks.0.ln2.weight,0.003764859866350889,16.128862380981445,0.00023342377022139138,0.6360213829156176,0.0006360213829156176
135,blocks.0.ln2.bias,0.002930205315351486,0.12259732186794281,0.023901054857331152,0.6360213829156176,0.0006360213829156176
135,blocks.0.mlp.fc.weight,0.10117343813180923,19.585193634033203,0.0051658125021544305,0.6360213829156176,0.0006360213829156176
135,blocks.0.mlp.proj.weight,0.0901404619216919,11.014312744140625,0.008183938845357053,0.6360213829156176,0.0006360213829156176
135,blocks.1.ln1.weight,0.0032111662440001965,16.41107749938965,0.00019567065258935186,0.6360213829156176,0.0006360213829156176
135,blocks.1.ln1.bias,0.0030215487349778414,0.17364981770515442,0.01740024132988625,0.6360213829156176,0.0006360213829156176
135,blocks.1.attn.qkv.weight,0.0897848978638649,17.65345573425293,0.005085967258503985,0.6360213829156176,0.0006360213829156176
135,blocks.1.attn.proj.weight,0.04531042277812958,10.186803817749023,0.004447952820999489,0.6360213829156176,0.0006360213829156176
135,blocks.1.ln2.weight,0.00328580173663795,16.28753089904785,0.00020173725268756557,0.6360213829156176,0.0006360213829156176
135,blocks.1.ln2.bias,0.0023842137306928635,0.11604460328817368,0.02054566660675807,0.6360213829156176,0.0006360213829156176
135,blocks.1.mlp.fc.weight,0.07683752477169037,19.719310760498047,0.0038965623953555366,0.6360213829156176,0.0006360213829156176
135,blocks.1.mlp.proj.weight,0.06462683528661728,10.943625450134277,0.00590543194127851,0.6360213829156176,0.0006360213829156176
135,final_norm.weight,0.003411622252315283,16.412200927734375,0.0002078710995153551,0.6360213829156176,0.0006360213829156176
135,final_norm.bias,0.0016145060071721673,0.17583242058753967,0.00918207234916151,0.6360213829156176,0.0006360213829156176
135,lm_head.weight,0.009362125769257545,3.5613207817077637,0.002628835295416856,0.6360213829156176,0.0006360213829156176
136,token_embedding.weight,0.01499253511428833,85.45319366455078,0.0001754473352177079,0.6312966753728795,0.0006312966753728795
136,position_embedding.weight,0.019643587991595268,89.49816131591797,0.00021948593918321403,0.6312966753728795,0.0006312966753728795
136,blocks.0.ln1.weight,0.003548714332282543,16.370946884155273,0.00021676903342206631,0.6312966753728795,0.0006312966753728795
136,blocks.0.ln1.bias,0.002309950068593025,0.1521136313676834,0.015185687487759161,0.6312966753728795,0.0006312966753728795
136,blocks.0.attn.qkv.weight,0.10366509854793549,17.706186294555664,0.005854738949618124,0.6312966753728795,0.0006312966753728795
136,blocks.0.attn.proj.weight,0.05390537902712822,10.168766975402832,0.005301073292122271,0.6312966753728795,0.0006312966753728795
136,blocks.0.ln2.weight,0.003575889626517892,16.12919807434082,0.00022170287760346773,0.6312966753728795,0.0006312966753728795
136,blocks.0.ln2.bias,0.002389968140050769,0.123190738260746,0.019400550510321257,0.6312966753728795,0.0006312966753728795
136,blocks.0.mlp.fc.weight,0.0964038148522377,19.59029769897461,0.00492099795182177,0.6312966753728795,0.0006312966753728795
136,blocks.0.mlp.proj.weight,0.08621102571487427,11.022516250610352,0.007821356190796514,0.6312966753728795,0.0006312966753728795
136,blocks.1.ln1.weight,0.0031115158926695585,16.411012649536133,0.00018959926234395525,0.6312966753728795,0.0006312966753728795
136,blocks.1.ln1.bias,0.0027902505826205015,0.17427614331245422,0.0160105137144442,0.6312966753728795,0.0006312966753728795
136,blocks.1.attn.qkv.weight,0.08739776164293289,17.657705307006836,0.004949553757035873,0.6312966753728795,0.0006312966753728795
136,blocks.1.attn.proj.weight,0.044784534722566605,10.189742088317871,0.004395060673214279,0.6312966753728795,0.0006312966753728795
136,blocks.1.ln2.weight,0.0032531367614865303,16.28919219970703,0.00019971136208613463,0.6312966753728795,0.0006312966753728795
136,blocks.1.ln2.bias,0.002288327319547534,0.11667855083942413,0.019612236379908193,0.6312966753728795,0.0006312966753728795
136,blocks.1.mlp.fc.weight,0.07584157586097717,19.725698471069336,0.0038448106652449474,0.6312966753728795,0.0006312966753728795
136,blocks.1.mlp.proj.weight,0.06329978257417679,10.951382637023926,0.0057800722221292905,0.6312966753728795,0.0006312966753728795
136,final_norm.weight,0.0032570217736065388,16.41510581970215,0.000198416130202287,0.6312966753728795,0.0006312966753728795
136,final_norm.bias,0.0015086118364706635,0.1763489991426468,0.008554694632782175,0.6312966753728795,0.0006312966753728795
136,lm_head.weight,0.008961621671915054,3.5643091201782227,0.0025142661227611036,0.6312966753728795,0.0006312966753728795
137,token_embedding.weight,0.014359601773321629,85.45381164550781,0.00016803933606718554,0.6265626851424847,0.0006265626851424847
137,position_embedding.weight,0.018388425931334496,89.4956283569336,0.00020546730906224946,0.6265626851424847,0.0006265626851424847
137,blocks.0.ln1.weight,0.0032670903019607067,16.370820999145508,0.00019956789596142042,0.6265626851424847,0.0006265626851424847
137,blocks.0.ln1.bias,0.002439870499074459,0.15249283611774445,0.015999902429347956,0.6265626851424847,0.0006265626851424847
137,blocks.0.attn.qkv.weight,0.09553048759698868,17.71152114868164,0.005393691868419451,0.6265626851424847,0.0006265626851424847
137,blocks.0.attn.proj.weight,0.04973768815398216,10.172403335571289,0.004889472675552731,0.6265626851424847,0.0006265626851424847
137,blocks.0.ln2.weight,0.003361250041052699,16.129480361938477,0.00020839171291495522,0.6265626851424847,0.0006265626851424847
137,blocks.0.ln2.bias,0.0027122278697788715,0.12381254881620407,0.021905920649313057,0.6265626851424847,0.0006265626851424847
137,blocks.0.mlp.fc.weight,0.08941927552223206,19.595333099365234,0.004563294487967858,0.6265626851424847,0.0006265626851424847
137,blocks.0.mlp.proj.weight,0.07937084138393402,11.030516624450684,0.00719556881025774,0.6265626851424847,0.0006265626851424847
137,blocks.1.ln1.weight,0.00283814943395555,16.41107749938965,0.00017294107800422807,0.6265626851424847,0.0006265626851424847
137,blocks.1.ln1.bias,0.0028363517485558987,0.17503127455711365,0.01620482828406861,0.6265626851424847,0.0006265626851424847
137,blocks.1.attn.qkv.weight,0.07991395890712738,17.66229820251465,0.0045245504288759664,0.6265626851424847,0.0006265626851424847
137,blocks.1.attn.proj.weight,0.04107927903532982,10.192988395690918,0.004030150672269188,0.6265626851424847,0.0006265626851424847
137,blocks.1.ln2.weight,0.002750632120296359,16.29063606262207,0.00016884743540538348,0.6265626851424847,0.0006265626851424847
137,blocks.1.ln2.bias,0.0021243549417704344,0.1172514483332634,0.018117942012232286,0.6265626851424847,0.0006265626851424847
137,blocks.1.mlp.fc.weight,0.06853331625461578,19.731735229492188,0.0034732533888949856,0.6265626851424847,0.0006265626851424847
137,blocks.1.mlp.proj.weight,0.05766710638999939,10.958721160888672,0.005262211305805115,0.6265626851424847,0.0006265626851424847
137,final_norm.weight,0.0032021955121308565,16.417814254760742,0.000195043960325115,0.6265626851424847,0.0006265626851424847
137,final_norm.bias,0.0014528147876262665,0.17677941918373108,0.00821823487330334,0.6265626851424847,0.0006265626851424847
137,lm_head.weight,0.008725524879992008,3.567141532897949,0.002446083173184591,0.6265626851424847,0.0006265626851424847
138,token_embedding.weight,0.015937937423586845,85.45431518554688,0.00018650828093327564,0.6218199527650207,0.0006218199527650207
138,position_embedding.weight,0.018821565434336662,89.49320983886719,0.00021031277644666831,0.6218199527650207,0.0006218199527650207
138,blocks.0.ln1.weight,0.0033846411388367414,16.37077522277832,0.0002067489836478324,0.6218199527650207,0.0006218199527650207
138,blocks.0.ln1.bias,0.0020225821062922478,0.1530010998249054,0.013219395864432826,0.6218199527650207,0.0006218199527650207
138,blocks.0.attn.qkv.weight,0.10109301656484604,17.716978073120117,0.005705996595334555,0.6218199527650207,0.0006218199527650207
138,blocks.0.attn.proj.weight,0.051271840929985046,10.175976753234863,0.0050385178910399035,0.6218199527650207,0.0006218199527650207
138,blocks.0.ln2.weight,0.0035102416295558214,16.129741668701172,0.00021762540911408548,0.6218199527650207,0.0006218199527650207
138,blocks.0.ln2.bias,0.0024838983081281185,0.12450733035802841,0.019949815813780344,0.6218199527650207,0.0006218199527650207
138,blocks.0.mlp.fc.weight,0.09453950822353363,19.600278854370117,0.00482337567368079,0.6218199527650207,0.0006218199527650207
138,blocks.0.mlp.proj.weight,0.08489938825368881,11.03815746307373,0.007691445654557612,0.6218199527650207,0.0006218199527650207
138,blocks.1.ln1.weight,0.003116632578894496,16.411155700683594,0.00018990939064483347,0.6218199527650207,0.0006218199527650207
138,blocks.1.ln1.bias,0.0030153782572597265,0.17623475193977356,0.01711000937132474,0.6218199527650207,0.0006218199527650207
138,blocks.1.attn.qkv.weight,0.0876309722661972,17.66683578491211,0.004960196230557096,0.6218199527650207,0.0006218199527650207
138,blocks.1.attn.proj.weight,0.045504577457904816,10.196199417114258,0.004462895986667464,0.6218199527650207,0.0006218199527650207
138,blocks.1.ln2.weight,0.002819271059706807,16.29180908203125,0.0001730483732967444,0.6218199527650207,0.0006218199527650207
138,blocks.1.ln2.bias,0.002015245147049427,0.11767705529928207,0.017125217332359575,0.6218199527650207,0.0006218199527650207
138,blocks.1.mlp.fc.weight,0.07309053838253021,19.737157821655273,0.0037031947073115474,0.6218199527650207,0.0006218199527650207
138,blocks.1.mlp.proj.weight,0.05855539068579674,10.965278625488281,0.005340073215256209,0.6218199527650207,0.0006218199527650207
138,final_norm.weight,0.0032837730832397938,16.42055320739746,0.000199979442943509,0.6218199527650207,0.0006218199527650207
138,final_norm.bias,0.0013404033379629254,0.1769452542066574,0.007575243224041884,0.6218199527650207,0.0006218199527650207
138,lm_head.weight,0.009100339375436306,3.570154905319214,0.002549004067547618,0.6218199527650207,0.0006218199527650207
139,token_embedding.weight,0.01600736938416958,85.45477294921875,0.00018731978135009175,0.6170690197792785,0.0006170690197792785
139,position_embedding.weight,0.01854662410914898,89.49100494384766,0.00020724567928124288,0.6170690197792785,0.0006170690197792785
139,blocks.0.ln1.weight,0.003477453952655196,16.370759963989258,0.00021241860245366345,0.6170690197792785,0.0006170690197792785
139,blocks.0.ln1.bias,0.0021142479963600636,0.15331891179084778,0.01378987087535852,0.6170690197792785,0.0006170690197792785
139,blocks.0.attn.qkv.weight,0.09981207549571991,17.722515106201172,0.005631936262860889,0.6170690197792785,0.0006170690197792785
139,blocks.0.attn.proj.weight,0.0502740740776062,10.179659843444824,0.004938679175019308,0.6170690197792785,0.0006170690197792785
139,blocks.0.ln2.weight,0.0034010414965450764,16.13003158569336,0.0002108515087820065,0.6170690197792785,0.0006170690197792785
139,blocks.0.ln2.bias,0.0024204140063375235,0.1251252293586731,0.01934393262433135,0.6170690197792785,0.0006170690197792785
139,blocks.0.mlp.fc.weight,0.09463047981262207,19.605310440063477,0.004826777933556193,0.6170690197792785,0.0006170690197792785
139,blocks.0.mlp.proj.weight,0.08634976297616959,11.046067237854004,0.007817240391245123,0.6170690197792785,0.0006170690197792785
139,blocks.1.ln1.weight,0.0033075944520533085,16.41100311279297,0.0002015473660762832,0.6170690197792785,0.0006170690197792785
139,blocks.1.ln1.bias,0.00292315986007452,0.17715753614902496,0.016500341580722014,0.6170690197792785,0.0006170690197792785
139,blocks.1.attn.qkv.weight,0.08824336528778076,17.670934677124023,0.004993701063363194,0.6170690197792785,0.0006170690197792785
139,blocks.1.attn.proj.weight,0.04357974976301193,10.198803901672363,0.004273025560954418,0.6170690197792785,0.0006170690197792785
139,blocks.1.ln2.weight,0.0028364043682813644,16.293054580688477,0.0001740867161669654,0.6170690197792785,0.0006170690197792785
139,blocks.1.ln2.bias,0.0018961268942803144,0.11823183298110962,0.016037363597054516,0.6170690197792785,0.0006170690197792785
139,blocks.1.mlp.fc.weight,0.07202300429344177,19.742633819580078,0.003648095028840992,0.6170690197792785,0.0006170690197792785
139,blocks.1.mlp.proj.weight,0.05663314461708069,10.971929550170898,0.0051616394689841414,0.6170690197792785,0.0006170690197792785
139,final_norm.weight,0.0032194082159549,16.42338752746582,0.00019602583270781948,0.6170690197792785,0.0006170690197792785
139,final_norm.bias,0.0011914725182577968,0.17725081741809845,0.00672195782003439,0.6170690197792785,0.0006170690197792785
139,lm_head.weight,0.008559723384678364,3.573230504989624,0.002395513911773465,0.6170690197792785,0.0006170690197792785
140,token_embedding.weight,0.015188848599791527,85.4551773071289,0.00017774053109973777,0.6123104286604183,0.0006123104286604183
140,position_embedding.weight,0.018214914947748184,89.48880767822266,0.00020354405674108262,0.6123104286604183,0.0006123104286604183
140,blocks.0.ln1.weight,0.0035142514389008284,16.37059211730957,0.00021466856016678795,0.6123104286604183,0.0006123104286604183
140,blocks.0.ln1.bias,0.001902219490148127,0.1534743458032608,0.012394380834007223,0.6123104286604183,0.0006123104286604183
140,blocks.0.attn.qkv.weight,0.0973738431930542,17.727792739868164,0.005492722338414075,0.6123104286604183,0.0006123104286604183
140,blocks.0.attn.proj.weight,0.050517287105321884,10.183232307434082,0.004960830272764936,0.6123104286604183,0.0006123104286604183
140,blocks.0.ln2.weight,0.003113590180873871,16.13022232055664,0.00019302834883470042,0.6123104286604183,0.0006123104286604183
140,blocks.0.ln2.bias,0.0021709760185331106,0.1256406009197235,0.01727925529346162,0.6123104286604183,0.0006123104286604183
140,blocks.0.mlp.fc.weight,0.09237464517354965,19.610124588012695,0.004710558811544311,0.6123104286604183,0.0006123104286604183
140,blocks.0.mlp.proj.weight,0.08452438563108444,11.053590774536133,0.007646780793241722,0.6123104286604183,0.0006123104286604183
140,blocks.1.ln1.weight,0.0032393645960837603,16.411048889160156,0.00019738924781482017,0.6123104286604183,0.0006123104286604183
140,blocks.1.ln1.bias,0.002667968859896064,0.17832426726818085,0.014961333646579684,0.6123104286604183,0.0006123104286604183
140,blocks.1.attn.qkv.weight,0.08586564660072327,17.675609588623047,0.0048578605546926125,0.6123104286604183,0.0006123104286604183
140,blocks.1.attn.proj.weight,0.04174887388944626,10.201920509338379,0.004092256340482866,0.6123104286604183,0.0006123104286604183
140,blocks.1.ln2.weight,0.002616981975734234,16.294145584106445,0.0001606087267494846,0.6123104286604183,0.0006123104286604183
140,blocks.1.ln2.bias,0.0017726455116644502,0.11857491731643677,0.014949582523586358,0.6123104286604183,0.0006123104286604183
140,blocks.1.mlp.fc.weight,0.06957252323627472,19.747770309448242,0.003523057142455445,0.6123104286604183,0.0006123104286604183
140,blocks.1.mlp.proj.weight,0.055710319429636,10.978029251098633,0.005074710419819266,0.6123104286604183,0.0006123104286604183
140,final_norm.weight,0.0030728632118552923,16.42620277404785,0.00018707081935637586,0.6123104286604183,0.0006123104286604183
140,final_norm.bias,0.0011970888590440154,0.17753206193447113,0.006742944603883044,0.6123104286604183,0.0006123104286604183
140,lm_head.weight,0.008264228701591492,3.5762436389923096,0.0023108684798437895,0.6123104286604183,0.0006123104286604183
141,token_embedding.weight,0.015311434864997864,85.45577239990234,0.000179173792887222,0.6075447227580277,0.0006075447227580277
141,position_embedding.weight,0.018634673207998276,89.48661041259766,0.00020823979276987718,0.6075447227580277,0.0006075447227580277
141,blocks.0.ln1.weight,0.0034935285802930593,16.369985580444336,0.00021341060828216198,0.6075447227580277,0.0006075447227580277
141,blocks.0.ln1.bias,0.0020466565620154142,0.15379758179187775,0.013307469065226833,0.6075447227580277,0.0006075447227580277
141,blocks.0.attn.qkv.weight,0.0957794189453125,17.73236656188965,0.0054013895218676545,0.6075447227580277,0.0006075447227580277
141,blocks.0.attn.proj.weight,0.05186072364449501,10.186059951782227,0.005091342863676744,0.6075447227580277,0.0006075447227580277
141,blocks.0.ln2.weight,0.0030238917097449303,16.1304931640625,0.00018746430620495482,0.6075447227580277,0.0006075447227580277
141,blocks.0.ln2.bias,0.0017196859698742628,0.1261664181947708,0.013630298731361686,0.6075447227580277,0.0006075447227580277
141,blocks.0.mlp.fc.weight,0.09462736546993256,19.615060806274414,0.004824219838240756,0.6075447227580277,0.0006075447227580277
141,blocks.0.mlp.proj.weight,0.08639133721590042,11.06116771697998,0.007810327031139164,0.6075447227580277,0.0006075447227580277
141,blocks.1.ln1.weight,0.0030943171586841345,16.41097068786621,0.0001885517448990262,0.6075447227580277,0.0006075447227580277
141,blocks.1.ln1.bias,0.0026376403402537107,0.17962485551834106,0.014684161234967304,0.6075447227580277,0.0006075447227580277
141,blocks.1.attn.qkv.weight,0.08523909747600555,17.679954528808594,0.004821228320305232,0.6075447227580277,0.0006075447227580277
141,blocks.1.attn.proj.weight,0.04108580946922302,10.204999923706055,0.00402604701385419,0.6075447227580277,0.0006075447227580277
141,blocks.1.ln2.weight,0.0025739918928593397,16.29525375366211,0.00015795960785702505,0.6075447227580277,0.0006075447227580277
141,blocks.1.ln2.bias,0.0019264068687334657,0.1188097670674324,0.01621421299162962,0.6075447227580277,0.0006075447227580277
141,blocks.1.mlp.fc.weight,0.06936991959810257,19.752931594848633,0.003511879705804785,0.6075447227580277,0.0006075447227580277
141,blocks.1.mlp.proj.weight,0.057059355080127716,10.984139442443848,0.005194704180433042,0.6075447227580277,0.0006075447227580277
141,final_norm.weight,0.003053791355341673,16.428863525390625,0.00018587964716012685,0.6075447227580277,0.0006075447227580277
141,final_norm.bias,0.0010259724222123623,0.1777874231338501,0.005770781780408458,0.6075447227580277,0.0006075447227580277
141,lm_head.weight,0.008669101633131504,3.5791261196136475,0.002422128012092761,0.6075447227580277,0.0006075447227580277
142,token_embedding.weight,0.014132858254015446,85.45630645751953,0.00016538110339511043,0.6027724462340809,0.0006027724462340809
142,position_embedding.weight,0.017768463119864464,89.484619140625,0.00019856443811803169,0.6027724462340809,0.0006027724462340809
142,blocks.0.ln1.weight,0.003263680264353752,16.36932945251465,0.00019937776155224172,0.6027724462340809,0.0006027724462340809
142,blocks.0.ln1.bias,0.0015292210737243295,0.15430383384227753,0.009910454171070825,0.6027724462340809,0.0006027724462340809
142,blocks.0.attn.qkv.weight,0.09203920513391495,17.736854553222656,0.005189150356830711,0.6027724462340809,0.0006027724462340809
142,blocks.0.attn.proj.weight,0.047721538692712784,10.189057350158691,0.004683606839445737,0.6027724462340809,0.0006027724462340809
142,blocks.0.ln2.weight,0.0027706900145858526,16.130598068237305,0.00017176610581113143,0.6027724462340809,0.0006027724462340809
142,blocks.0.ln2.bias,0.001626323559321463,0.12645074725151062,0.012861320274160525,0.6027724462340809,0.0006027724462340809
142,blocks.0.mlp.fc.weight,0.08818288892507553,19.619539260864258,0.004494646268323557,0.6027724462340809,0.0006027724462340809
142,blocks.0.mlp.proj.weight,0.07941967993974686,11.068462371826172,0.007175312818688865,0.6027724462340809,0.0006027724462340809
142,blocks.1.ln1.weight,0.0028065808583050966,16.410749435424805,0.00017102088294922987,0.6027724462340809,0.0006027724462340809
142,blocks.1.ln1.bias,0.001999814063310623,0.18068528175354004,0.011067941139928372,0.6027724462340809,0.0006027724462340809
142,blocks.1.attn.qkv.weight,0.07955142110586166,17.683990478515625,0.004498499431025176,0.6027724462340809,0.0006027724462340809
142,blocks.1.attn.proj.weight,0.0387471579015255,10.207741737365723,0.0037958599363546444,0.6027724462340809,0.0006027724462340809
142,blocks.1.ln2.weight,0.002525252988561988,16.296133041381836,0.00015496025849502413,0.6027724462340809,0.0006027724462340809
142,blocks.1.ln2.bias,0.0014260088792070746,0.11904717981815338,0.011978518780313394,0.6027724462340809,0.0006027724462340809
142,blocks.1.mlp.fc.weight,0.06626402586698532,19.75752830505371,0.0033538621250529866,0.6027724462340809,0.0006027724462340809
142,blocks.1.mlp.proj.weight,0.051951177418231964,10.989771842956543,0.0047272298424942535,0.6027724462340809,0.0006027724462340809
142,final_norm.weight,0.0029957888182252645,16.431468963623047,0.00018232020672389888,0.6027724462340809,0.0006027724462340809
142,final_norm.bias,0.0008836329216137528,0.17779994010925293,0.004969815631354072,0.6027724462340809,0.0006027724462340809
142,lm_head.weight,0.008090896531939507,3.5820627212524414,0.002258725533736139,0.6027724462340809,0.0006027724462340809
143,token_embedding.weight,0.013540834188461304,85.45669555664062,0.00015845258350162035,0.5979941440008041,0.0005979941440008041
143,position_embedding.weight,0.017511259764432907,89.48285675048828,0.00019569401783026065,0.5979941440008041,0.0005979941440008041
143,blocks.0.ln1.weight,0.0032545432914048433,16.36899757385254,0.00019882361621235606,0.5979941440008041,0.0005979941440008041
143,blocks.0.ln1.bias,0.0018408242613077164,0.15474359691143036,0.011895964020724176,0.5979941440008041,0.0005979941440008041
143,blocks.0.attn.qkv.weight,0.09254615753889084,17.741731643676758,0.005216297901330818,0.5979941440008041,0.0005979941440008041
143,blocks.0.attn.proj.weight,0.04806657135486603,10.19237995147705,0.004715932057448039,0.5979941440008041,0.0005979941440008041
143,blocks.0.ln2.weight,0.0026846195105463266,16.130598068237305,0.0001664302525665452,0.5979941440008041,0.0005979941440008041
143,blocks.0.ln2.bias,0.0019209191668778658,0.12646350264549255,0.015189514181395657,0.5979941440008041,0.0005979941440008041
143,blocks.0.mlp.fc.weight,0.08563888818025589,19.623876571655273,0.004364014819780733,0.5979941440008041,0.0005979941440008041
143,blocks.0.mlp.proj.weight,0.0770365372300148,11.075340270996094,0.0069556813014359275,0.5979941440008041,0.0005979941440008041
143,blocks.1.ln1.weight,0.002805350348353386,16.410524368286133,0.0001709482454914509,0.5979941440008041,0.0005979941440008041
143,blocks.1.ln1.bias,0.0019011683762073517,0.18147292733192444,0.010476319548863224,0.5979941440008041,0.0005979941440008041
143,blocks.1.attn.qkv.weight,0.07792294025421143,17.68793487548828,0.004405428943668922,0.5979941440008041,0.0005979941440008041
143,blocks.1.attn.proj.weight,0.03847620263695717,10.210225105285645,0.0037683990548881222,0.5979941440008041,0.0005979941440008041
143,blocks.1.ln2.weight,0.0027225681114941835,16.29700469970703,0.00016705941746110927,0.5979941440008041,0.0005979941440008041
143,blocks.1.ln2.bias,0.0018172027776017785,0.11896293610334396,0.01527536926297688,0.5979941440008041,0.0005979941440008041
143,blocks.1.mlp.fc.weight,0.06660695374011993,19.762025833129883,0.00337045170887561,0.5979941440008041,0.0005979941440008041
143,blocks.1.mlp.proj.weight,0.05278607830405235,10.995012283325195,0.004800911262655141,0.5979941440008041,0.0005979941440008041
143,final_norm.weight,0.0030505170579999685,16.43409538269043,0.00018562123359785334,0.5979941440008041,0.0005979941440008041
143,final_norm.bias,0.001157838385552168,0.17794236540794373,0.006506816872369017,0.5979941440008041,0.0005979941440008041
143,lm_head.weight,0.007843819446861744,3.5848946571350098,0.0021880195088154167,0.5979941440008041,0.0005979941440008041
144,token_embedding.weight,0.013575556688010693,85.45722961425781,0.00015885790762570624,0.5932103616584568,0.0005932103616584568
144,position_embedding.weight,0.0168117918074131,89.48091125488281,0.00018788132096157577,0.5932103616584568,0.0005932103616584568
144,blocks.0.ln1.weight,0.003173462813720107,16.368783950805664,0.00019387285110838775,0.5932103616584568,0.0005932103616584568
144,blocks.0.ln1.bias,0.0018744536209851503,0.15522436797618866,0.012075769065206403,0.5932103616584568,0.0005932103616584568
144,blocks.0.attn.qkv.weight,0.08795801550149918,17.746566772460938,0.004956339816554669,0.5932103616584568,0.0005932103616584568
144,blocks.0.attn.proj.weight,0.04556160792708397,10.195591926574707,0.004468755542120476,0.5932103616584568,0.0005932103616584568
144,blocks.0.ln2.weight,0.0025259219110012054,16.130313873291016,0.00015659471544341954,0.5932103616584568,0.0005932103616584568
144,blocks.0.ln2.bias,0.001844359445385635,0.1265590935945511,0.014573108837834386,0.5932103616584568,0.0005932103616584568
144,blocks.0.mlp.fc.weight,0.08073048293590546,19.627439498901367,0.0041131438943128665,0.5932103616584568,0.0005932103616584568
144,blocks.0.mlp.proj.weight,0.07313624024391174,11.081374168395996,0.006599925165643193,0.5932103616584568,0.0005932103616584568
144,blocks.1.ln1.weight,0.002643706975504756,16.410507202148438,0.00016109843181193602,0.5932103616584568,0.0005932103616584568
144,blocks.1.ln1.bias,0.00163423758931458,0.18203340470790863,0.008977679629340037,0.5932103616584568,0.0005932103616584568
144,blocks.1.attn.qkv.weight,0.07204851508140564,17.692102432250977,0.004072354620221063,0.5932103616584568,0.0005932103616584568
144,blocks.1.attn.proj.weight,0.036459192633628845,10.213007926940918,0.003569878031470972,0.5932103616584568,0.0005932103616584568
144,blocks.1.ln2.weight,0.002588785020634532,16.298086166381836,0.0001588398167862357,0.5932103616584568,0.0005932103616584568
144,blocks.1.ln2.bias,0.0016850422834977508,0.11849749833345413,0.014220066306731562,0.5932103616584568,0.0005932103616584568
144,blocks.1.mlp.fc.weight,0.06365963071584702,19.766958236694336,0.003220507169265397,0.5932103616584568,0.0005932103616584568
144,blocks.1.mlp.proj.weight,0.05165925249457359,11.000741958618164,0.0046959789338662,0.5932103616584568,0.0005932103616584568
144,final_norm.weight,0.003073733998462558,16.436803817749023,0.00018700314443999435,0.5932103616584568,0.0005932103616584568
144,final_norm.bias,0.0011126792524009943,0.17808043956756592,0.006248183433827284,0.5932103616584568,0.0005932103616584568
144,lm_head.weight,0.008075695484876633,3.58772611618042,0.0022509230703128373,0.5932103616584568,0.0005932103616584568
145,token_embedding.weight,0.013081924989819527,85.45745849609375,0.0001530811379139873,0.5884216454330329,0.0005884216454330329
145,position_embedding.weight,0.015983084216713905,89.47917175292969,0.00017862351543492484,0.5884216454330329,0.0005884216454330329
145,blocks.0.ln1.weight,0.0029890090227127075,16.36859130859375,0.00018260636889035477,0.5884216454330329,0.0005884216454330329
145,blocks.0.ln1.bias,0.002287823474034667,0.15582704544067383,0.014681812566939805,0.5884216454330329,0.0005884216454330329
145,blocks.0.attn.qkv.weight,0.08327022939920425,17.751319885253906,0.004690931713104471,0.5884216454330329,0.0005884216454330329
145,blocks.0.attn.proj.weight,0.043781377375125885,10.198758125305176,0.004292814560087582,0.5884216454330329,0.0005884216454330329
145,blocks.0.ln2.weight,0.0025687403976917267,16.13016128540039,0.000159250757152476,0.5884216454330329,0.0005884216454330329
145,blocks.0.ln2.bias,0.0021691475994884968,0.1266452521085739,0.017127745125508083,0.5884216454330329,0.0005884216454330329
145,blocks.0.mlp.fc.weight,0.07834433019161224,19.631284713745117,0.003990789769186852,0.5884216454330329,0.0005884216454330329
145,blocks.0.mlp.proj.weight,0.07134364545345306,11.087586402893066,0.006434551475948908,0.5884216454330329,0.0005884216454330329
145,blocks.1.ln1.weight,0.002492291620001197,16.41045379638672,0.00015187219384206195,0.5884216454330329,0.0005884216454330329
145,blocks.1.ln1.bias,0.0016214856877923012,0.18240374326705933,0.008889541731659402,0.5884216454330329,0.0005884216454330329
145,blocks.1.attn.qkv.weight,0.06958295404911041,17.696054458618164,0.0039321168575641935,0.5884216454330329,0.0005884216454330329
145,blocks.1.attn.proj.weight,0.03704692795872688,10.215716361999512,0.00362646403305897,0.5884216454330329,0.0005884216454330329
145,blocks.1.ln2.weight,0.0026601371355354786,16.299165725708008,0.00016320695060726881,0.5884216454330329,0.0005884216454330329
145,blocks.1.ln2.bias,0.0017055883072316647,0.1181536316871643,0.014435343906593748,0.5884216454330329,0.0005884216454330329
145,blocks.1.mlp.fc.weight,0.06316563487052917,19.771902084350586,0.0031947171597881538,0.5884216454330329,0.0005884216454330329
145,blocks.1.mlp.proj.weight,0.05191272869706154,11.006525993347168,0.004716540780300267,0.5884216454330329,0.0005884216454330329
145,final_norm.weight,0.0031033980194479227,16.43956184387207,0.0001887762002978529,0.5884216454330329,0.0005884216454330329
145,final_norm.bias,0.0013330713845789433,0.1781838983297348,0.007481435736154857,0.5884216454330329,0.0005884216454330329
145,lm_head.weight,0.0077936542220413685,3.590710401535034,0.0021705048167369326,0.5884216454330329,0.0005884216454330329
146,token_embedding.weight,0.013209876604378223,85.45757293701172,0.0001545781859978013,0.5836285421138909,0.000583628542113891
146,position_embedding.weight,0.016070134937763214,89.47753143310547,0.00017959966798790456,0.5836285421138909,0.000583628542113891
146,blocks.0.ln1.weight,0.0030776471830904484,16.368364334106445,0.0001880241128722573,0.5836285421138909,0.000583628542113891
146,blocks.0.ln1.bias,0.002593319397419691,0.15636691451072693,0.016584834493394072,0.5836285421138909,0.000583628542113891
146,blocks.0.attn.qkv.weight,0.08616546541452408,17.75592041015625,0.004852773802997746,0.5836285421138909,0.000583628542113891
146,blocks.0.attn.proj.weight,0.04481791704893112,10.20159912109375,0.004393224681438143,0.5836285421138909,0.000583628542113891
146,blocks.0.ln2.weight,0.002641052473336458,16.129913330078125,0.00016373630901112243,0.5836285421138909,0.000583628542113891
146,blocks.0.ln2.bias,0.0031529716216027737,0.12656183540821075,0.024912499185937933,0.5836285421138909,0.000583628542113891
146,blocks.0.mlp.fc.weight,0.08073236793279648,19.63471031188965,0.004111716783715699,0.5836285421138909,0.000583628542113891
146,blocks.0.mlp.proj.weight,0.07525980472564697,11.093311309814453,0.006784250673561867,0.5836285421138909,0.000583628542113891
146,blocks.1.ln1.weight,0.0026687176432460546,16.410602569580078,0.00016262155103267367,0.5836285421138909,0.000583628542113891
146,blocks.1.ln1.bias,0.0020676851272583008,0.18249115347862244,0.011330330746630878,0.5836285421138909,0.000583628542113891
146,blocks.1.attn.qkv.weight,0.07348445057868958,17.700164794921875,0.0041516252210130776,0.5836285421138909,0.000583628542113891
146,blocks.1.attn.proj.weight,0.038421694189310074,10.21883487701416,0.0037598899142338173,0.5836285421138909,0.000583628542113891
146,blocks.1.ln2.weight,0.0028558927588164806,16.300424575805664,0.00017520358108065725,0.5836285421138909,0.000583628542113891
146,blocks.1.ln2.bias,0.001954300794750452,0.1177922859787941,0.016591076219419746,0.5836285421138909,0.000583628542113891
146,blocks.1.mlp.fc.weight,0.06589923053979874,19.777135848999023,0.003332091716563233,0.5836285421138909,0.000583628542113891
146,blocks.1.mlp.proj.weight,0.054498665034770966,11.012670516967773,0.004948723831408303,0.5836285421138909,0.000583628542113891
146,final_norm.weight,0.003171641379594803,16.442352294921875,0.00019289462497249578,0.5836285421138909,0.000583628542113891
146,final_norm.bias,0.0014785516541451216,0.17852629721164703,0.008281982415083546,0.5836285421138909,0.000583628542113891
146,lm_head.weight,0.0078036063350737095,3.593600034713745,0.002171528901293866,0.5836285421138909,0.000583628542113891
147,token_embedding.weight,0.012634246610105038,85.45782470703125,0.00014784189339499273,0.5788315989913209,0.0005788315989913209
147,position_embedding.weight,0.016179651021957397,89.47589874267578,0.00018082691819043209,0.5788315989913209,0.0005788315989913209
147,blocks.0.ln1.weight,0.003077508881688118,16.36800193786621,0.00018801982632763085,0.5788315989913209,0.0005788315989913209
147,blocks.0.ln1.bias,0.0030563888140022755,0.15690964460372925,0.019478654876197175,0.5788315989913209,0.0005788315989913209
147,blocks.0.attn.qkv.weight,0.08614153414964676,17.76004981994629,0.00485029800157973,0.5788315989913209,0.0005788315989913209
147,blocks.0.attn.proj.weight,0.046404026448726654,10.204318046569824,0.004547489233180143,0.5788315989913209,0.0005788315989913209
147,blocks.0.ln2.weight,0.002794552594423294,16.12946128845215,0.00017325765222077656,0.5788315989913209,0.0005788315989913209
147,blocks.0.ln2.bias,0.0032889125868678093,0.12628686428070068,0.026043188304457583,0.5788315989913209,0.0005788315989913209
147,blocks.0.mlp.fc.weight,0.08323324471712112,19.63739585876465,0.004238507249929876,0.5788315989913209,0.0005788315989913209
147,blocks.0.mlp.proj.weight,0.0784931629896164,11.098098754882812,0.007072667555339135,0.5788315989913209,0.0005788315989913209
147,blocks.1.ln1.weight,0.0028191322926431894,16.410680770874023,0.00017178643177597272,0.5788315989913209,0.0005788315989913209
147,blocks.1.ln1.bias,0.002512195846065879,0.18215946853160858,0.013791190028731158,0.5788315989913209,0.0005788315989913209
147,blocks.1.attn.qkv.weight,0.07678276300430298,17.703950881958008,0.004337041122416777,0.5788315989913209,0.0005788315989913209
147,blocks.1.attn.proj.weight,0.03986756503582001,10.221811294555664,0.0039002446716121975,0.5788315989913209,0.0005788315989913209
147,blocks.1.ln2.weight,0.0028979822527617216,16.30176544189453,0.0001777710679920537,0.5788315989913209,0.0005788315989913209
147,blocks.1.ln2.bias,0.0020366802345961332,0.117216095328331,0.01737543149576741,0.5788315989913209,0.0005788315989913209
147,blocks.1.mlp.fc.weight,0.06709134578704834,19.782535552978516,0.0033914432054157734,0.5788315989913209,0.0005788315989913209
147,blocks.1.mlp.proj.weight,0.05602368339896202,11.018726348876953,0.005084406457255104,0.5788315989913209,0.0005788315989913209
147,final_norm.weight,0.0031209904700517654,16.445175170898438,0.0001897815278717441,0.5788315989913209,0.0005788315989913209
147,final_norm.bias,0.0017433720640838146,0.17899088561534882,0.009740004682811497,0.5788315989913209,0.0005788315989913209
147,lm_head.weight,0.007832224480807781,3.596409320831299,0.002177790062838345,0.5788315989913209,0.0005788315989913209
148,token_embedding.weight,0.012646661140024662,85.45782470703125,0.00014798716423428901,0.5740313637940521,0.0005740313637940521
148,position_embedding.weight,0.014946850016713142,89.47454833984375,0.00016705141623002775,0.5740313637940521,0.0005740313637940521
148,blocks.0.ln1.weight,0.0028436623979359865,16.367599487304688,0.00017373729117342238,0.5740313637940521,0.0005740313637940521
148,blocks.0.ln1.bias,0.0028250429313629866,0.15708044171333313,0.017984689249223123,0.5740313637940521,0.0005740313637940521
148,blocks.0.attn.qkv.weight,0.07919207215309143,17.763975143432617,0.004458015253548948,0.5740313637940521,0.0005740313637940521
148,blocks.0.attn.proj.weight,0.04299231991171837,10.206634521484375,0.004212193531689394,0.5740313637940521,0.0005740313637940521
148,blocks.0.ln2.weight,0.0025550713762640953,16.129085540771484,0.00015841390200362984,0.5740313637940521,0.0005740313637940521
148,blocks.0.ln2.bias,0.0032228955533355474,0.12607260048389435,0.025563806417411888,0.5740313637940521,0.0005740313637940521
148,blocks.0.mlp.fc.weight,0.07648646086454391,19.640159606933594,0.003894391002685024,0.5740313637940521,0.0005740313637940521
148,blocks.0.mlp.proj.weight,0.07226598262786865,11.103157043457031,0.006508597720902065,0.5740313637940521,0.0005740313637940521
148,blocks.1.ln1.weight,0.0025812743697315454,16.410736083984375,0.00015729180924739354,0.5740313637940521,0.0005740313637940521
148,blocks.1.ln1.bias,0.0024200340267270803,0.18147766590118408,0.013335161738477899,0.5740313637940521,0.0005740313637940521
148,blocks.1.attn.qkv.weight,0.07155274599790573,17.707597732543945,0.0040407935101438594,0.5740313637940521,0.0005740313637940521
148,blocks.1.attn.proj.weight,0.03672163188457489,10.224806785583496,0.0035914255060884963,0.5740313637940521,0.0005740313637940521
148,blocks.1.ln2.weight,0.0027440732810646296,16.303129196166992,0.00016831574160067485,0.5740313637940521,0.0005740313637940521
148,blocks.1.ln2.bias,0.001890984596684575,0.11668605357408524,0.01620574643453652,0.5740313637940521,0.0005740313637940521
148,blocks.1.mlp.fc.weight,0.06275258958339691,19.788040161132812,0.003171238236450058,0.5740313637940521,0.0005740313637940521
148,blocks.1.mlp.proj.weight,0.052985645830631256,11.024923324584961,0.004805987694487764,0.5740313637940521,0.0005740313637940521
148,final_norm.weight,0.0031090511474758387,16.447900772094727,0.00018902419163121544,0.5740313637940521,0.0005740313637940521
148,final_norm.bias,0.0015459958231076598,0.1796184778213501,0.00860710903383065,0.5740313637940521,0.0005740313637940521
148,lm_head.weight,0.007891756482422352,3.5990326404571533,0.0021927437927925374,0.5740313637940521,0.0005740313637940521
149,token_embedding.weight,0.014162938110530376,85.45789337158203,0.00016573001687448477,0.5692283846267125,0.0005692283846267126
149,position_embedding.weight,0.015914063900709152,89.47327423095703,0.00017786388212004024,0.5692283846267125,0.0005692283846267126
149,blocks.0.ln1.weight,0.003202843712642789,16.367151260375977,0.00019568730450952157,0.5692283846267125,0.0005692283846267126
149,blocks.0.ln1.bias,0.003649024059996009,0.15704520046710968,0.023235501939054777,0.5692283846267125,0.0005692283846267126
149,blocks.0.attn.qkv.weight,0.08650048077106476,17.767805099487305,0.004868383026868968,0.5692283846267125,0.0005692283846267126
149,blocks.0.attn.proj.weight,0.04408423230051994,10.208760261535645,0.00431827481213515,0.5692283846267125,0.0005692283846267126
149,blocks.0.ln2.weight,0.0026910093147307634,16.12871742248535,0.00016684583431159937,0.5692283846267125,0.0005692283846267126
149,blocks.0.ln2.bias,0.0040949322283267975,0.1258053034543991,0.03254975836355377,0.5692283846267125,0.0005692283846267126
149,blocks.0.mlp.fc.weight,0.08025975525379181,19.642879486083984,0.004085946528901113,0.5692283846267125,0.0005692283846267126
149,blocks.0.mlp.proj.weight,0.07505830377340317,11.10805606842041,0.00675710523165102,0.5692283846267125,0.0005692283846267126
149,blocks.1.ln1.weight,0.0026770203839987516,16.410802841186523,0.00016312549787509583,0.5692283846267125,0.0005692283846267126
149,blocks.1.ln1.bias,0.002230599755421281,0.18067853152751923,0.012345682337301881,0.5692283846267125,0.0005692283846267126
149,blocks.1.attn.qkv.weight,0.07434702664613724,17.711124420166016,0.004197758701388884,0.5692283846267125,0.0005692283846267126
149,blocks.1.attn.proj.weight,0.03669726476073265,10.227551460266113,0.0035880792097011094,0.5692283846267125,0.0005692283846267126
149,blocks.1.ln2.weight,0.002809955971315503,16.304441452026367,0.00017234297657992454,0.5692283846267125,0.0005692283846267126
149,blocks.1.ln2.bias,0.002157471841201186,0.11641868203878403,0.018532007091988108,0.5692283846267125,0.0005692283846267126
149,blocks.1.mlp.fc.weight,0.06397605687379837,19.793304443359375,0.0032322069847846462,0.5692283846267125,0.0005692283846267126
149,blocks.1.mlp.proj.weight,0.05189697816967964,11.030878067016602,0.00470470055551171,0.5692283846267125,0.0005692283846267126
149,final_norm.weight,0.0030420671682804823,16.45063591003418,0.00018492094682034558,0.5692283846267125,0.0005692283846267126
149,final_norm.bias,0.001311131869442761,0.18013712763786316,0.0072785210168961004,0.5692283846267125,0.0005692283846267126
149,lm_head.weight,0.008203406818211079,3.6017584800720215,0.0022776115787876937,0.5692283846267125,0.0005692283846267126
150,token_embedding.weight,0.013972227461636066,85.458251953125,0.00016349769790868012,0.5644232099072449,0.0005644232099072449
150,position_embedding.weight,0.016568586230278015,89.47222137451172,0.00018518134428478363,0.5644232099072449,0.0005644232099072449
150,blocks.0.ln1.weight,0.0034503964707255363,16.366634368896484,0.0002108189376603009,0.5644232099072449,0.0005644232099072449
150,blocks.0.ln1.bias,0.0031318743713200092,0.15696091949939728,0.019953211164210095,0.5644232099072449,0.0005644232099072449
150,blocks.0.attn.qkv.weight,0.08881170302629471,17.771345138549805,0.004997466558321371,0.5644232099072449,0.0005644232099072449
150,blocks.0.attn.proj.weight,0.046242792159318924,10.210683822631836,0.004528863390796403,0.5644232099072449,0.0005644232099072449
150,blocks.0.ln2.weight,0.0026702554896473885,16.128524780273438,0.00016556104950858082,0.5644232099072449,0.0005644232099072449
150,blocks.0.ln2.bias,0.0034335812088102102,0.12541502714157104,0.027377749596999533,0.5644232099072449,0.0005644232099072449
150,blocks.0.mlp.fc.weight,0.08520752191543579,19.645771026611328,0.0043371940861986515,0.5644232099072449,0.0005644232099072449
150,blocks.0.mlp.proj.weight,0.07880337536334991,11.113075256347656,0.007091050275964907,0.5644232099072449,0.0005644232099072449
150,blocks.1.ln1.weight,0.0030582884792238474,16.41046142578125,0.0001863621259557646,0.5644232099072449,0.0005644232099072449
150,blocks.1.ln1.bias,0.002030538860708475,0.1801614910364151,0.011270659723207899,0.5644232099072449,0.0005644232099072449
150,blocks.1.attn.qkv.weight,0.08305127173662186,17.713973999023438,0.004688460745239648,0.5644232099072449,0.0005644232099072449
150,blocks.1.attn.proj.weight,0.036857444792985916,10.22948169708252,0.003603060827949296,0.5644232099072449,0.0005644232099072449
150,blocks.1.ln2.weight,0.002542876172810793,16.30584144592285,0.0001559487856694733,0.5644232099072449,0.0005644232099072449
150,blocks.1.ln2.bias,0.0025802862364798784,0.1167002022266388,0.022110383591681333,0.5644232099072449,0.0005644232099072449
150,blocks.1.mlp.fc.weight,0.06391949206590652,19.79872703552246,0.003228464736708592,0.5644232099072449,0.0005644232099072449
150,blocks.1.mlp.proj.weight,0.051355622708797455,11.03711986541748,0.004652991299814091,0.5644232099072449,0.0005644232099072449
150,final_norm.weight,0.0028703100979328156,16.45326805114746,0.00017445227835648518,0.5644232099072449,0.0005644232099072449
150,final_norm.bias,0.0014499957906082273,0.18062104284763336,0.008027834230939378,0.5644232099072449,0.0005644232099072449
150,lm_head.weight,0.007779816165566444,3.604398012161255,0.0021584231650653317,0.5644232099072449,0.0005644232099072449
151,token_embedding.weight,0.013421626761555672,85.45844268798828,0.0001570544271507303,0.5596163883042857,0.0005596163883042857
151,position_embedding.weight,0.015972096472978592,89.47120666503906,0.0001785166096258711,0.5596163883042857,0.0005596163883042857
151,blocks.0.ln1.weight,0.0033677301835268736,16.366260528564453,0.00020577273456260107,0.5596163883042857,0.0005596163883042857
151,blocks.0.ln1.bias,0.0030260600615292788,0.15675364434719086,0.01930455954700235,0.5596163883042857,0.0005596163883042857
151,blocks.0.attn.qkv.weight,0.08437603712081909,17.77503776550293,0.00474688370477434,0.5596163883042857,0.0005596163883042857
151,blocks.0.attn.proj.weight,0.045198213309049606,10.212821960449219,0.004425634117982519,0.5596163883042857,0.0005596163883042857
151,blocks.0.ln2.weight,0.0026808001566678286,16.12834930419922,0.0001662166478481268,0.5596163883042857,0.0005596163883042857
151,blocks.0.ln2.bias,0.0036273938603699207,0.12514211237430573,0.028986196505068056,0.5596163883042857,0.0005596163883042857
151,blocks.0.mlp.fc.weight,0.08454423397779465,19.648746490478516,0.004302780028169187,0.5596163883042857,0.0005596163883042857
151,blocks.0.mlp.proj.weight,0.07828933000564575,11.118280410766602,0.007041496266799111,0.5596163883042857,0.0005596163883042857
151,blocks.1.ln1.weight,0.0030185587238520384,16.41053009033203,0.00018394035459160362,0.5596163883042857,0.0005596163883042857
151,blocks.1.ln1.bias,0.0021578615996986628,0.17988812923431396,0.011995575299334713,0.5596163883042857,0.0005596163883042857
151,blocks.1.attn.qkv.weight,0.08427829295396805,17.71748161315918,0.00475678738062682,0.5596163883042857,0.0005596163883042857
151,blocks.1.attn.proj.weight,0.03615322709083557,10.23176383972168,0.0035334305655568632,0.5596163883042857,0.0005596163883042857
151,blocks.1.ln2.weight,0.002461043419316411,16.307231903076172,0.00015091730061507329,0.5596163883042857,0.0005596163883042857
151,blocks.1.ln2.bias,0.0022643045522272587,0.11737712472677231,0.01929085038910914,0.5596163883042857,0.0005596163883042857
151,blocks.1.mlp.fc.weight,0.06270051747560501,19.804101943969727,0.0031660368974566868,0.5596163883042857,0.0005596163883042857
151,blocks.1.mlp.proj.weight,0.05008222162723541,11.04321575164795,0.004535112122549742,0.5596163883042857,0.0005596163883042857
151,final_norm.weight,0.002780431881546974,16.455734252929688,0.00016896431595276844,0.5596163883042857,0.0005596163883042857
151,final_norm.bias,0.001326334779150784,0.18119792640209198,0.00731981212743145,0.5596163883042857,0.0005596163883042857
151,lm_head.weight,0.007382384967058897,3.6068599224090576,0.0020467623156615634,0.5596163883042857,0.0005596163883042857
152,token_embedding.weight,0.012915113009512424,85.45854187011719,0.00015112723347352573,0.554808468674518,0.0005548084686745181
152,position_embedding.weight,0.015667403116822243,89.47008514404297,0.00017511331403785105,0.554808468674518,0.0005548084686745181
152,blocks.0.ln1.weight,0.0031061258632689714,16.3659725189209,0.00018979170713367337,0.554808468674518,0.0005548084686745181
152,blocks.0.ln1.bias,0.003140944754704833,0.15667220950126648,0.020047874250853626,0.554808468674518,0.0005548084686745181
152,blocks.0.attn.qkv.weight,0.08144828677177429,17.77885627746582,0.004581188210346412,0.554808468674518,0.0005548084686745181
152,blocks.0.attn.proj.weight,0.044324424117803574,10.215059280395508,0.004339125491211352,0.554808468674518,0.0005548084686745181
152,blocks.0.ln2.weight,0.0026741561014205217,16.12830352783203,0.000165805169576928,0.554808468674518,0.0005548084686745181
152,blocks.0.ln2.bias,0.004137948155403137,0.12495581805706024,0.033115290025795,0.554808468674518,0.0005548084686745181
152,blocks.0.mlp.fc.weight,0.08489122241735458,19.65204620361328,0.004319714168071817,0.554808468674518,0.0005548084686745181
152,blocks.0.mlp.proj.weight,0.07831033319234848,11.123979568481445,0.007039776791232612,0.554808468674518,0.0005548084686745181
152,blocks.1.ln1.weight,0.0029473365284502506,16.41050910949707,0.00017960055405864234,0.554808468674518,0.0005548084686745181
152,blocks.1.ln1.bias,0.0024768058210611343,0.1792115718126297,0.013820568593845478,0.554808468674518,0.0005548084686745181
152,blocks.1.attn.qkv.weight,0.08130786567926407,17.720827102661133,0.00458826584155598,0.554808468674518,0.0005548084686745181
152,blocks.1.attn.proj.weight,0.03701089695096016,10.233994483947754,0.003616466376741648,0.554808468674518,0.0005548084686745181
152,blocks.1.ln2.weight,0.0024568727239966393,16.30853271484375,0.000150649526045975,0.554808468674518,0.0005548084686745181
152,blocks.1.ln2.bias,0.002662856597453356,0.11792781203985214,0.0225803951703174,0.554808468674518,0.0005548084686745181
152,blocks.1.mlp.fc.weight,0.062265872955322266,19.809261322021484,0.0031432708137430466,0.554808468674518,0.0005548084686745181
152,blocks.1.mlp.proj.weight,0.053182631731033325,11.049179077148438,0.004813265434444732,0.554808468674518,0.0005548084686745181
152,final_norm.weight,0.002733744215220213,16.458168029785156,0.00016610258263694087,0.554808468674518,0.0005548084686745181
152,final_norm.bias,0.001496931305155158,0.18164755403995514,0.00824085583237555,0.554808468674518,0.0005548084686745181
152,lm_head.weight,0.007791594602167606,3.6092748641967773,0.002158770084112012,0.554808468674518,0.0005548084686745181
153,token_embedding.weight,0.012285270728170872,85.45857238769531,0.00014375703203227877,0.55,0.00055
153,position_embedding.weight,0.015778280794620514,89.46907806396484,0.000176354570048658,0.55,0.00055
153,blocks.0.ln1.weight,0.003226923057809472,16.365812301635742,0.000197174634435148,0.55,0.00055
153,blocks.0.ln1.bias,0.002908279187977314,0.1565900444984436,0.018572567606541857,0.55,0.00055
153,blocks.0.attn.qkv.weight,0.08187264204025269,17.782793045043945,0.0046040372754079795,0.55,0.00055
153,blocks.0.attn.proj.weight,0.04426554962992668,10.217361450195312,0.004332385601282235,0.55,0.00055
153,blocks.0.ln2.weight,0.002628171117976308,16.12818145751953,0.00016295520514191626,0.55,0.00055
153,blocks.0.ln2.bias,0.00420870166271925,0.1248805895447731,0.033701808087449915,0.55,0.00055
153,blocks.0.mlp.fc.weight,0.08310545235872269,19.655099868774414,0.004228187743311653,0.55,0.00055
153,blocks.0.mlp.proj.weight,0.07511474192142487,11.129524230957031,0.006749142224110956,0.55,0.00055
153,blocks.1.ln1.weight,0.002675410592928529,16.410486221313477,0.0001630305499086077,0.55,0.00055
153,blocks.1.ln1.bias,0.002424634760245681,0.17849788069725037,0.013583549287873685,0.55,0.00055
153,blocks.1.attn.qkv.weight,0.0779125988483429,17.724082946777344,0.004395860653682218,0.55,0.00055
153,blocks.1.attn.proj.weight,0.035823673009872437,10.235736846923828,0.0034998626425839694,0.55,0.00055
153,blocks.1.ln2.weight,0.0022181102540344,16.30977439880371,0.00013599883111791897,0.55,0.00055
153,blocks.1.ln2.bias,0.002571258693933487,0.11860887706279755,0.021678467561500086,0.55,0.00055
153,blocks.1.mlp.fc.weight,0.06109321862459183,19.814250946044922,0.003083296905391391,0.55,0.00055
153,blocks.1.mlp.proj.weight,0.05215953662991524,11.055078506469727,0.004718151625914314,0.55,0.00055
153,final_norm.weight,0.002607272006571293,16.460525512695312,0.00015839542939016468,0.55,0.00055
153,final_norm.bias,0.0013834356795996428,0.18188191950321198,0.007606229818613749,0.55,0.00055
153,lm_head.weight,0.007464973255991936,3.611797332763672,0.0020668306021140526,0.55,0.00055
154,token_embedding.weight,0.0117288026958704,85.45880889892578,0.00013724509909495935,0.5451915313254821,0.0005451915313254822
154,position_embedding.weight,0.015307108871638775,89.46784210205078,0.00017109062331221393,0.5451915313254821,0.0005451915313254822
154,blocks.0.ln1.weight,0.0032818522304296494,16.36575698852539,0.0002005316486570387,0.5451915313254821,0.0005451915313254822
154,blocks.0.ln1.bias,0.002611340954899788,0.15652820467948914,0.016682878080855452,0.5451915313254821,0.0005451915313254822
154,blocks.0.attn.qkv.weight,0.08157576620578766,17.786693572998047,0.0045863367393714554,0.5451915313254821,0.0005451915313254822
154,blocks.0.attn.proj.weight,0.04326546564698219,10.219927787780762,0.004233441423990039,0.5451915313254821,0.0005451915313254822
154,blocks.0.ln2.weight,0.002596300095319748,16.128026962280273,0.00016098063956562902,0.5451915313254821,0.0005451915313254822
154,blocks.0.ln2.bias,0.0034693945199251175,0.12505170702934265,0.02774367981304966,0.5451915313254821,0.0005451915313254822
154,blocks.0.mlp.fc.weight,0.08041221648454666,19.65802574157715,0.004090554033331486,0.5451915313254821,0.0005451915313254822
154,blocks.0.mlp.proj.weight,0.07313283532857895,11.134893417358398,0.00656789720273067,0.5451915313254821,0.0005451915313254822
154,blocks.1.ln1.weight,0.002604688983410597,16.410463333129883,0.00015872123355298705,0.5451915313254821,0.0005451915313254822
154,blocks.1.ln1.bias,0.0020712034311145544,0.17811350524425507,0.011628559149754485,0.5451915313254821,0.0005451915313254822
154,blocks.1.attn.qkv.weight,0.0755922794342041,17.727352142333984,0.0042641607628293755,0.5451915313254821,0.0005451915313254822
154,blocks.1.attn.proj.weight,0.03527241200208664,10.237574577331543,0.003445387551088987,0.5451915313254821,0.0005451915313254822
154,blocks.1.ln2.weight,0.0022423909977078438,16.310832977294922,0.0001374786315836334,0.5451915313254821,0.0005451915313254822
154,blocks.1.ln2.bias,0.002191901672631502,0.11915543675422668,0.018395313989190306,0.5451915313254821,0.0005451915313254822
154,blocks.1.mlp.fc.weight,0.0599968396127224,19.818864822387695,0.0030272591367062566,0.5451915313254821,0.0005451915313254822
154,blocks.1.mlp.proj.weight,0.050091344863176346,11.060486793518066,0.0045288553567576755,0.5451915313254821,0.0005451915313254822
154,final_norm.weight,0.0026208474300801754,16.462749481201172,0.00015919864619653992,0.5451915313254821,0.0005451915313254822
154,final_norm.bias,0.0012396927922964096,0.18194711208343506,0.006813478807627972,0.5451915313254821,0.0005451915313254822
154,lm_head.weight,0.00716662872582674,3.6142570972442627,0.0019828774027417823,0.5451915313254821,0.0005451915313254822
155,token_embedding.weight,0.011427218094468117,85.45904541015625,0.000133715723591618,0.5403836116957144,0.0005403836116957143
155,position_embedding.weight,0.014406619593501091,89.46637725830078,0.0001610283106904753,0.5403836116957144,0.0005403836116957143
155,blocks.0.ln1.weight,0.0030411500483751297,16.36573600769043,0.0001858242151129577,0.5403836116957144,0.0005403836116957143
155,blocks.0.ln1.bias,0.0026466355193406343,0.15638096630573273,0.016924281655539865,0.5403836116957144,0.0005403836116957143
155,blocks.0.attn.qkv.weight,0.07662531733512878,17.790733337402344,0.004307035347105747,0.5403836116957144,0.0005403836116957143
155,blocks.0.attn.proj.weight,0.04215501248836517,10.222575187683105,0.0041237175285492094,0.5403836116957144,0.0005403836116957143
155,blocks.0.ln2.weight,0.002554376143962145,16.127912521362305,0.00015838231640818832,0.5403836116957144,0.0005403836116957143
155,blocks.0.ln2.bias,0.0032032381277531385,0.12546399235725403,0.02553113500968873,0.5403836116957144,0.0005403836116957143
155,blocks.0.mlp.fc.weight,0.07619259506464005,19.66103744506836,0.003875308984966498,0.5403836116957144,0.0005403836116957143
155,blocks.0.mlp.proj.weight,0.07033893465995789,11.140386581420898,0.0063138683874092464,0.5403836116957144,0.0005403836116957143
155,blocks.1.ln1.weight,0.002487804740667343,16.41060447692871,0.00015159738595642462,0.5403836116957144,0.0005403836116957143
155,blocks.1.ln1.bias,0.0021237528417259455,0.17767995595932007,0.011952686673336564,0.5403836116957144,0.0005403836116957143
155,blocks.1.attn.qkv.weight,0.07187315076589584,17.730897903442383,0.004053553923624924,0.5403836116957144,0.0005403836116957143
155,blocks.1.attn.proj.weight,0.034003082662820816,10.239815711975098,0.0033206733030411973,0.5403836116957144,0.0005403836116957143
155,blocks.1.ln2.weight,0.0022472457494586706,16.31195068359375,0.000137766830776332,0.5403836116957144,0.0005403836116957143
155,blocks.1.ln2.bias,0.0020758674945682287,0.11975966393947601,0.017333611553886744,0.5403836116957144,0.0005403836116957143
155,blocks.1.mlp.fc.weight,0.05860653519630432,19.82349395751953,0.002956418042242775,0.5403836116957144,0.0005403836116957143
155,blocks.1.mlp.proj.weight,0.049120232462882996,11.06599235534668,0.004438845689166365,0.5403836116957144,0.0005403836116957143
155,final_norm.weight,0.002559649059548974,16.46498680114746,0.00015546013431182553,0.5403836116957144,0.0005403836116957143
155,final_norm.bias,0.0011665290221571922,0.18210835754871368,0.006405686360873042,0.5403836116957144,0.0005403836116957143
155,lm_head.weight,0.007446855306625366,3.6166598796844482,0.0020590421975961535,0.5403836116957144,0.0005403836116957143
156,token_embedding.weight,0.013564991764724255,85.45926666259766,0.00015873049576098212,0.5355767900927552,0.0005355767900927552
156,position_embedding.weight,0.015640027821063995,89.46488952636719,0.00017481749436972562,0.5355767900927552,0.0005355767900927552
156,blocks.0.ln1.weight,0.003211988601833582,16.365842819213867,0.00019626172860846733,0.5355767900927552,0.0005355767900927552
156,blocks.0.ln1.bias,0.0025306204333901405,0.15638220310211182,0.016182278949744406,0.5355767900927552,0.0005355767900927552
156,blocks.0.attn.qkv.weight,0.08312990516424179,17.794851303100586,0.00467157065536999,0.5355767900927552,0.0005355767900927552
156,blocks.0.attn.proj.weight,0.046187520027160645,10.225240707397461,0.004517010537829365,0.5355767900927552,0.0005355767900927552
156,blocks.0.ln2.weight,0.0030102157033979893,16.12793731689453,0.00018664604432982917,0.5355767900927552,0.0005355767900927552
156,blocks.0.ln2.bias,0.0029892066959291697,0.12601172924041748,0.023721654435852932,0.5355767900927552,0.0005355767900927552
156,blocks.0.mlp.fc.weight,0.0905073955655098,19.66435432434082,0.004602612121033328,0.5355767900927552,0.0005355767900927552
156,blocks.0.mlp.proj.weight,0.08286888897418976,11.14616870880127,0.00743474203012441,0.5355767900927552,0.0005355767900927552
156,blocks.1.ln1.weight,0.00302455248311162,16.410505294799805,0.00018430587168268746,0.5355767900927552,0.0005355767900927552
156,blocks.1.ln1.bias,0.002137336879968643,0.17743876576423645,0.012045490007501998,0.5355767900927552,0.0005355767900927552
156,blocks.1.attn.qkv.weight,0.07961759716272354,17.734006881713867,0.004489543603640723,0.5355767900927552,0.0005355767900927552
156,blocks.1.attn.proj.weight,0.03482561931014061,10.241413116455078,0.0034004701220559305,0.5355767900927552,0.0005355767900927552
156,blocks.1.ln2.weight,0.0024098828434944153,16.313064575195312,0.00014772716876009884,0.5355767900927552,0.0005355767900927552
156,blocks.1.ln2.bias,0.0017721490003168583,0.12037232518196106,0.014722229529281448,0.5355767900927552,0.0005355767900927552
156,blocks.1.mlp.fc.weight,0.06042175367474556,19.82813835144043,0.003047273153122473,0.5355767900927552,0.0005355767900927552
156,blocks.1.mlp.proj.weight,0.048035845160484314,11.071466445922852,0.004338706655988604,0.5355767900927552,0.0005355767900927552
156,final_norm.weight,0.0024950425140559673,16.46721649169922,0.00015151574131022782,0.5355767900927552,0.0005355767900927552
156,final_norm.bias,0.0009380016708746552,0.18225634098052979,0.005146606509398288,0.5355767900927552,0.0005355767900927552
156,lm_head.weight,0.007176761049777269,3.619184970855713,0.001982977136445841,0.5355767900927552,0.0005355767900927552
157,token_embedding.weight,0.013368588872253895,85.45977783203125,0.000156431355327524,0.5307716153732875,0.0005307716153732876
157,position_embedding.weight,0.015535556711256504,89.46307373046875,0.00017365328580215474,0.5307716153732875,0.0005307716153732876
157,blocks.0.ln1.weight,0.0032146135345101357,16.366186141967773,0.00019641799907595535,0.5307716153732875,0.0005307716153732876
157,blocks.0.ln1.bias,0.0028540745843201876,0.15633736550807953,0.01825586976617201,0.5307716153732875,0.0005307716153732876
157,blocks.0.attn.qkv.weight,0.08213172107934952,17.799158096313477,0.0046143598834798745,0.5307716153732875,0.0005307716153732876
157,blocks.0.attn.proj.weight,0.04590193182229996,10.228086471557617,0.00448783180998128,0.5307716153732875,0.0005307716153732876
157,blocks.0.ln2.weight,0.0029456904157996178,16.12790870666504,0.0001826455289012205,0.5307716153732875,0.0005307716153732876
157,blocks.0.ln2.bias,0.0033600586466491222,0.12647280097007751,0.02656744075287396,0.5307716153732875,0.0005307716153732876
157,blocks.0.mlp.fc.weight,0.08864074945449829,19.667339324951172,0.004507002599077487,0.5307716153732875,0.0005307716153732876
157,blocks.0.mlp.proj.weight,0.08282668888568878,11.151208877563477,0.007427597294166986,0.5307716153732875,0.0005307716153732876
157,blocks.1.ln1.weight,0.0029700659215450287,16.410751342773438,0.0001809829336578628,0.5307716153732875,0.0005307716153732876
157,blocks.1.ln1.bias,0.002128292340785265,0.17792940139770508,0.01196144270735884,0.5307716153732875,0.0005307716153732876
157,blocks.1.attn.qkv.weight,0.07975034415721893,17.737627029418945,0.004496111234323712,0.5307716153732875,0.0005307716153732876
157,blocks.1.attn.proj.weight,0.03593605011701584,10.243699073791504,0.0035081126317889097,0.5307716153732875,0.0005307716153732876
157,blocks.1.ln2.weight,0.0025080402847379446,16.3142032623291,0.00015373354398060443,0.5307716153732875,0.0005307716153732876
157,blocks.1.ln2.bias,0.0020913148764520884,0.12007526308298111,0.017416700348925444,0.5307716153732875,0.0005307716153732876
157,blocks.1.mlp.fc.weight,0.062299638986587524,19.832759857177734,0.0031412490967079065,0.5307716153732875,0.0005307716153732876
157,blocks.1.mlp.proj.weight,0.04899172857403755,11.076859474182129,0.004422889781009024,0.5307716153732875,0.0005307716153732876
157,final_norm.weight,0.0025270404294133186,16.469432830810547,0.0001534382182661233,0.5307716153732875,0.0005307716153732876
157,final_norm.bias,0.0011935328366234899,0.18258188664913177,0.006536972853778036,0.5307716153732875,0.0005307716153732876
157,lm_head.weight,0.00704253651201725,3.621586322784424,0.0019445999306184464,0.5307716153732875,0.0005307716153732876
158,token_embedding.weight,0.012634363025426865,85.46025085449219,0.00014783905849911972,0.525968636205948,0.0005259686362059481
158,position_embedding.weight,0.014886450953781605,89.4612808227539,0.00016640104877634578,0.525968636205948,0.0005259686362059481
158,blocks.0.ln1.weight,0.0030240225605666637,16.366485595703125,0.00018476920673552602,0.525968636205948,0.0005259686362059481
158,blocks.0.ln1.bias,0.002966031664982438,0.1564335823059082,0.018960325661809357,0.525968636205948,0.0005259686362059481
158,blocks.0.attn.qkv.weight,0.07831324636936188,17.803348541259766,0.004398793080294098,0.525968636205948,0.0005259686362059481
158,blocks.0.attn.proj.weight,0.04493924602866173,10.230788230895996,0.004392549724853569,0.525968636205948,0.0005259686362059481
158,blocks.0.ln2.weight,0.002708980580791831,16.127918243408203,0.0001679683974029864,0.525968636205948,0.0005259686362059481
158,blocks.0.ln2.bias,0.0039153737016022205,0.12686896324157715,0.03086155669228503,0.525968636205948,0.0005259686362059481
158,blocks.0.mlp.fc.weight,0.08410536497831345,19.670509338378906,0.004275708550881912,0.525968636205948,0.0005259686362059481
158,blocks.0.mlp.proj.weight,0.08000221848487854,11.156553268432617,0.0071708722721054935,0.525968636205948,0.0005259686362059481
158,blocks.1.ln1.weight,0.002857410116121173,16.410961151123047,0.00017411595151606697,0.525968636205948,0.0005259686362059481
158,blocks.1.ln1.bias,0.002326119923964143,0.17848625779151917,0.013032487502024577,0.525968636205948,0.0005259686362059481
158,blocks.1.attn.qkv.weight,0.07676304876804352,17.74123764038086,0.004326814753516333,0.525968636205948,0.0005259686362059481
158,blocks.1.attn.proj.weight,0.0374397337436676,10.24604320526123,0.003654067525739015,0.525968636205948,0.0005259686362059481
158,blocks.1.ln2.weight,0.0026016293559223413,16.31540870666504,0.00015945842379415145,0.525968636205948,0.0005259686362059481
158,blocks.1.ln2.bias,0.002367704873904586,0.11975516378879547,0.019771213190109983,0.525968636205948,0.0005259686362059481
158,blocks.1.mlp.fc.weight,0.06380321830511093,19.83766746520996,0.003216266147066017,0.525968636205948,0.0005259686362059481
158,blocks.1.mlp.proj.weight,0.05113640055060387,11.082480430603027,0.0046141656527894075,0.525968636205948,0.0005259686362059481
158,final_norm.weight,0.0025965089444071054,16.471660614013672,0.00015763492250428618,0.525968636205948,0.0005259686362059481
158,final_norm.bias,0.001340661197900772,0.18295031785964966,0.007328006934220975,0.525968636205948,0.0005259686362059481
158,lm_head.weight,0.006885945796966553,3.6239495277404785,0.001900121882011425,0.525968636205948,0.0005259686362059481
159,token_embedding.weight,0.011898166500031948,85.46053314208984,0.00013922410804820837,0.5211684010086792,0.0005211684010086792
159,position_embedding.weight,0.013491996563971043,89.45963287353516,0.0001508165876674666,0.5211684010086792,0.0005211684010086792
159,blocks.0.ln1.weight,0.0027196675073355436,16.36705207824707,0.00016616721779421728,0.5211684010086792,0.0005211684010086792
159,blocks.0.ln1.bias,0.0023148790933191776,0.15640489757061005,0.014800553750302538,0.5211684010086792,0.0005211684010086792
159,blocks.0.attn.qkv.weight,0.07068022340536118,17.807960510253906,0.003969024042065862,0.5211684010086792,0.0005211684010086792
159,blocks.0.attn.proj.weight,0.0407421700656414,10.233704566955566,0.003981175125691345,0.5211684010086792,0.0005211684010086792
159,blocks.0.ln2.weight,0.0024333109613507986,16.12794303894043,0.00015087546846336773,0.5211684010086792,0.0005211684010086792
159,blocks.0.ln2.bias,0.0028819935396313667,0.12738066911697388,0.022625046324432494,0.5211684010086792,0.0005211684010086792
159,blocks.0.mlp.fc.weight,0.07641004025936127,19.67380142211914,0.0038838472860384787,0.5211684010086792,0.0005211684010086792
159,blocks.0.mlp.proj.weight,0.07264123111963272,11.162105560302734,0.00650784305229739,0.5211684010086792,0.0005211684010086792
159,blocks.1.ln1.weight,0.002629697322845459,16.411096572875977,0.00016023897679035202,0.5211684010086792,0.0005211684010086792
159,blocks.1.ln1.bias,0.002046263311058283,0.17894279956817627,0.011435292819743953,0.5211684010086792,0.0005211684010086792
159,blocks.1.attn.qkv.weight,0.07025710493326187,17.74491310119629,0.00395928143082997,0.5211684010086792,0.0005211684010086792
159,blocks.1.attn.proj.weight,0.03461984917521477,10.24815559387207,0.0033781541330141864,0.5211684010086792,0.0005211684010086792
159,blocks.1.ln2.weight,0.0022689648903906345,16.316661834716797,0.00013905815499361775,0.5211684010086792,0.0005211684010086792
159,blocks.1.ln2.bias,0.0018556404393166304,0.11936849355697632,0.015545479246710613,0.5211684010086792,0.0005211684010086792
159,blocks.1.mlp.fc.weight,0.058796003460884094,19.84260368347168,0.002963119376811246,0.5211684010086792,0.0005211684010086792
159,blocks.1.mlp.proj.weight,0.04795191437005997,11.088170051574707,0.004324601277489035,0.5211684010086792,0.0005211684010086792
159,final_norm.weight,0.0025493712164461613,16.47394561767578,0.00015475170767291168,0.5211684010086792,0.0005211684010086792
159,final_norm.bias,0.0011139739071950316,0.1836119294166565,0.006067001804992251,0.5211684010086792,0.0005211684010086792
159,lm_head.weight,0.0068897670134902,3.6261963844299316,0.0018999983131281592,0.5211684010086792,0.0005211684010086792
160,token_embedding.weight,0.011583657003939152,85.46099853515625,0.0001355431975110123,0.516371457886109,0.0005163714578861091
160,position_embedding.weight,0.013178421184420586,89.45806121826172,0.00014731395924473973,0.516371457886109,0.0005163714578861091
160,blocks.0.ln1.weight,0.0028012602124363184,16.367717742919922,0.00017114543740515508,0.516371457886109,0.0005163714578861091
160,blocks.0.ln1.bias,0.0024460970889776945,0.15637429058551788,0.01564257832795303,0.516371457886109,0.0005163714578861091
160,blocks.0.attn.qkv.weight,0.06830131262540817,17.812650680541992,0.003834427219752008,0.516371457886109,0.0005163714578861091
160,blocks.0.attn.proj.weight,0.04139811545610428,10.236888885498047,0.0040440133637424085,0.516371457886109,0.0005163714578861091
160,blocks.0.ln2.weight,0.002453792840242386,16.12791633605957,0.0001521456826233607,0.516371457886109,0.0005163714578861091
160,blocks.0.ln2.bias,0.003229492111131549,0.12784603238105774,0.025260792618737416,0.516371457886109,0.0005163714578861091
160,blocks.0.mlp.fc.weight,0.07436422258615494,19.67696189880371,0.003779253269310454,0.516371457886109,0.0005163714578861091
160,blocks.0.mlp.proj.weight,0.07092981785535812,11.167463302612305,0.006351470869732771,0.516371457886109,0.0005163714578861091
160,blocks.1.ln1.weight,0.0026299802120774984,16.4111270904541,0.00016025591646335645,0.516371457886109,0.0005163714578861091
160,blocks.1.ln1.bias,0.002181827090680599,0.17932447791099548,0.012166922865663345,0.516371457886109,0.0005163714578861091
160,blocks.1.attn.qkv.weight,0.06716125458478928,17.7482967376709,0.003784095768594809,0.516371457886109,0.0005163714578861091
160,blocks.1.attn.proj.weight,0.03568645566701889,10.250007629394531,0.0034816028394628043,0.516371457886109,0.0005163714578861091
160,blocks.1.ln2.weight,0.0022833060938864946,16.317691802978516,0.0001399282521973835,0.516371457886109,0.0005163714578861091
160,blocks.1.ln2.bias,0.002057138830423355,0.1191498413681984,0.017265141159937367,0.516371457886109,0.0005163714578861091
160,blocks.1.mlp.fc.weight,0.060102056711912155,19.847047805786133,0.003028261799943224,0.516371457886109,0.0005163714578861091
160,blocks.1.mlp.proj.weight,0.04931885376572609,11.093236923217773,0.0044458487731835,0.516371457886109,0.0005163714578861091
160,final_norm.weight,0.002524517709389329,16.476184844970703,0.00015322222548139086,0.516371457886109,0.0005163714578861091
160,final_norm.bias,0.001073708408512175,0.18402044475078583,0.005834723473038206,0.516371457886109,0.0005163714578861091
160,lm_head.weight,0.007426024414598942,3.6286094188690186,0.002046520734907719,0.516371457886109,0.0005163714578861091
161,token_embedding.weight,0.011326499283313751,85.46121978759766,0.0001325337891439428,0.5115783545669671,0.0005115783545669671
161,position_embedding.weight,0.013707437552511692,89.45658111572266,0.00015323006291487206,0.5115783545669671,0.0005115783545669671
161,blocks.0.ln1.weight,0.0027060476131737232,16.368528366088867,0.00016532015295765695,0.5115783545669671,0.0005115783545669671
161,blocks.0.ln1.bias,0.0024248254485428333,0.15651769936084747,0.015492340217300084,0.5115783545669671,0.0005115783545669671
161,blocks.0.attn.qkv.weight,0.0710153728723526,17.817487716674805,0.003985711902912533,0.5115783545669671,0.0005115783545669671
161,blocks.0.attn.proj.weight,0.04259559512138367,10.240153312683105,0.004159663807828155,0.5115783545669671,0.0005115783545669671
161,blocks.0.ln2.weight,0.0025216653011739254,16.128063201904297,0.00015635264257124362,0.5115783545669671,0.0005115783545669671
161,blocks.0.ln2.bias,0.003157326951622963,0.12836655974388123,0.024596179549392846,0.5115783545669671,0.0005115783545669671
161,blocks.0.mlp.fc.weight,0.07728230953216553,19.680458068847656,0.003926855221652201,0.5115783545669671,0.0005115783545669671
161,blocks.0.mlp.proj.weight,0.07340561598539352,11.173124313354492,0.00656983793670407,0.5115783545669671,0.0005115783545669671
161,blocks.1.ln1.weight,0.0026606193277984858,16.41126251220703,0.00016212155072282226,0.5115783545669671,0.0005115783545669671
161,blocks.1.ln1.bias,0.002908488968387246,0.17980225384235382,0.01617604288164909,0.5115783545669671,0.0005115783545669671
161,blocks.1.attn.qkv.weight,0.07180877774953842,17.751850128173828,0.004045143307939898,0.5115783545669671,0.0005115783545669671
161,blocks.1.attn.proj.weight,0.03756152465939522,10.252305030822754,0.0036637150910420403,0.5115783545669671,0.0005115783545669671
161,blocks.1.ln2.weight,0.0023376736789941788,16.318452835083008,0.00014325338943703512,0.5115783545669671,0.0005115783545669671
161,blocks.1.ln2.bias,0.0022229403257369995,0.11873702704906464,0.018721542731566895,0.5115783545669671,0.0005115783545669671
161,blocks.1.mlp.fc.weight,0.061467088758945465,19.85088348388672,0.003096440962380148,0.5115783545669671,0.0005115783545669671
161,blocks.1.mlp.proj.weight,0.05134699121117592,11.097545623779297,0.004626878136112131,0.5115783545669671,0.0005115783545669671
161,final_norm.weight,0.0024227614048868418,16.478349685668945,0.0001470269445121526,0.5115783545669671,0.0005115783545669671
161,final_norm.bias,0.0014226309722289443,0.18413738906383514,0.0077259212778781885,0.5115783545669671,0.0005115783545669671
161,lm_head.weight,0.007375234737992287,3.631056785583496,0.0020311537862124306,0.5115783545669671,0.0005115783545669671
162,token_embedding.weight,0.010610402561724186,85.46125793457031,0.00012415453292119168,0.5067896383415432,0.0005067896383415433
162,position_embedding.weight,0.013213035650551319,89.45555877685547,0.0001477050261740664,0.5067896383415432,0.0005067896383415433
162,blocks.0.ln1.weight,0.0025163644459098577,16.369062423706055,0.00015372685256948175,0.5067896383415432,0.0005067896383415433
162,blocks.0.ln1.bias,0.0017293172422796488,0.15645292401313782,0.011053275310619184,0.5067896383415432,0.0005067896383415433
162,blocks.0.attn.qkv.weight,0.06787563115358353,17.82169532775879,0.003808595641732115,0.5067896383415432,0.0005067896383415433
162,blocks.0.attn.proj.weight,0.03917509317398071,10.242846488952637,0.0038246295320572225,0.5067896383415432,0.0005067896383415433
162,blocks.0.ln2.weight,0.0023593329824507236,16.128250122070312,0.00014628573866311794,0.5067896383415432,0.0005067896383415433
162,blocks.0.ln2.bias,0.002011280506849289,0.12882539629936218,0.01561245348052257,0.5067896383415432,0.0005067896383415433
162,blocks.0.mlp.fc.weight,0.07210231572389603,19.683963775634766,0.003662997785697115,0.5067896383415432,0.0005067896383415433
162,blocks.0.mlp.proj.weight,0.06770769506692886,11.178472518920898,0.006056972001525204,0.5067896383415432,0.0005067896383415433
162,blocks.1.ln1.weight,0.0024745254777371883,16.41122055053711,0.00015078253747897205,0.5067896383415432,0.0005067896383415433
162,blocks.1.ln1.bias,0.0022842923644930124,0.18052171170711517,0.01265383727463473,0.5067896383415432,0.0005067896383415433
162,blocks.1.attn.qkv.weight,0.0669894739985466,17.755062103271484,0.0037729788614031144,0.5067896383415432,0.0005067896383415433
162,blocks.1.attn.proj.weight,0.035466019064188004,10.254070281982422,0.0034587259584618227,0.5067896383415432,0.0005067896383415433
162,blocks.1.ln2.weight,0.0020447196438908577,16.31930923461914,0.00012529449711959283,0.5067896383415432,0.0005067896383415433
162,blocks.1.ln2.bias,0.001579643925651908,0.1183936670422554,0.013342300860355826,0.5067896383415432,0.0005067896383415433
162,blocks.1.mlp.fc.weight,0.05823574215173721,19.85492515563965,0.002933062788967142,0.5067896383415432,0.0005067896383415433
162,blocks.1.mlp.proj.weight,0.047279976308345795,11.101861000061035,0.004258743314123786,0.5067896383415432,0.0005067896383415433
162,final_norm.weight,0.002371370093896985,16.480358123779297,0.0001438906895157346,0.5067896383415432,0.0005067896383415433
162,final_norm.bias,0.0011663780314847827,0.18448276817798615,0.006322422646830389,0.5067896383415432,0.0005067896383415433
162,lm_head.weight,0.007080310955643654,3.6332850456237793,0.001948735336405769,0.5067896383415432,0.0005067896383415433
163,token_embedding.weight,0.010600307956337929,85.46129608154297,0.0001240363584730041,0.5020058559991959,0.0005020058559991959
163,position_embedding.weight,0.012550375424325466,89.45452117919922,0.00014029895033682943,0.5020058559991959,0.0005020058559991959
163,blocks.0.ln1.weight,0.002336957259103656,16.369430541992188,0.00014276350378277127,0.5020058559991959,0.0005020058559991959
163,blocks.0.ln1.bias,0.0012826109305024147,0.15663081407546997,0.00818875224562276,0.5020058559991959,0.0005020058559991959
163,blocks.0.attn.qkv.weight,0.06397373974323273,17.825523376464844,0.003588884230333124,0.5020058559991959,0.0005020058559991959
163,blocks.0.attn.proj.weight,0.03656400367617607,10.245299339294434,0.0035688565521884074,0.5020058559991959,0.0005020058559991959
163,blocks.0.ln2.weight,0.0021304546389728785,16.128259658813477,0.00013209451509596293,0.5020058559991959,0.0005020058559991959
163,blocks.0.ln2.bias,0.001580016571097076,0.12905362248420715,0.012243101283562855,0.5020058559991959,0.0005020058559991959
163,blocks.0.mlp.fc.weight,0.06675565987825394,19.687097549438477,0.003390832991537373,0.5020058559991959,0.0005020058559991959
163,blocks.0.mlp.proj.weight,0.06180468946695328,11.183415412902832,0.0055264592421060185,0.5020058559991959,0.0005020058559991959
163,blocks.1.ln1.weight,0.0021704360842704773,16.411258697509766,0.00013225287129254052,0.5020058559991959,0.0005020058559991959
163,blocks.1.ln1.bias,0.001925068674609065,0.18125313520431519,0.010620884832852331,0.5020058559991959,0.0005020058559991959
163,blocks.1.attn.qkv.weight,0.06150233745574951,17.75834846496582,0.0034632915091783244,0.5020058559991959,0.0005020058559991959
163,blocks.1.attn.proj.weight,0.032912421971559525,10.256002426147461,0.0032090887466686624,0.5020058559991959,0.0005020058559991959
163,blocks.1.ln2.weight,0.0019899862818419933,16.319873809814453,0.00012193637677793396,0.5020058559991959,0.0005020058559991959
163,blocks.1.ln2.bias,0.0012487685307860374,0.11795178055763245,0.010587110468970743,0.5020058559991959,0.0005020058559991959
163,blocks.1.mlp.fc.weight,0.05528740957379341,19.858232498168945,0.0027841052610743924,0.5020058559991959,0.0005020058559991959
163,blocks.1.mlp.proj.weight,0.04440736398100853,11.105600357055664,0.003998645958189143,0.5020058559991959,0.0005020058559991959
163,final_norm.weight,0.0023694480769336224,16.48233413696289,0.00014375682820431428,0.5020058559991959,0.0005020058559991959
163,final_norm.bias,0.0010162951657548547,0.18448598682880402,0.005508793286790011,0.5020058559991959,0.0005020058559991959
163,lm_head.weight,0.006749162916094065,3.635546922683716,0.0018564367506801588,0.5020058559991959,0.0005020058559991959
164,token_embedding.weight,0.010761433281004429,85.46165466308594,0.00012592119030960637,0.4972275537659192,0.0004972275537659192
164,position_embedding.weight,0.013161870650947094,89.45341491699219,0.0001471365924169629,0.4972275537659192,0.0004972275537659192
164,blocks.0.ln1.weight,0.0026666868943721056,16.3699893951416,0.00016290095430137425,0.4972275537659192,0.0004972275537659192
164,blocks.0.ln1.bias,0.0017853232566267252,0.15678836405277252,0.011386835160895144,0.4972275537659192,0.0004972275537659192
164,blocks.0.attn.qkv.weight,0.06733477115631104,17.829524993896484,0.003776588057133195,0.4972275537659192,0.0004972275537659192
164,blocks.0.attn.proj.weight,0.03732357546687126,10.247879981994629,0.0036420777304617714,0.4972275537659192,0.0004972275537659192
164,blocks.0.ln2.weight,0.0022426166106015444,16.128175735473633,0.0001390496140036973,0.4972275537659192,0.0004972275537659192
164,blocks.0.ln2.bias,0.0018728910945355892,0.1291918009519577,0.014496981083324013,0.4972275537659192,0.0004972275537659192
164,blocks.0.mlp.fc.weight,0.0662110447883606,19.68994140625,0.0033626836881972878,0.4972275537659192,0.0004972275537659192
164,blocks.0.mlp.proj.weight,0.06361278146505356,11.187957763671875,0.005685826029090248,0.4972275537659192,0.0004972275537659192
164,blocks.1.ln1.weight,0.0022299112752079964,16.411155700683594,0.00013587777216171165,0.4972275537659192,0.0004972275537659192
164,blocks.1.ln1.bias,0.0019209689926356077,0.1817626804113388,0.010568555592808062,0.4972275537659192,0.0004972275537659192
164,blocks.1.attn.qkv.weight,0.062384333461523056,17.7612361907959,0.0035123869077225557,0.4972275537659192,0.0004972275537659192
164,blocks.1.attn.proj.weight,0.03352870047092438,10.25739574432373,0.003268734219353419,0.4972275537659192,0.0004972275537659192
164,blocks.1.ln2.weight,0.001954965991899371,16.32062530517578,0.00011978499324283064,0.4972275537659192,0.0004972275537659192
164,blocks.1.ln2.bias,0.0012888340279459953,0.11775228381156921,0.010945299625759118,0.4972275537659192,0.0004972275537659192
164,blocks.1.mlp.fc.weight,0.054896071553230286,19.861940383911133,0.0027638826062379718,0.4972275537659192,0.0004972275537659192
164,blocks.1.mlp.proj.weight,0.0449988953769207,11.109726905822754,0.004050405177226466,0.4972275537659192,0.0004972275537659192
164,final_norm.weight,0.0023667013738304377,16.48436737060547,0.0001435724720652938,0.4972275537659192,0.0004972275537659192
164,final_norm.bias,0.0011561444262042642,0.18460232019424438,0.0062628921726523784,0.4972275537659192,0.0004972275537659192
164,lm_head.weight,0.006416178308427334,3.637822151184082,0.0017637416129145168,0.4972275537659192,0.0004972275537659192
165,token_embedding.weight,0.010817117057740688,85.46183776855469,0.0001265724835807436,0.49245527724197224,0.0004924552772419723
165,position_embedding.weight,0.014149955473840237,89.4524154663086,0.00015818416305560275,0.49245527724197224,0.0004924552772419723
165,blocks.0.ln1.weight,0.002994043519720435,16.37065315246582,0.00018289090189839348,0.49245527724197224,0.0004924552772419723
165,blocks.0.ln1.bias,0.0019492862047627568,0.15687893331050873,0.01242541725403073,0.49245527724197224,0.0004924552772419723
165,blocks.0.attn.qkv.weight,0.0732748731970787,17.833663940429688,0.004108795222442052,0.49245527724197224,0.0004924552772419723
165,blocks.0.attn.proj.weight,0.04123374819755554,10.25051212310791,0.0040226037199251295,0.49245527724197224,0.0004924552772419723
165,blocks.0.ln2.weight,0.002536144806072116,16.128183364868164,0.00015724925422142794,0.49245527724197224,0.0004924552772419723
165,blocks.0.ln2.bias,0.001485468470491469,0.1292019784450531,0.011497257924047271,0.49245527724197224,0.0004924552772419723
165,blocks.0.mlp.fc.weight,0.07616482675075531,19.692779541015625,0.0038676524353566883,0.49245527724197224,0.0004924552772419723
165,blocks.0.mlp.proj.weight,0.07120049744844437,11.192459106445312,0.006361470412470513,0.49245527724197224,0.0004924552772419723
165,blocks.1.ln1.weight,0.0026650733780115843,16.41103172302246,0.00016239523650866413,0.49245527724197224,0.0004924552772419723
165,blocks.1.ln1.bias,0.0020112963393330574,0.18222391605377197,0.011037499263974284,0.49245527724197224,0.0004924552772419723
165,blocks.1.attn.qkv.weight,0.06851396709680557,17.76386833190918,0.0038569283343386587,0.49245527724197224,0.0004924552772419723
165,blocks.1.attn.proj.weight,0.03202430158853531,10.258523941040039,0.0031217260663024267,0.49245527724197224,0.0004924552772419723
165,blocks.1.ln2.weight,0.0019127319101244211,16.321495056152344,0.00011719097445079365,0.49245527724197224,0.0004924552772419723
165,blocks.1.ln2.bias,0.0013302467996254563,0.11751705408096313,0.011319606418126052,0.49245527724197224,0.0004924552772419723
165,blocks.1.mlp.fc.weight,0.05327550321817398,19.865880966186523,0.0026817589065821395,0.49245527724197224,0.0004924552772419723
165,blocks.1.mlp.proj.weight,0.04271192103624344,11.114028930664062,0.0038430636902874755,0.49245527724197224,0.0004924552772419723
165,final_norm.weight,0.0024227495305240154,16.486440658569336,0.00014695406854023217,0.49245527724197224,0.0004924552772419723
165,final_norm.bias,0.0010493675945326686,0.1848902404308319,0.005675624587224035,0.49245527724197224,0.0004924552772419723
165,lm_head.weight,0.006171184591948986,3.640000343322754,0.0016953802224957922,0.49245527724197224,0.0004924552772419723
166,token_embedding.weight,0.011057536117732525,85.46186065673828,0.00012938562339691534,0.4876895713395816,0.0004876895713395816
166,position_embedding.weight,0.013534439727663994,89.45140075683594,0.00015130495009749227,0.4876895713395816,0.0004876895713395816
166,blocks.0.ln1.weight,0.002850389340892434,16.371536254882812,0.00017410640617444384,0.4876895713395816,0.0004876895713395816
166,blocks.0.ln1.bias,0.0018660302739590406,0.15684546530246735,0.011897253582362821,0.4876895713395816,0.0004876895713395816
166,blocks.0.attn.qkv.weight,0.07034966349601746,17.838062286376953,0.003943795148071662,0.4876895713395816,0.0004876895713395816
166,blocks.0.attn.proj.weight,0.04007212072610855,10.253482818603516,0.0039081472544528345,0.4876895713395816,0.0004876895713395816
166,blocks.0.ln2.weight,0.002302030799910426,16.12807846069336,0.00014273435025261634,0.4876895713395816,0.0004876895713395816
166,blocks.0.ln2.bias,0.0017661618767306209,0.12923605740070343,0.013666169583314304,0.4876895713395816,0.0004876895713395816
166,blocks.0.mlp.fc.weight,0.07216507196426392,19.695281982421875,0.003664079144876824,0.4876895713395816,0.0004876895713395816
166,blocks.0.mlp.proj.weight,0.06776980310678482,11.196812629699707,0.006052597765815817,0.4876895713395816,0.0004876895713395816
166,blocks.1.ln1.weight,0.002452950458973646,16.410869598388672,0.0001494710834345027,0.4876895713395816,0.0004876895713395816
166,blocks.1.ln1.bias,0.0019983763340860605,0.18222741782665253,0.010966386715615372,0.4876895713395816,0.0004876895713395816
166,blocks.1.attn.qkv.weight,0.06519895792007446,17.766345977783203,0.0036698012073840074,0.4876895713395816,0.0004876895713395816
166,blocks.1.attn.proj.weight,0.033067721873521805,10.259672164916992,0.0032230778276321386,0.4876895713395816,0.0004876895713395816
166,blocks.1.ln2.weight,0.001917992951348424,16.32228660583496,0.00011750761383289608,0.4876895713395816,0.0004876895713395816
166,blocks.1.ln2.bias,0.0015441965078935027,0.11738263070583344,0.013155238544194658,0.4876895713395816,0.0004876895713395816
166,blocks.1.mlp.fc.weight,0.05290382727980614,19.869558334350586,0.002662556781060558,0.4876895713395816,0.0004876895713395816
166,blocks.1.mlp.proj.weight,0.04490307345986366,11.118185997009277,0.0040387050074480015,0.4876895713395816,0.0004876895713395816
166,final_norm.weight,0.0023021039087325335,16.48859405517578,0.00013961796263701223,0.4876895713395816,0.0004876895713395816
166,final_norm.bias,0.0012452398659661412,0.18516375124454498,0.006725073658260645,0.4876895713395816,0.0004876895713395816
166,lm_head.weight,0.006553985178470612,3.6421563625335693,0.0017994793540137047,0.4876895713395816,0.0004876895713395816
167,token_embedding.weight,0.010975244455039501,85.46195220947266,0.000128422580707475,0.48293098022072145,0.00048293098022072144
167,position_embedding.weight,0.012709647417068481,89.45040893554688,0.00014208596213602807,0.48293098022072145,0.00048293098022072144
167,blocks.0.ln1.weight,0.002582416869699955,16.37223243713379,0.00015773150543860035,0.48293098022072145,0.00048293098022072144
167,blocks.0.ln1.bias,0.0021686814725399017,0.15695303678512573,0.013817390965777145,0.48293098022072145,0.00048293098022072144
167,blocks.0.attn.qkv.weight,0.06588936597108841,17.84205436706543,0.003692924851339407,0.48293098022072145,0.00048293098022072144
167,blocks.0.attn.proj.weight,0.03700912743806839,10.256361961364746,0.0036084069163585,0.48293098022072145,0.00048293098022072144
167,blocks.0.ln2.weight,0.0023601697757840157,16.12786293029785,0.0001463411355853011,0.48293098022072145,0.00048293098022072144
167,blocks.0.ln2.bias,0.0021095378324389458,0.1291673630475998,0.016331817749079717,0.48293098022072145,0.00048293098022072144
167,blocks.0.mlp.fc.weight,0.06899634003639221,19.69748878479004,0.003502798797868394,0.48293098022072145,0.00048293098022072144
167,blocks.0.mlp.proj.weight,0.0649867132306099,11.200826644897461,0.005801956881477922,0.48293098022072145,0.00048293098022072144
167,blocks.1.ln1.weight,0.002417519921436906,16.410572052001953,0.00014731478669823954,0.48293098022072145,0.00048293098022072144
167,blocks.1.ln1.bias,0.0020000638905912638,0.1821252405643463,0.010981805072063273,0.48293098022072145,0.00048293098022072144
167,blocks.1.attn.qkv.weight,0.061977967619895935,17.76860809326172,0.0034880598015663354,0.48293098022072145,0.00048293098022072144
167,blocks.1.attn.proj.weight,0.03084966540336609,10.260586738586426,0.0030066180608705776,0.48293098022072145,0.00048293098022072144
167,blocks.1.ln2.weight,0.0019162213429808617,16.323049545288086,0.00011739358737251967,0.48293098022072145,0.00048293098022072144
167,blocks.1.ln2.bias,0.0015186702366918325,0.1174212098121643,0.012933525715739743,0.48293098022072145,0.00048293098022072144
167,blocks.1.mlp.fc.weight,0.050493933260440826,19.87317657470703,0.0025408083640087453,0.48293098022072145,0.00048293098022072144
167,blocks.1.mlp.proj.weight,0.04264996200799942,11.122312545776367,0.0038346307777685725,0.48293098022072145,0.00048293098022072144
167,final_norm.weight,0.0021692831069231033,16.49064064025879,0.00013154632098567938,0.48293098022072145,0.00048293098022072144
167,final_norm.bias,0.0010901209898293018,0.18530531227588654,0.005882837229190836,0.48293098022072145,0.00048293098022072144
167,lm_head.weight,0.006755811162292957,3.644336462020874,0.001853783598933903,0.48293098022072145,0.00048293098022072144
168,token_embedding.weight,0.010670145973563194,85.46232604980469,0.0001248520426105048,0.4781800472349794,0.0004781800472349794
168,position_embedding.weight,0.012877888046205044,89.44953918457031,0.00014396818769108074,0.4781800472349794,0.0004781800472349794
168,blocks.0.ln1.weight,0.002494985703378916,16.372737884521484,0.00015238659050038797,0.4781800472349794,0.0004781800472349794
168,blocks.0.ln1.bias,0.0018657981418073177,0.15721875429153442,0.011867529101112561,0.4781800472349794,0.0004781800472349794
168,blocks.0.attn.qkv.weight,0.06624707579612732,17.845678329467773,0.0037122195398273414,0.4781800472349794,0.0004781800472349794
168,blocks.0.attn.proj.weight,0.037409354001283646,10.258739471435547,0.003646583881522937,0.4781800472349794,0.0004781800472349794
168,blocks.0.ln2.weight,0.0022716394159942865,16.12762451171875,0.00014085393756182218,0.4781800472349794,0.0004781800472349794
168,blocks.0.ln2.bias,0.0015035654651001096,0.12905597686767578,0.011650490752784747,0.4781800472349794,0.0004781800472349794
168,blocks.0.mlp.fc.weight,0.06874833256006241,19.69959259033203,0.0034898352463288273,0.4781800472349794,0.0004781800472349794
168,blocks.0.mlp.proj.weight,0.0647444948554039,11.20466136932373,0.0057783535549460205,0.4781800472349794,0.0004781800472349794
168,blocks.1.ln1.weight,0.0024721233639866114,16.409942626953125,0.00015064789805700046,0.4781800472349794,0.0004781800472349794
168,blocks.1.ln1.bias,0.002033159602433443,0.18208545446395874,0.011165963851465755,0.4781800472349794,0.0004781800472349794
168,blocks.1.attn.qkv.weight,0.06278490275144577,17.770225524902344,0.0035331517128726637,0.4781800472349794,0.0004781800472349794
168,blocks.1.attn.proj.weight,0.03117332234978676,10.260932922363281,0.0030380592667010567,0.4781800472349794,0.0004781800472349794
168,blocks.1.ln2.weight,0.0019512925064191222,16.32390785217285,0.00011953586874476685,0.4781800472349794,0.0004781800472349794
168,blocks.1.ln2.bias,0.0011444477131590247,0.11772926151752472,0.009721013267198195,0.4781800472349794,0.0004781800472349794
168,blocks.1.mlp.fc.weight,0.05138970911502838,19.876869201660156,0.002585402589998108,0.4781800472349794,0.0004781800472349794
168,blocks.1.mlp.proj.weight,0.04204988107085228,11.12658405303955,0.003779226478710809,0.4781800472349794,0.0004781800472349794
168,final_norm.weight,0.0021245081443339586,16.492572784423828,0.0001288160538748867,0.4781800472349794,0.0004781800472349794
168,final_norm.bias,0.001000240328721702,0.18541750311851501,0.005394530246030628,0.4781800472349794,0.0004781800472349794
168,lm_head.weight,0.0064027863554656506,3.6464200019836426,0.001755910276923886,0.4781800472349794,0.0004781800472349794
169,token_embedding.weight,0.010685635730624199,85.46253204345703,0.00012503298785005004,0.4734373148575154,0.0004734373148575154
169,position_embedding.weight,0.012373163364827633,89.4487075805664,0.00013832691046634736,0.4734373148575154,0.0004734373148575154
169,blocks.0.ln1.weight,0.0025002288166433573,16.373327255249023,0.00015270132806034716,0.4734373148575154,0.0004734373148575154
169,blocks.0.ln1.bias,0.0015648934058845043,0.15756727755069733,0.00993158878036125,0.4734373148575154,0.0004734373148575154
169,blocks.0.attn.qkv.weight,0.06592793017625809,17.849346160888672,0.0036935767608516157,0.4734373148575154,0.0004734373148575154
169,blocks.0.attn.proj.weight,0.03661306947469711,10.261198997497559,0.0035681083159602037,0.4734373148575154,0.0004734373148575154
169,blocks.0.ln2.weight,0.0022094736341387033,16.127548217773438,0.00013699997075213244,0.4734373148575154,0.0004734373148575154
169,blocks.0.ln2.bias,0.0010878986213356256,0.12915557622909546,0.008423164164414347,0.4734373148575154,0.0004734373148575154
169,blocks.0.mlp.fc.weight,0.0674305260181427,19.702056884765625,0.003422511995195746,0.4734373148575154,0.0004734373148575154
169,blocks.0.mlp.proj.weight,0.06308071315288544,11.209095001220703,0.005627636588503366,0.4734373148575154,0.0004734373148575154
169,blocks.1.ln1.weight,0.002333293901756406,16.409194946289062,0.0001421942946862203,0.4734373148575154,0.0004734373148575154
169,blocks.1.ln1.bias,0.0019197509391233325,0.18227295577526093,0.010532286212990459,0.4734373148575154,0.0004734373148575154
169,blocks.1.attn.qkv.weight,0.06267256289720535,17.771625518798828,0.0035265520776873666,0.4734373148575154,0.0004734373148575154
169,blocks.1.attn.proj.weight,0.031002964824438095,10.261150360107422,0.003021392703196926,0.4734373148575154,0.0004734373148575154
169,blocks.1.ln2.weight,0.0019438705639913678,16.324901580810547,0.00011907395302622914,0.4734373148575154,0.0004734373148575154
169,blocks.1.ln2.bias,0.0012288852594792843,0.11801119148731232,0.010413294230666179,0.4734373148575154,0.0004734373148575154
169,blocks.1.mlp.fc.weight,0.05265269801020622,19.880813598632812,0.0026484176690748946,0.4734373148575154,0.0004734373148575154
169,blocks.1.mlp.proj.weight,0.04397009313106537,11.131214141845703,0.003950161462240146,0.4734373148575154,0.0004734373148575154
169,final_norm.weight,0.0021563617046922445,16.49446678161621,0.00013073242883458782,0.4734373148575154,0.0004734373148575154
169,final_norm.bias,0.0011152451625093818,0.18570490181446075,0.006005469708158951,0.4734373148575154,0.0004734373148575154
169,lm_head.weight,0.006439764518290758,3.64839768409729,0.0017650939058422193,0.4734373148575154,0.0004734373148575154
170,token_embedding.weight,0.01170271821320057,85.46281433105469,0.0001369334523418334,0.4687033246271206,0.0004687033246271206
170,position_embedding.weight,0.012037339620292187,89.44783020019531,0.00013457385822943942,0.4687033246271206,0.0004687033246271206
170,blocks.0.ln1.weight,0.0024603605270385742,16.373689651489258,0.00015026304879393166,0.4687033246271206,0.0004687033246271206
170,blocks.0.ln1.bias,0.0016282422002404928,0.1577853411436081,0.010319350254141994,0.4687033246271206,0.0004687033246271206
170,blocks.0.attn.qkv.weight,0.06320589035749435,17.852548599243164,0.00354044073909819,0.4687033246271206,0.0004687033246271206
170,blocks.0.attn.proj.weight,0.03466145694255829,10.263352394104004,0.003377206161455287,0.4687033246271206,0.0004687033246271206
170,blocks.0.ln2.weight,0.0021322406828403473,16.127248764038086,0.00013221354206396736,0.4687033246271206,0.0004687033246271206
170,blocks.0.ln2.bias,0.001219971221871674,0.12936776876449585,0.00943025634215821,0.4687033246271206,0.0004687033246271206
170,blocks.0.mlp.fc.weight,0.06480438262224197,19.7039852142334,0.0032888972417329317,0.4687033246271206,0.0004687033246271206
170,blocks.0.mlp.proj.weight,0.06044309213757515,11.212922096252441,0.005390485336357676,0.4687033246271206,0.0004687033246271206
170,blocks.1.ln1.weight,0.0021147471852600574,16.40860939025879,0.0001288803417135019,0.4687033246271206,0.0004687033246271206
170,blocks.1.ln1.bias,0.001938334433361888,0.1825258731842041,0.010619505057209681,0.4687033246271206,0.0004687033246271206
170,blocks.1.attn.qkv.weight,0.058127351105213165,17.773271560668945,0.0032704924868104655,0.4687033246271206,0.0004687033246271206
170,blocks.1.attn.proj.weight,0.030139585956931114,10.261540412902832,0.0029371405017350753,0.4687033246271206,0.0004687033246271206
170,blocks.1.ln2.weight,0.0017677417490631342,16.325763702392578,0.00010827926835691977,0.4687033246271206,0.0004687033246271206
170,blocks.1.ln2.bias,0.001273704576306045,0.11819511651992798,0.010776287665662727,0.4687033246271206,0.0004687033246271206
170,blocks.1.mlp.fc.weight,0.05087212100625038,19.88438606262207,0.0025583953583498036,0.4687033246271206,0.0004687033246271206
170,blocks.1.mlp.proj.weight,0.044177327305078506,11.1353759765625,0.003967295527161187,0.4687033246271206,0.0004687033246271206
170,final_norm.weight,0.0021496317349374294,16.49636459350586,0.00013030942197916426,0.4687033246271206,0.0004687033246271206
170,final_norm.bias,0.0011001889361068606,0.18592754006385803,0.005917299479803133,0.4687033246271206,0.0004687033246271206
170,lm_head.weight,0.006914133206009865,3.650329113006592,0.0018941122819233,0.4687033246271206,0.0004687033246271206
171,token_embedding.weight,0.010966019704937935,85.46337127685547,0.0001283125102731296,0.4639786170843826,0.0004639786170843826
171,position_embedding.weight,0.011665252968668938,89.44688415527344,0.0001304154200432377,0.4639786170843826,0.0004639786170843826
171,blocks.0.ln1.weight,0.0023653770331293344,16.374025344848633,0.00014445910417949562,0.4639786170843826,0.0004639786170843826
171,blocks.0.ln1.bias,0.0013854772550985217,0.15812575817108154,0.008761869483596503,0.4639786170843826,0.0004639786170843826
171,blocks.0.attn.qkv.weight,0.06073031201958656,17.85564613342285,0.0034011825484100487,0.4639786170843826,0.0004639786170843826
171,blocks.0.attn.proj.weight,0.033887796103954315,10.265509605407715,0.003301131400831717,0.4639786170843826,0.0004639786170843826
171,blocks.0.ln2.weight,0.0020250920206308365,16.126846313476562,0.00012557272397011824,0.4639786170843826,0.0004639786170843826
171,blocks.0.ln2.bias,0.0012014139210805297,0.12960006296634674,0.009270164640145512,0.4639786170843826,0.0004639786170843826
171,blocks.0.mlp.fc.weight,0.0625157430768013,19.70561981201172,0.0031724829603528206,0.4639786170843826,0.0004639786170843826
171,blocks.0.mlp.proj.weight,0.05758412927389145,11.216296195983887,0.005133970097411026,0.4639786170843826,0.0004639786170843826
171,blocks.1.ln1.weight,0.002068375935778022,16.40827751159668,0.00012605685967439635,0.4639786170843826,0.0004639786170843826
171,blocks.1.ln1.bias,0.001710165641270578,0.18309156596660614,0.009340493824675422,0.4639786170843826,0.0004639786170843826
171,blocks.1.attn.qkv.weight,0.05537892132997513,17.77532196044922,0.003115494698390964,0.4639786170843826,0.0004639786170843826
171,blocks.1.attn.proj.weight,0.028767628595232964,10.26254940032959,0.0028031659067391445,0.4639786170843826,0.0004639786170843826
171,blocks.1.ln2.weight,0.0016861793119460344,16.32642936706543,0.00010327912331813256,0.4639786170843826,0.0004639786170843826
171,blocks.1.ln2.bias,0.0010286511387676,0.11829732358455658,0.008695472624312122,0.4639786170843826,0.0004639786170843826
171,blocks.1.mlp.fc.weight,0.04962650686502457,19.8875732421875,0.0024953525631648907,0.4639786170843826,0.0004639786170843826
171,blocks.1.mlp.proj.weight,0.04173741117119789,11.139226913452148,0.003746885802352269,0.4639786170843826,0.0004639786170843826
171,final_norm.weight,0.0021834406070411205,16.49825668334961,0.00013234371660883194,0.4639786170843826,0.0004639786170843826
171,final_norm.bias,0.0009681708179414272,0.18578976392745972,0.005211109576059483,0.4639786170843826,0.0004639786170843826
171,lm_head.weight,0.006665889639407396,3.6525204181671143,0.0018250109174613753,0.4639786170843826,0.0004639786170843826
172,token_embedding.weight,0.010830390267074108,85.46382904052734,0.0001267248424118484,0.45926373170996515,0.00045926373170996514
172,position_embedding.weight,0.012661091983318329,89.44586181640625,0.00014155033811744076,0.45926373170996515,0.00045926373170996514
172,blocks.0.ln1.weight,0.0024955752305686474,16.374399185180664,0.00015240713276533943,0.45926373170996515,0.00045926373170996514
172,blocks.0.ln1.bias,0.0017954615177586675,0.15836530923843384,0.011337467317694522,0.45926373170996515,0.00045926373170996514
172,blocks.0.attn.qkv.weight,0.0679304301738739,17.858688354492188,0.0038037748811929313,0.45926373170996515,0.00045926373170996514
172,blocks.0.attn.proj.weight,0.03482876718044281,10.267827987670898,0.0033920286960650377,0.45926373170996515,0.00045926373170996514
172,blocks.0.ln2.weight,0.0020640543662011623,16.126628875732422,0.00012799044252249475,0.45926373170996515,0.00045926373170996514
172,blocks.0.ln2.bias,0.0017523320857435465,0.12985579669475555,0.013494446380773873,0.45926373170996515,0.00045926373170996514
172,blocks.0.mlp.fc.weight,0.06400296092033386,19.707578659057617,0.003247631889619013,0.45926373170996515,0.00045926373170996514
172,blocks.0.mlp.proj.weight,0.06140384078025818,11.22004508972168,0.005472691088960309,0.45926373170996515,0.00045926373170996514
172,blocks.1.ln1.weight,0.002175445668399334,16.40793800354004,0.00013258495174286043,0.45926373170996515,0.00045926373170996514
172,blocks.1.ln1.bias,0.002003056462854147,0.18365181982517242,0.01090681521560773,0.45926373170996515,0.00045926373170996514
172,blocks.1.attn.qkv.weight,0.06083580479025841,17.7772159576416,0.003422122166666063,0.45926373170996515,0.00045926373170996514
172,blocks.1.attn.proj.weight,0.030422693118453026,10.263483047485352,0.0029641684969610683,0.45926373170996515,0.00045926373170996514
172,blocks.1.ln2.weight,0.001826783991418779,16.327110290527344,0.00011188654690956121,0.45926373170996515,0.00045926373170996514
172,blocks.1.ln2.bias,0.001470398623496294,0.11838087439537048,0.01242091369061028,0.45926373170996515,0.00045926373170996514
172,blocks.1.mlp.fc.weight,0.05313461273908615,19.890666961669922,0.0026713338894807257,0.45926373170996515,0.00045926373170996514
172,blocks.1.mlp.proj.weight,0.0464356392621994,11.143022537231445,0.004167239104744059,0.45926373170996515,0.00045926373170996514
172,final_norm.weight,0.002127423882484436,16.500215530395508,0.00012893309657472778,0.45926373170996515,0.00045926373170996514
172,final_norm.bias,0.0012458108831197023,0.18574771285057068,0.0067070052384182975,0.45926373170996515,0.00045926373170996514
172,lm_head.weight,0.006490371655672789,3.6547019481658936,0.0017758962968042293,0.45926373170996515,0.00045926373170996514
173,token_embedding.weight,0.010376663878560066,85.46417236328125,0.00012141536730095529,0.45455920686300855,0.00045455920686300854
173,position_embedding.weight,0.012348971329629421,89.44482421875,0.00013806244729631446,0.45455920686300855,0.00045455920686300854
173,blocks.0.ln1.weight,0.0023902507964521646,16.37454605102539,0.00014597356097712029,0.45455920686300855,0.00045455920686300854
173,blocks.0.ln1.bias,0.001934229047037661,0.15862897038459778,0.012193416135374937,0.45455920686300855,0.00045455920686300854
173,blocks.0.attn.qkv.weight,0.06549505889415741,17.861351013183594,0.003666859177998986,0.45455920686300855,0.00045455920686300854
173,blocks.0.attn.proj.weight,0.03397633880376816,10.269988059997559,0.003308313369526247,0.45455920686300855,0.00045455920686300854
173,blocks.0.ln2.weight,0.0019446838414296508,16.126298904418945,0.00012059083444724232,0.45455920686300855,0.00045455920686300854
173,blocks.0.ln2.bias,0.001941394293680787,0.13011285662651062,0.01492084905366919,0.45455920686300855,0.00045455920686300854
173,blocks.0.mlp.fc.weight,0.061669595539569855,19.7092227935791,0.00312897145592456,0.45455920686300855,0.00045455920686300854
173,blocks.0.mlp.proj.weight,0.05942222848534584,11.22335147857666,0.005294517292696998,0.45455920686300855,0.00045455920686300854
173,blocks.1.ln1.weight,0.002016267739236355,16.407730102539062,0.00012288523315752366,0.45455920686300855,0.00045455920686300854
173,blocks.1.ln1.bias,0.001930680125951767,0.18426519632339478,0.010477725389621856,0.45455920686300855,0.00045455920686300854
173,blocks.1.attn.qkv.weight,0.05720452591776848,17.779342651367188,0.0032174713677260943,0.45455920686300855,0.00045455920686300854
173,blocks.1.attn.proj.weight,0.030802428722381592,10.26462173461914,0.003000834275119198,0.45455920686300855,0.00045455920686300854
173,blocks.1.ln2.weight,0.001793437055312097,16.327917098999023,0.0001098386918820119,0.45455920686300855,0.00045455920686300854
173,blocks.1.ln2.bias,0.0014990218915045261,0.11847229301929474,0.012652932202871588,0.45455920686300855,0.00045455920686300854
173,blocks.1.mlp.fc.weight,0.053501300513744354,19.8940486907959,0.002689311831155534,0.45455920686300855,0.00045455920686300854
173,blocks.1.mlp.proj.weight,0.04607895016670227,11.147139549255371,0.004133701741428025,0.45455920686300855,0.00045455920686300854
173,final_norm.weight,0.0020775285083800554,16.502046585083008,0.00012589520322030284,0.45455920686300855,0.00045455920686300854
173,final_norm.bias,0.0011897104559466243,0.18578368425369263,0.006403740246186737,0.45455920686300855,0.00045455920686300854
173,lm_head.weight,0.0066378358751535416,3.656742811203003,0.0018152318108934757,0.45455920686300855,0.00045455920686300854
174,token_embedding.weight,0.010082279331982136,85.46452331542969,0.0001179703453650665,0.44986557971965857,0.0004498655797196586
174,position_embedding.weight,0.011738711036741734,89.44378662109375,0.00013124121283538363,0.44986557971965857,0.0004498655797196586
174,blocks.0.ln1.weight,0.0022766245529055595,16.37481117248535,0.0001390321102896649,0.44986557971965857,0.0004498655797196586
174,blocks.0.ln1.bias,0.0019211943726986647,0.15877877175807953,0.012099818832291755,0.44986557971965857,0.0004498655797196586
174,blocks.0.attn.qkv.weight,0.06087464466691017,17.864192962646484,0.003407634747015659,0.44986557971965857,0.0004498655797196586
174,blocks.0.attn.proj.weight,0.03229949623346329,10.272317886352539,0.0031443240552721,0.44986557971965857,0.0004498655797196586
174,blocks.0.ln2.weight,0.0019055050797760487,16.125913619995117,0.00011816416264398343,0.44986557971965857,0.0004498655797196586
174,blocks.0.ln2.bias,0.0021308523137122393,0.13035783171653748,0.01634617794448608,0.44986557971965857,0.0004498655797196586
174,blocks.0.mlp.fc.weight,0.05964590609073639,19.710655212402344,0.003026074245020681,0.44986557971965857,0.0004498655797196586
174,blocks.0.mlp.proj.weight,0.05673521012067795,11.226282119750977,0.005053784460026683,0.44986557971965857,0.0004498655797196586
174,blocks.1.ln1.weight,0.001982211135327816,16.40732192993164,0.00012081259475451482,0.44986557971965857,0.0004498655797196586
174,blocks.1.ln1.bias,0.0018241991056129336,0.184871643781662,0.00986738186715909,0.44986557971965857,0.0004498655797196586
174,blocks.1.attn.qkv.weight,0.054119739681482315,17.781015396118164,0.003043681053968062,0.44986557971965857,0.0004498655797196586
174,blocks.1.attn.proj.weight,0.029043927788734436,10.265252113342285,0.002829343835694176,0.44986557971965857,0.0004498655797196586
174,blocks.1.ln2.weight,0.0017489469610154629,16.32859230041504,0.00010710947574892303,0.44986557971965857,0.0004498655797196586
174,blocks.1.ln2.bias,0.0013129599392414093,0.11836724728345871,0.011092257101207398,0.44986557971965857,0.0004498655797196586
174,blocks.1.mlp.fc.weight,0.050069935619831085,19.897130966186523,0.0025164399684013817,0.44986557971965857,0.0004498655797196586
174,blocks.1.mlp.proj.weight,0.043665483593940735,11.151061058044434,0.0039158142320847855,0.44986557971965857,0.0004498655797196586
174,final_norm.weight,0.002039447659626603,16.503765106201172,0.0001235746901693464,0.44986557971965857,0.0004498655797196586
174,final_norm.bias,0.0011394730536267161,0.1856720745563507,0.0061370190231528525,0.44986557971965857,0.0004498655797196586
174,lm_head.weight,0.006768335122615099,3.65865421295166,0.0018499521213711035,0.44986557971965857,0.0004498655797196586
175,token_embedding.weight,0.010024957358837128,85.46497344970703,0.00011729901682747643,0.4451833862117297,0.00044518338621172973
175,position_embedding.weight,0.011530773714184761,89.44274139404297,0.00012891793715697316,0.4451833862117297,0.00044518338621172973
175,blocks.0.ln1.weight,0.0022223966661840677,16.375089645385742,0.0001357181373849865,0.4451833862117297,0.00044518338621172973
175,blocks.0.ln1.bias,0.0018333415500819683,0.1588737964630127,0.011539609368479135,0.4451833862117297,0.00044518338621172973
175,blocks.0.attn.qkv.weight,0.059679824858903885,17.86699104309082,0.0033402280616231005,0.4451833862117297,0.00044518338621172973
175,blocks.0.attn.proj.weight,0.03220553323626518,10.274518966674805,0.00313450521048431,0.4451833862117297,0.00044518338621172973
175,blocks.0.ln2.weight,0.0018498384160920978,16.12554168701172,0.00011471480784933453,0.4451833862117297,0.00044518338621172973
175,blocks.0.ln2.bias,0.0017928010784089565,0.13072924315929413,0.013713848830370011,0.4451833862117297,0.00044518338621172973
175,blocks.0.mlp.fc.weight,0.05779854208230972,19.71207046508789,0.0029321395834432497,0.4451833862117297,0.00044518338621172973
175,blocks.0.mlp.proj.weight,0.05393684282898903,11.229223251342773,0.004803256790048638,0.4451833862117297,0.00044518338621172973
175,blocks.1.ln1.weight,0.0018709520809352398,16.406848907470703,0.00011403482115832771,0.4451833862117297,0.00044518338621172973
175,blocks.1.ln1.bias,0.0015909479698166251,0.1853661686182022,0.008582731043467323,0.4451833862117297,0.00044518338621172973
175,blocks.1.attn.qkv.weight,0.05281215161085129,17.782445907592773,0.002969903683963887,0.4451833862117297,0.00044518338621172973
175,blocks.1.attn.proj.weight,0.028234025463461876,10.265673637390137,0.002750333437508064,0.4451833862117297,0.00044518338621172973
175,blocks.1.ln2.weight,0.0017549947369843721,16.329282760620117,0.00010747531062519353,0.4451833862117297,0.00044518338621172973
175,blocks.1.ln2.bias,0.0014311945997178555,0.11822821199893951,0.012105356035652368,0.4451833862117297,0.00044518338621172973
175,blocks.1.mlp.fc.weight,0.049507178366184235,19.900253295898438,0.002487766242472174,0.4451833862117297,0.00044518338621172973
175,blocks.1.mlp.proj.weight,0.039923470467329025,11.155028343200684,0.00357896629564908,0.4451833862117297,0.00044518338621172973
175,final_norm.weight,0.0020263076294213533,16.50548553466797,0.00012276570871939472,0.4451833862117297,0.00044518338621172973
175,final_norm.bias,0.0008320424240082502,0.18546262383460999,0.0044863078435995515,0.4451833862117297,0.00044518338621172973
175,lm_head.weight,0.006203330587595701,3.6605799198150635,0.0016946305567636414,0.4451833862117297,0.00044518338621172973
176,token_embedding.weight,0.00926455482840538,85.46531677246094,0.00010840133961090687,0.4405131609655112,0.00044051316096551117
176,position_embedding.weight,0.011371135711669922,89.44173431396484,0.00012713456194570212,0.4405131609655112,0.00044051316096551117
176,blocks.0.ln1.weight,0.0022312419023364782,16.375314712524414,0.00013625642874697306,0.4405131609655112,0.00044051316096551117
176,blocks.0.ln1.bias,0.0019401456229388714,0.15922191739082336,0.012185166808187833,0.4405131609655112,0.00044051316096551117
176,blocks.0.attn.qkv.weight,0.05839170143008232,17.8696231842041,0.003267651523938935,0.4405131609655112,0.00044051316096551117
176,blocks.0.attn.proj.weight,0.031094001606106758,10.27647876739502,0.0030257447429131155,0.4405131609655112,0.00044051316096551117
176,blocks.0.ln2.weight,0.001809575129300356,16.12510108947754,0.00011222100991857255,0.4405131609655112,0.00044051316096551117
176,blocks.0.ln2.bias,0.0018139193998649716,0.13103622198104858,0.01384288536732592,0.4405131609655112,0.00044051316096551117
176,blocks.0.mlp.fc.weight,0.05610102415084839,19.713197708129883,0.0028458611830240524,0.4405131609655112,0.00044051316096551117
176,blocks.0.mlp.proj.weight,0.0516703836619854,11.231744766235352,0.0046003879840032765,0.4405131609655112,0.00044051316096551117
176,blocks.1.ln1.weight,0.0017657415010035038,16.406551361083984,0.00010762417171909146,0.4405131609655112,0.00044051316096551117
176,blocks.1.ln1.bias,0.001504292362369597,0.18573278188705444,0.008099229156413916,0.4405131609655112,0.00044051316096551117
176,blocks.1.attn.qkv.weight,0.05010437220335007,17.784143447875977,0.002817362126559511,0.4405131609655112,0.00044051316096551117
176,blocks.1.attn.proj.weight,0.026839761063456535,10.266602516174316,0.002614278776369276,0.4405131609655112,0.00044051316096551117
176,blocks.1.ln2.weight,0.001689645927399397,16.330026626586914,0.0001034686572187446,0.4405131609655112,0.00044051316096551117
176,blocks.1.ln2.bias,0.0014987883623689413,0.11785992980003357,0.012716691456537739,0.4405131609655112,0.00044051316096551117
176,blocks.1.mlp.fc.weight,0.04739850014448166,19.903539657592773,0.0023814105912762997,0.4405131609655112,0.00044051316096551117
176,blocks.1.mlp.proj.weight,0.03898952901363373,11.159046173095703,0.0034939840205727812,0.4405131609655112,0.00044051316096551117
176,final_norm.weight,0.002061735140159726,16.507219314575195,0.0001248989972732218,0.4405131609655112,0.00044051316096551117
176,final_norm.bias,0.0009882324375212193,0.18534177541732788,0.005331946536557758,0.4405131609655112,0.00044051316096551117
176,lm_head.weight,0.005879851058125496,3.6623926162719727,0.0016054671560880099,0.4405131609655112,0.00044051316096551117
177,token_embedding.weight,0.008853279054164886,85.4655990600586,0.00010358880241327725,0.43585543724072173,0.00043585543724072173
177,position_embedding.weight,0.010604815557599068,89.44070434570312,0.0001185681132005578,0.43585543724072173,0.00043585543724072173
177,blocks.0.ln1.weight,0.00205061468295753,16.375612258911133,0.0001252236954890966,0.43585543724072173,0.00043585543724072173
177,blocks.0.ln1.bias,0.0017968873726204038,0.15946748852729797,0.011268048360224478,0.43585543724072173,0.00043585543724072173
177,blocks.0.attn.qkv.weight,0.053908612579107285,17.872276306152344,0.00301632604910807,0.43585543724072173,0.00043585543724072173
177,blocks.0.attn.proj.weight,0.02953358367085457,10.278482437133789,0.002873340870258596,0.43585543724072173,0.00043585543724072173
177,blocks.0.ln2.weight,0.001719073741696775,16.124719619750977,0.00010661107803642028,0.43585543724072173,0.00043585543724072173
177,blocks.0.ln2.bias,0.001550215412862599,0.13137243688106537,0.011800157244964908,0.43585543724072173,0.00043585543724072173
177,blocks.0.mlp.fc.weight,0.05300581827759743,19.714460372924805,0.0026886771067997986,0.43585543724072173,0.00043585543724072173
177,blocks.0.mlp.proj.weight,0.048560578376054764,11.234329223632812,0.004322516939765056,0.43585543724072173,0.00043585543724072173
177,blocks.1.ln1.weight,0.001604231889359653,16.406269073486328,9.778163957777004e-05,0.43585543724072173,0.00043585543724072173
177,blocks.1.ln1.bias,0.0013787286588922143,0.18620982766151428,0.00740416698838804,0.43585543724072173,0.00043585543724072173
177,blocks.1.attn.qkv.weight,0.04656432941555977,17.785791397094727,0.002618063395433916,0.43585543724072173,0.00043585543724072173
177,blocks.1.attn.proj.weight,0.02674485370516777,10.267579078674316,0.002604786727254336,0.43585543724072173,0.00043585543724072173
177,blocks.1.ln2.weight,0.0016617418732494116,16.330718994140625,0.00010175558552232356,0.43585543724072173,0.00043585543724072173
177,blocks.1.ln2.bias,0.0013105722609907389,0.1173534095287323,0.011167739107389942,0.43585543724072173,0.00043585543724072173
177,blocks.1.mlp.fc.weight,0.04610517621040344,19.906597137451172,0.0023160752132598997,0.43585543724072173,0.00043585543724072173
177,blocks.1.mlp.proj.weight,0.037911199033260345,11.162921905517578,0.003396171661338803,0.43585543724072173,0.00043585543724072173
177,final_norm.weight,0.002106171101331711,16.509014129638672,0.00012757703668993592,0.43585543724072173,0.00043585543724072173
177,final_norm.bias,0.000888185459189117,0.1852843016386032,0.004793635787432914,0.43585543724072173,0.00043585543724072173
177,lm_head.weight,0.0059035844169557095,3.664132833480835,0.0016111818771989879,0.43585543724072173,0.00043585543724072173
178,token_embedding.weight,0.008310051634907722,85.46607971191406,9.723216114415033e-05,0.4312107468696206,0.0004312107468696206
178,position_embedding.weight,0.00980222225189209,89.43964385986328,0.00010959594458191713,0.4312107468696206,0.0004312107468696206
178,blocks.0.ln1.weight,0.001818159595131874,16.375890731811523,0.00011102660764582641,0.4312107468696206,0.0004312107468696206
178,blocks.0.ln1.bias,0.0015811353223398328,0.1598370373249054,0.009892171106224402,0.4312107468696206,0.0004312107468696206
178,blocks.0.attn.qkv.weight,0.04928978532552719,17.874834060668945,0.0027574961064382505,0.4312107468696206,0.0004312107468696206
178,blocks.0.attn.proj.weight,0.02677110582590103,10.280424118041992,0.00260408573795273,0.4312107468696206,0.0004312107468696206
178,blocks.0.ln2.weight,0.0015507948119193316,16.12428092956543,9.617761056716044e-05,0.4312107468696206,0.0004312107468696206
178,blocks.0.ln2.bias,0.0011915370123460889,0.13167867064476013,0.009048823218693807,0.4312107468696206,0.0004312107468696206
178,blocks.0.mlp.fc.weight,0.048454649746418,19.71548080444336,0.002457695565582916,0.4312107468696206,0.0004312107468696206
178,blocks.0.mlp.proj.weight,0.045039210468530655,11.23658561706543,0.004008264788204335,0.4312107468696206,0.0004312107468696206
178,blocks.1.ln1.weight,0.0014465240528807044,16.40595817565918,8.817065345361921e-05,0.4312107468696206,0.0004312107468696206
178,blocks.1.ln1.bias,0.0012757553486153483,0.18668250739574432,0.006833823727812202,0.4312107468696206,0.0004312107468696206
178,blocks.1.attn.qkv.weight,0.043455321341753006,17.787338256835938,0.0024430480105729164,0.4312107468696206,0.0004312107468696206
178,blocks.1.attn.proj.weight,0.024809235706925392,10.268441200256348,0.0024160663944108305,0.4312107468696206,0.0004312107468696206
178,blocks.1.ln2.weight,0.0015937952557578683,16.331384658813477,9.75909446170356e-05,0.4312107468696206,0.0004312107468696206
178,blocks.1.ln2.bias,0.0012914844555780292,0.11690989136695862,0.011046836503450768,0.4312107468696206,0.0004312107468696206
178,blocks.1.mlp.fc.weight,0.04315703734755516,19.909639358520508,0.0021676453586329555,0.4312107468696206,0.0004312107468696206
178,blocks.1.mlp.proj.weight,0.03570089861750603,11.166717529296875,0.0031970808363190302,0.4312107468696206,0.0004312107468696206
178,final_norm.weight,0.002073118695989251,16.5108699798584,0.0001255608395268161,0.4312107468696206,0.0004312107468696206
178,final_norm.bias,0.0008339238702319562,0.18514424562454224,0.004504184655668873,0.4312107468696206,0.0004312107468696206
178,lm_head.weight,0.005667587276548147,3.6660380363464355,0.00154597066925004,0.4312107468696206,0.0004312107468696206
179,token_embedding.weight,0.008980746380984783,85.46659851074219,0.00010507901961087056,0.4265796201962815,0.0004265796201962815
179,position_embedding.weight,0.01028699055314064,89.43852996826172,0.00011501743775072087,0.4265796201962815,0.0004265796201962815
179,blocks.0.ln1.weight,0.0020365221425890923,16.37607192993164,0.00012435962368159123,0.4265796201962815,0.0004265796201962815
179,blocks.0.ln1.bias,0.0021494522225111723,0.1603042632341385,0.013408578032377712,0.4265796201962815,0.0004265796201962815
179,blocks.0.attn.qkv.weight,0.05402429774403572,17.877151489257812,0.003021974601294581,0.4265796201962815,0.0004265796201962815
179,blocks.0.attn.proj.weight,0.028112655505537987,10.282155990600586,0.002734120697180084,0.4265796201962815,0.0004265796201962815
179,blocks.0.ln2.weight,0.0016867320518940687,16.123851776123047,0.00010461098720789258,0.4265796201962815,0.0004265796201962815
179,blocks.0.ln2.bias,0.0012990472605451941,0.13195599615573883,0.009844548928281903,0.4265796201962815,0.0004265796201962815
179,blocks.0.mlp.fc.weight,0.050994422286748886,19.71650505065918,0.002586382432166466,0.4265796201962815,0.0004265796201962815
179,blocks.0.mlp.proj.weight,0.048204775899648666,11.238701820373535,0.004289176514342492,0.4265796201962815,0.0004265796201962815
179,blocks.1.ln1.weight,0.0014725468354299664,16.405702590942383,8.975823054618048e-05,0.4265796201962815,0.0004265796201962815
179,blocks.1.ln1.bias,0.0014108576579019427,0.1870945543050766,0.007540880402076565,0.4265796201962815,0.0004265796201962815
179,blocks.1.attn.qkv.weight,0.045275092124938965,17.788856506347656,0.0025451378568814003,0.4265796201962815,0.0004265796201962815
179,blocks.1.attn.proj.weight,0.025889500975608826,10.269392967224121,0.0025210351827255465,0.4265796201962815,0.0004265796201962815
179,blocks.1.ln2.weight,0.0016266892198473215,16.332040786743164,9.960109952502797e-05,0.4265796201962815,0.0004265796201962815
179,blocks.1.ln2.bias,0.0016177782090380788,0.11657372117042542,0.013877726410217991,0.4265796201962815,0.0004265796201962815
179,blocks.1.mlp.fc.weight,0.04537945240736008,19.91255760192871,0.0022789364035769263,0.4265796201962815,0.0004265796201962815
179,blocks.1.mlp.proj.weight,0.038397401571273804,11.17053508758545,0.003437382477222951,0.4265796201962815,0.0004265796201962815
179,final_norm.weight,0.002169935265555978,16.512712478637695,0.00013140998296694542,0.4265796201962815,0.0004265796201962815
179,final_norm.bias,0.0010323392925783992,0.18493755161762238,0.005582096678273788,0.4265796201962815,0.0004265796201962815
179,lm_head.weight,0.0055357166565954685,3.6679556369781494,0.0015092103625207877,0.4265796201962815,0.0004265796201962815
180,token_embedding.weight,0.008172323927283287,85.46713256835938,9.561949350233207e-05,0.4219625860160354,0.00042196258601603546
180,position_embedding.weight,0.009636915288865566,89.43728637695312,0.00010775053313053975,0.4219625860160354,0.00042196258601603546
180,blocks.0.ln1.weight,0.0018966819625347853,16.376405715942383,0.00011581796368712674,0.4219625860160354,0.00042196258601603546
180,blocks.0.ln1.bias,0.0020102974958717823,0.16101524233818054,0.012485137845751686,0.4219625860160354,0.00042196258601603546
180,blocks.0.attn.qkv.weight,0.05075359344482422,17.8796329498291,0.0028386261388719672,0.4219625860160354,0.00042196258601603546
180,blocks.0.attn.proj.weight,0.026745721697807312,10.284056663513184,0.0026006976208810565,0.4219625860160354,0.00042196258601603546
180,blocks.0.ln2.weight,0.0016866569640114903,16.123414993286133,0.00010460916404581274,0.4219625860160354,0.00042196258601603546
180,blocks.0.ln2.bias,0.0012947996146976948,0.13207638263702393,0.00980341518170055,0.4219625860160354,0.00042196258601603546
180,blocks.0.mlp.fc.weight,0.0495196133852005,19.71744728088379,0.0025114616856720404,0.4219625860160354,0.00042196258601603546
180,blocks.0.mlp.proj.weight,0.04608176276087761,11.240659713745117,0.0040995603402640655,0.4219625860160354,0.00042196258601603546
180,blocks.1.ln1.weight,0.0013817159924656153,16.4055118560791,8.422266885586584e-05,0.4219625860160354,0.00042196258601603546
180,blocks.1.ln1.bias,0.0011488323798403144,0.18731741607189178,0.00613307830059573,0.4219625860160354,0.00042196258601603546
180,blocks.1.attn.qkv.weight,0.043149400502443314,17.790489196777344,0.0024254195612708157,0.4219625860160354,0.00042196258601603546
180,blocks.1.attn.proj.weight,0.025463521480560303,10.2706298828125,0.002479256070084858,0.4219625860160354,0.00042196258601603546
180,blocks.1.ln2.weight,0.0017218932043761015,16.332679748535156,0.00010542625159416533,0.4219625860160354,0.00042196258601603546
180,blocks.1.ln2.bias,0.0013372238026931882,0.11626701802015305,0.011501316757344721,0.4219625860160354,0.00042196258601603546
180,blocks.1.mlp.fc.weight,0.044427018612623215,19.915407180786133,0.002230786355976845,0.4219625860160354,0.00042196258601603546
180,blocks.1.mlp.proj.weight,0.03679322451353073,11.174150466918945,0.003292708883995586,0.4219625860160354,0.00042196258601603546
180,final_norm.weight,0.0021507202181965113,16.514644622802734,0.00013023109290688316,0.4219625860160354,0.00042196258601603546
180,final_norm.bias,0.0009518301812931895,0.1847977489233017,0.00515065896004548,0.4219625860160354,0.00042196258601603546
180,lm_head.weight,0.005348741542547941,3.669884443283081,0.0014574686547245874,0.4219625860160354,0.00042196258601603546
181,token_embedding.weight,0.008169434033334255,85.46751403808594,9.558525394448359e-05,0.4173601715150931,0.00041736017151509306
181,position_embedding.weight,0.009154990315437317,89.43610382080078,0.00010236347430541775,0.4173601715150931,0.00041736017151509306
181,blocks.0.ln1.weight,0.0017605710308998823,16.376760482788086,0.00010750423032382556,0.4173601715150931,0.00041736017151509306
181,blocks.0.ln1.bias,0.001779827754944563,0.16171897947788239,0.011005682577764329,0.4173601715150931,0.00041736017151509306
181,blocks.0.attn.qkv.weight,0.047028061002492905,17.88204002380371,0.0026299046943127737,0.4173601715150931,0.00041736017151509306
181,blocks.0.attn.proj.weight,0.025317441672086716,10.2859468460083,0.002461362288869816,0.4173601715150931,0.00041736017151509306
181,blocks.0.ln2.weight,0.0016058551846072078,16.123008728027344,9.960021802975141e-05,0.4173601715150931,0.00041736017151509306
181,blocks.0.ln2.bias,0.0010683524888008833,0.1321791410446167,0.008082610314680296,0.4173601715150931,0.00041736017151509306
181,blocks.0.mlp.fc.weight,0.04662102833390236,19.71841049194336,0.002364340084762341,0.4173601715150931,0.00041736017151509306
181,blocks.0.mlp.proj.weight,0.042632970958948135,11.242694854736328,0.0037920597783532213,0.4173601715150931,0.00041736017151509306
181,blocks.1.ln1.weight,0.0013270785566419363,16.405378341674805,8.089289554942235e-05,0.4173601715150931,0.00041736017151509306
181,blocks.1.ln1.bias,0.0009577300515957177,0.18734323978424072,0.005112167659177898,0.4173601715150931,0.00041736017151509306
181,blocks.1.attn.qkv.weight,0.04007241874933243,17.792062759399414,0.0022522637926375468,0.4173601715150931,0.00041736017151509306
181,blocks.1.attn.proj.weight,0.023680059239268303,10.271893501281738,0.0023053256185250727,0.4173601715150931,0.00041736017151509306
181,blocks.1.ln2.weight,0.001565458020195365,16.333364486694336,9.584418577510713e-05,0.4173601715150931,0.00041736017151509306
181,blocks.1.ln2.bias,0.0012012304505333304,0.11621647328138351,0.01033614612977089,0.4173601715150931,0.00041736017151509306
181,blocks.1.mlp.fc.weight,0.04228093847632408,19.918285369873047,0.0021227197869287005,0.4173601715150931,0.00041736017151509306
181,blocks.1.mlp.proj.weight,0.03568447753787041,11.177804946899414,0.0031924405290115255,0.4173601715150931,0.00041736017151509306
181,final_norm.weight,0.002120239194482565,16.51658058166504,0.00012837034784524964,0.4173601715150931,0.00041736017151509306
181,final_norm.bias,0.0008587041520513594,0.1848154366016388,0.004646279379236111,0.4173601715150931,0.00041736017151509306
181,lm_head.weight,0.005551873706281185,3.6717519760131836,0.001512050308013435,0.4173601715150931,0.00041736017151509306
182,token_embedding.weight,0.007686602417379618,85.46794128417969,8.993550449310209e-05,0.4127729022103478,0.0004127729022103478
182,position_embedding.weight,0.008883927948772907,89.43490600585938,9.933401113197092e-05,0.4127729022103478,0.0004127729022103478
182,blocks.0.ln1.weight,0.0016163905384019017,16.37712860107422,9.869804272623101e-05,0.4127729022103478,0.0004127729022103478
182,blocks.0.ln1.bias,0.0017111280467361212,0.162408247590065,0.010535967674773803,0.4127729022103478,0.0004127729022103478
182,blocks.0.attn.qkv.weight,0.04544570669531822,17.884380340576172,0.0025410836623848934,0.4127729022103478,0.0004127729022103478
182,blocks.0.attn.proj.weight,0.02349383570253849,10.287748336791992,0.002283671308182704,0.4127729022103478,0.0004127729022103478
182,blocks.0.ln2.weight,0.001600699732080102,16.12255096435547,9.9283279402801e-05,0.4127729022103478,0.0004127729022103478
182,blocks.0.ln2.bias,0.0011639674194157124,0.13227324187755585,0.008799719451076785,0.4127729022103478,0.0004127729022103478
182,blocks.0.mlp.fc.weight,0.04519214481115341,19.719158172607422,0.0022917887475505483,0.4127729022103478,0.0004127729022103478
182,blocks.0.mlp.proj.weight,0.041498925536870956,11.244572639465332,0.003690573832145256,0.4127729022103478,0.0004127729022103478
182,blocks.1.ln1.weight,0.0013034740695729852,16.40534019470215,7.945425416986127e-05,0.4127729022103478,0.0004127729022103478
182,blocks.1.ln1.bias,0.0008837719797156751,0.18739838898181915,0.004716006282192213,0.4127729022103478,0.0004127729022103478
182,blocks.1.attn.qkv.weight,0.037944670766592026,17.79376792907715,0.002132469689265968,0.4127729022103478,0.0004127729022103478
182,blocks.1.attn.proj.weight,0.022202571853995323,10.2732515335083,0.0021612020090791073,0.4127729022103478,0.0004127729022103478
182,blocks.1.ln2.weight,0.0016119792126119137,16.333967208862305,9.868877487014944e-05,0.4127729022103478,0.0004127729022103478
182,blocks.1.ln2.bias,0.0011814229656010866,0.11628418415784836,0.010159790638314325,0.4127729022103478,0.0004127729022103478
182,blocks.1.mlp.fc.weight,0.04059576988220215,19.920907974243164,0.002037847367935669,0.4127729022103478,0.0004127729022103478
182,blocks.1.mlp.proj.weight,0.03362789750099182,11.181234359741211,0.00300752997558734,0.4127729022103478,0.0004127729022103478
182,final_norm.weight,0.002158520743250847,16.51848793029785,0.0001306730223952039,0.4127729022103478,0.0004127729022103478
182,final_norm.bias,0.0007956246845424175,0.184712752699852,0.004307361960172594,0.4127729022103478,0.0004127729022103478
182,lm_head.weight,0.005227480083703995,3.6737277507781982,0.0014229361668390494,0.4127729022103478,0.0004127729022103478
183,token_embedding.weight,0.007875584065914154,85.46846008300781,9.2146085915965e-05,0.40820130188937076,0.0004082013018893708
183,position_embedding.weight,0.009932699613273144,89.43363952636719,0.000111062231905978,0.40820130188937076,0.0004082013018893708
183,blocks.0.ln1.weight,0.0017745333025231957,16.37747573852539,0.00010835206419196714,0.40820130188937076,0.0004082013018893708
183,blocks.0.ln1.bias,0.0018887545447796583,0.163121297955513,0.01157883469811028,0.40820130188937076,0.0004082013018893708
183,blocks.0.attn.qkv.weight,0.05143900215625763,17.886608123779297,0.0028758388287083527,0.40820130188937076,0.0004082013018893708
183,blocks.0.attn.proj.weight,0.026393776759505272,10.289430618286133,0.002565134820249073,0.40820130188937076,0.0004082013018893708
183,blocks.0.ln2.weight,0.001801134436391294,16.122209548950195,0.00011171759248771606,0.40820130188937076,0.0004082013018893708
183,blocks.0.ln2.bias,0.0018425113521516323,0.13239437341690063,0.013916840305107044,0.40820130188937076,0.0004082013018893708
183,blocks.0.mlp.fc.weight,0.05339200049638748,19.720073699951172,0.002707494977390322,0.40820130188937076,0.0004082013018893708
183,blocks.0.mlp.proj.weight,0.049701716750860214,11.246646881103516,0.004419247556741915,0.40820130188937076,0.0004082013018893708
183,blocks.1.ln1.weight,0.001512164599262178,16.405162811279297,9.217614092939107e-05,0.40820130188937076,0.0004082013018893708
183,blocks.1.ln1.bias,0.0011915016220882535,0.18727627396583557,0.006362266809618684,0.40820130188937076,0.0004082013018893708
183,blocks.1.attn.qkv.weight,0.04412608966231346,17.79511260986328,0.0024796746516711145,0.40820130188937076,0.0004082013018893708
183,blocks.1.attn.proj.weight,0.024450983852148056,10.274169921875,0.002379850054853235,0.40820130188937076,0.0004082013018893708
183,blocks.1.ln2.weight,0.0017180851427838206,16.334749221801758,0.00010517976856911962,0.40820130188937076,0.0004082013018893708
183,blocks.1.ln2.bias,0.0011550863273441792,0.11647606641054153,0.009916941419217798,0.40820130188937076,0.0004082013018893708
183,blocks.1.mlp.fc.weight,0.04260878264904022,19.923927307128906,0.002138573484645891,0.40820130188937076,0.0004082013018893708
183,blocks.1.mlp.proj.weight,0.03484966605901718,11.18519115447998,0.003115696958389111,0.40820130188937076,0.0004082013018893708
183,final_norm.weight,0.0020352927967906,16.52045249938965,0.00012319836862008902,0.40820130188937076,0.0004082013018893708
183,final_norm.bias,0.0007693411316722631,0.184676393866539,0.004165887775695256,0.40820130188937076,0.0004082013018893708
183,lm_head.weight,0.005044954363256693,3.675767183303833,0.0013724901800556482,0.40820130188937076,0.0004082013018893708
184,token_embedding.weight,0.007649894803762436,85.46875,8.950516772226512e-05,0.4036458925506039,0.0004036458925506039
184,position_embedding.weight,0.00946435984224081,89.43258666992188,0.00010582674833248199,0.4036458925506039,0.0004036458925506039
184,blocks.0.ln1.weight,0.0016966802068054676,16.37772560119629,0.00010359681485208376,0.4036458925506039,0.0004036458925506039
184,blocks.0.ln1.bias,0.0016804140759631991,0.16377374529838562,0.010260582811312815,0.4036458925506039,0.0004036458925506039
184,blocks.0.attn.qkv.weight,0.04878188669681549,17.88866424560547,0.0027269720101542254,0.4036458925506039,0.0004036458925506039
184,blocks.0.attn.proj.weight,0.025493955239653587,10.29098892211914,0.0024773085883763,0.4036458925506039,0.0004036458925506039
184,blocks.0.ln2.weight,0.0017645223997533321,16.121923446655273,0.0001094486278632776,0.4036458925506039,0.0004036458925506039
184,blocks.0.ln2.bias,0.0015965212369337678,0.13244687020778656,0.012054050310264365,0.4036458925506039,0.0004036458925506039
184,blocks.0.mlp.fc.weight,0.05164971575140953,19.7210636138916,0.0026190126842359877,0.4036458925506039,0.0004036458925506039
184,blocks.0.mlp.proj.weight,0.04784615710377693,11.248784065246582,0.004253451468732043,0.4036458925506039,0.0004036458925506039
184,blocks.1.ln1.weight,0.0015386025188490748,16.405004501342773,9.378860692924798e-05,0.4036458925506039,0.0004036458925506039
184,blocks.1.ln1.bias,0.0012055807746946812,0.18697327375411987,0.006447877552134206,0.4036458925506039,0.0004036458925506039
184,blocks.1.attn.qkv.weight,0.04428842291235924,17.796348571777344,0.0024886241542038763,0.4036458925506039,0.0004036458925506039
184,blocks.1.attn.proj.weight,0.023943424224853516,10.275203704833984,0.002330214068027378,0.4036458925506039,0.0004036458925506039
184,blocks.1.ln2.weight,0.001701262197457254,16.3355655670166,0.00010414467686948013,0.4036458925506039,0.0004036458925506039
184,blocks.1.ln2.bias,0.001108165131881833,0.11663315445184708,0.009501287494799315,0.4036458925506039,0.0004036458925506039
184,blocks.1.mlp.fc.weight,0.04211962968111038,19.92700958251953,0.0021136954597571257,0.4036458925506039,0.0004036458925506039
184,blocks.1.mlp.proj.weight,0.03512312099337578,11.189102172851562,0.003139047302525565,0.4036458925506039,0.0004036458925506039
184,final_norm.weight,0.0020145641174167395,16.52231216430664,0.00012192991497695498,0.4036458925506039,0.0004036458925506039
184,final_norm.bias,0.000780349422711879,0.18482139706611633,0.004222181171092986,0.4036458925506039,0.0004036458925506039
184,lm_head.weight,0.0049388655461370945,3.677640199661255,0.001342944191927929,0.4036458925506039,0.0004036458925506039
185,token_embedding.weight,0.00792731810361147,85.46905517578125,9.275073987079342e-05,0.3991071943437561,0.0003991071943437561
185,position_embedding.weight,0.009205994196236134,89.4315185546875,0.00010293903474988577,0.3991071943437561,0.0003991071943437561
185,blocks.0.ln1.weight,0.0016381721943616867,16.377927780151367,0.00010002316632186581,0.3991071943437561,0.0003991071943437561
185,blocks.0.ln1.bias,0.0015115774003788829,0.16432732343673706,0.00919857616345594,0.3991071943437561,0.0003991071943437561
185,blocks.0.attn.qkv.weight,0.046608250588178635,17.890567779541016,0.002605185657745054,0.3991071943437561,0.0003991071943437561
185,blocks.0.attn.proj.weight,0.02467675879597664,10.292548179626465,0.002397536388979022,0.3991071943437561,0.0003991071943437561
185,blocks.0.ln2.weight,0.0016468947287648916,16.121631622314453,0.0001021543456237563,0.3991071943437561,0.0003991071943437561
185,blocks.0.ln2.bias,0.001182829262688756,0.13248370587825775,0.008928111233292011,0.3991071943437561,0.0003991071943437561
185,blocks.0.mlp.fc.weight,0.049519095569849014,19.72191047668457,0.002510867069820059,0.3991071943437561,0.0003991071943437561
185,blocks.0.mlp.proj.weight,0.04588397964835167,11.250812530517578,0.0040782814151323135,0.3991071943437561,0.0003991071943437561
185,blocks.1.ln1.weight,0.001485165092162788,16.40471649169922,9.053281066540776e-05,0.3991071943437561,0.0003991071943437561
185,blocks.1.ln1.bias,0.0010652497876435518,0.18665193021297455,0.005707145843187198,0.3991071943437561,0.0003991071943437561
185,blocks.1.attn.qkv.weight,0.042474210262298584,17.797332763671875,0.0023865491996078792,0.3991071943437561,0.0003991071943437561
185,blocks.1.attn.proj.weight,0.02238117717206478,10.276047706604004,0.002177994673738145,0.3991071943437561,0.0003991071943437561
185,blocks.1.ln2.weight,0.0016273190267384052,16.33637046813965,9.96132543585504e-05,0.3991071943437561,0.0003991071943437561
185,blocks.1.ln2.bias,0.0012054453836753964,0.11680162698030472,0.01032045027821693,0.3991071943437561,0.0003991071943437561
185,blocks.1.mlp.fc.weight,0.03977583348751068,19.93006134033203,0.0019957707509417042,0.3991071943437561,0.0003991071943437561
185,blocks.1.mlp.proj.weight,0.03329848498106003,11.19300651550293,0.0029749366209102816,0.3991071943437561,0.0003991071943437561
185,final_norm.weight,0.0020052739419043064,16.524137496948242,0.00012135422755193903,0.3991071943437561,0.0003991071943437561
185,final_norm.bias,0.0008025187999010086,0.18494080007076263,0.0043393280422146276,0.3991071943437561,0.0003991071943437561
185,lm_head.weight,0.004897890612483025,3.679431676864624,0.0013311541136307664,0.3991071943437561,0.0003991071943437561
186,token_embedding.weight,0.007415625266730785,85.4692611694336,8.676365239697138e-05,0.3945857255104116,0.0003945857255104116
186,position_embedding.weight,0.008857592940330505,89.43047332763672,9.904446002292535e-05,0.3945857255104116,0.0003945857255104116
186,blocks.0.ln1.weight,0.0016453032149001956,16.378210067749023,0.00010045683918415031,0.3945857255104116,0.0003945857255104116
186,blocks.0.ln1.bias,0.001280281227082014,0.1646725982427597,0.007774707150650855,0.3945857255104116,0.0003945857255104116
186,blocks.0.attn.qkv.weight,0.04489237815141678,17.892597198486328,0.002508991716150189,0.3945857255104116,0.0003945857255104116
186,blocks.0.attn.proj.weight,0.02418668195605278,10.293994903564453,0.002349591405730677,0.3945857255104116,0.0003945857255104116
186,blocks.0.ln2.weight,0.0015291518066078424,16.12143325805664,9.485210043862312e-05,0.3945857255104116,0.0003945857255104116
186,blocks.0.ln2.bias,0.0011342662619426847,0.13258323073387146,0.008555126132134256,0.3945857255104116,0.0003945857255104116
186,blocks.0.mlp.fc.weight,0.04738490283489227,19.722976684570312,0.002402522884487312,0.3945857255104116,0.0003945857255104116
186,blocks.0.mlp.proj.weight,0.04424608498811722,11.25303840637207,0.0039319233961788306,0.3945857255104116,0.0003945857255104116
186,blocks.1.ln1.weight,0.0014289552345871925,16.40446662902832,8.710769249019749e-05,0.3945857255104116,0.0003945857255104116
186,blocks.1.ln1.bias,0.0009843157604336739,0.18651019036769867,0.005277544130365479,0.3945857255104116,0.0003945857255104116
186,blocks.1.attn.qkv.weight,0.04064547270536423,17.798301696777344,0.002283671408532278,0.3945857255104116,0.0003945857255104116
186,blocks.1.attn.proj.weight,0.02175401896238327,10.276876449584961,0.0021167928863501813,0.3945857255104116,0.0003945857255104116
186,blocks.1.ln2.weight,0.0015667768893763423,16.337173461914062,9.590256803166018e-05,0.3945857255104116,0.0003945857255104116
186,blocks.1.ln2.bias,0.0010295429965481162,0.11697584390640259,0.008801329934093884,0.3945857255104116,0.0003945857255104116
186,blocks.1.mlp.fc.weight,0.038619738072156906,19.933067321777344,0.0019374709094551646,0.3945857255104116,0.0003945857255104116
186,blocks.1.mlp.proj.weight,0.03176593407988548,11.196863174438477,0.002837038694230155,0.3945857255104116,0.0003945857255104116
186,final_norm.weight,0.001981817651540041,16.525983810424805,0.0001199213114495347,0.3945857255104116,0.0003945857255104116
186,final_norm.bias,0.0005956068634986877,0.18510638177394867,0.0032176462949982097,0.3945857255104116,0.0003945857255104116
186,lm_head.weight,0.004687334876507521,3.6812992095947266,0.0012732827758986413,0.3945857255104116,0.0003945857255104116
187,token_embedding.weight,0.006914051715284586,85.4693603515625,8.089509137362003e-05,0.3900820023248551,0.00039008200232485514
187,position_embedding.weight,0.008523502387106419,89.42945098876953,9.530979216429158e-05,0.3900820023248551,0.00039008200232485514
187,blocks.0.ln1.weight,0.0015893633244559169,16.37873077392578,9.703824712632902e-05,0.3900820023248551,0.00039008200232485514
187,blocks.0.ln1.bias,0.0011098411632701755,0.16494178771972656,0.006728683971519201,0.3900820023248551,0.00039008200232485514
187,blocks.0.attn.qkv.weight,0.04252883791923523,17.89494514465332,0.0023765838663070554,0.3900820023248551,0.00039008200232485514
187,blocks.0.attn.proj.weight,0.02395080029964447,10.295807838439941,0.002326267222103793,0.3900820023248551,0.00039008200232485514
187,blocks.0.ln2.weight,0.0014913035556674004,16.12126350402832,9.250537684559692e-05,0.3900820023248551,0.00039008200232485514
187,blocks.0.ln2.bias,0.0012562267947942019,0.1327981799840927,0.009459668761538899,0.3900820023248551,0.00039008200232485514
187,blocks.0.mlp.fc.weight,0.046191971749067307,19.724042892456055,0.0023419119498433168,0.3900820023248551,0.00039008200232485514
187,blocks.0.mlp.proj.weight,0.04323636740446091,11.255148887634277,0.0038414744963489265,0.3900820023248551,0.00039008200232485514
187,blocks.1.ln1.weight,0.0012984491186216474,16.404245376586914,7.915323678800794e-05,0.3900820023248551,0.00039008200232485514
187,blocks.1.ln1.bias,0.0009385301964357495,0.18639998137950897,0.005035033745630446,0.3900820023248551,0.00039008200232485514
187,blocks.1.attn.qkv.weight,0.038349855691194534,17.799352645874023,0.002154564632443645,0.3900820023248551,0.00039008200232485514
187,blocks.1.attn.proj.weight,0.02187817543745041,10.277763366699219,0.0021286903246221186,0.3900820023248551,0.00039008200232485514
187,blocks.1.ln2.weight,0.001617040135897696,16.33793830871582,9.897455268483617e-05,0.3900820023248551,0.00039008200232485514
187,blocks.1.ln2.bias,0.0008700349135324359,0.11701586842536926,0.007435187425711361,0.3900820023248551,0.00039008200232485514
187,blocks.1.mlp.fc.weight,0.038864586502313614,19.93602752685547,0.0019494649297588436,0.3900820023248551,0.00039008200232485514
187,blocks.1.mlp.proj.weight,0.03171710669994354,11.200630187988281,0.002831725194708651,0.3900820023248551,0.00039008200232485514
187,final_norm.weight,0.001969060394912958,16.527816772460938,0.00011913614617229645,0.3900820023248551,0.00039008200232485514
187,final_norm.bias,0.0006408339249901474,0.18518559634685516,0.0034604955116832956,0.3900820023248551,0.00039008200232485514
187,lm_head.weight,0.004529624246060848,3.683119535446167,0.0012298336240425351,0.3900820023248551,0.00039008200232485514
188,token_embedding.weight,0.007304205559194088,85.46942138671875,8.545986904655723e-05,0.38559653903512225,0.00038559653903512224
188,position_embedding.weight,0.008325991220772266,89.4283218383789,9.310239809508541e-05,0.38559653903512225,0.00038559653903512224
188,blocks.0.ln1.weight,0.0015369085595011711,16.379318237304688,9.383226684006261e-05,0.38559653903512225,0.00038559653903512224
188,blocks.0.ln1.bias,0.001061560120433569,0.16520433127880096,0.006425740246698741,0.38559653903512225,0.00038559653903512224
188,blocks.0.attn.qkv.weight,0.04122459515929222,17.897327423095703,0.002303393919367616,0.38559653903512225,0.00038559653903512224
188,blocks.0.attn.proj.weight,0.023077342659235,10.297667503356934,0.0022410261985745593,0.38559653903512225,0.00038559653903512224
188,blocks.0.ln2.weight,0.0013879495672881603,16.121057510375977,8.609544171619946e-05,0.38559653903512225,0.00038559653903512224
188,blocks.0.ln2.bias,0.0009744877461344004,0.13299329578876495,0.007327344888684201,0.38559653903512225,0.00038559653903512224
188,blocks.0.mlp.fc.weight,0.04338598996400833,19.724973678588867,0.0021995461525558795,0.38559653903512225,0.00038559653903512224
188,blocks.0.mlp.proj.weight,0.04061762988567352,11.257087707519531,0.0036081827681362093,0.38559653903512225,0.00038559653903512224
188,blocks.1.ln1.weight,0.0013063957449048758,16.404220581054688,7.963778214574601e-05,0.38559653903512225,0.00038559653903512224
188,blocks.1.ln1.bias,0.0009361234260722995,0.18639451265335083,0.00502226923283006,0.38559653903512225,0.00038559653903512224
188,blocks.1.attn.qkv.weight,0.03698476403951645,17.80072593688965,0.002077710997328954,0.38559653903512225,0.00038559653903512224
188,blocks.1.attn.proj.weight,0.021127594634890556,10.278951644897461,0.0020554230980721054,0.38559653903512225,0.00038559653903512224
188,blocks.1.ln2.weight,0.0014309956459328532,16.338647842407227,8.758348057533826e-05,0.38559653903512225,0.00038559653903512224
188,blocks.1.ln2.bias,0.0007793611730448902,0.11692645400762558,0.00666539646355304,0.38559653903512225,0.00038559653903512224
188,blocks.1.mlp.fc.weight,0.03727709501981735,19.93878173828125,0.0018695773648118995,0.38559653903512225,0.00038559653903512224
188,blocks.1.mlp.proj.weight,0.03115936927497387,11.20421028137207,0.002781041099056854,0.38559653903512225,0.00038559653903512224
188,final_norm.weight,0.001914968597702682,16.52960968017578,0.00011585080560003895,0.38559653903512225,0.00038559653903512224
188,final_norm.bias,0.0006070048548281193,0.18525446951389313,0.0032766003239631442,0.38559653903512225,0.00038559653903512224
188,lm_head.weight,0.0047834934666752815,3.684856414794922,0.0012981492161995695,0.38559653903512225,0.00038559653903512224
189,token_embedding.weight,0.008666425943374634,85.4696044921875,0.00010139775414740222,0.3811298478042817,0.0003811298478042817
189,position_embedding.weight,0.00913939904421568,89.42728424072266,0.00010219922389249694,0.3811298478042817,0.0003811298478042817
189,blocks.0.ln1.weight,0.0018492836970835924,16.379884719848633,0.00011289967717798254,0.3811298478042817,0.0003811298478042817
189,blocks.0.ln1.bias,0.0015707697020843625,0.16559389233589172,0.009485674138806504,0.3811298478042817,0.0003811298478042817
189,blocks.0.attn.qkv.weight,0.046758655458688736,17.899608612060547,0.0026122725067396556,0.3811298478042817,0.0003811298478042817
189,blocks.0.attn.proj.weight,0.028025105595588684,10.299522399902344,0.00272101020876965,0.3811298478042817,0.0003811298478042817
189,blocks.0.ln2.weight,0.0018345696153119206,16.120702743530273,0.00011380208694984314,0.3811298478042817,0.0003811298478042817
189,blocks.0.ln2.bias,0.001607431098818779,0.13307882845401764,0.012078789071712571,0.3811298478042817,0.0003811298478042817
189,blocks.0.mlp.fc.weight,0.05180920287966728,19.725543975830078,0.0026265031242305426,0.3811298478042817,0.0003811298478042817
189,blocks.0.mlp.proj.weight,0.04788152128458023,11.25857925415039,0.004252891968311616,0.3811298478042817,0.0003811298478042817
189,blocks.1.ln1.weight,0.0016271930653601885,16.404178619384766,9.919381537562877e-05,0.3811298478042817,0.0003811298478042817
189,blocks.1.ln1.bias,0.0014108866453170776,0.18633157014846802,0.007571914110879431,0.3811298478042817,0.0003811298478042817
189,blocks.1.attn.qkv.weight,0.04366264119744301,17.801971435546875,0.002452685723911187,0.3811298478042817,0.0003811298478042817
189,blocks.1.attn.proj.weight,0.02282392792403698,10.280122756958008,0.00222019993959572,0.3811298478042817,0.0003811298478042817
189,blocks.1.ln2.weight,0.001638303161598742,16.339181900024414,0.00010026837155146635,0.3811298478042817,0.0003811298478042817
189,blocks.1.ln2.bias,0.0015925990883260965,0.11687933653593063,0.013626010683444283,0.3811298478042817,0.0003811298478042817
189,blocks.1.mlp.fc.weight,0.04085901379585266,19.941116333007812,0.0020489832722262475,0.3811298478042817,0.0003811298478042817
189,blocks.1.mlp.proj.weight,0.034091416746377945,11.207244873046875,0.0030419087949406596,0.3811298478042817,0.0003811298478042817
189,final_norm.weight,0.0019183243857696652,16.531339645385742,0.00011604167762078469,0.3811298478042817,0.0003811298478042817
189,final_norm.bias,0.0008344211964868009,0.18519718945026398,0.004505582395495181,0.3811298478042817,0.0003811298478042817
189,lm_head.weight,0.004881313070654869,3.6866049766540527,0.001324067292689385,0.3811298478042817,0.0003811298478042817
190,token_embedding.weight,0.008024393580853939,85.46941375732422,9.388614275087623e-05,0.37668243865195417,0.00037668243865195415
190,position_embedding.weight,0.00848857406526804,89.42613983154297,9.492273826487811e-05,0.37668243865195417,0.00037668243865195415
190,blocks.0.ln1.weight,0.001718126586638391,16.380760192871094,0.00010488686522534009,0.37668243865195417,0.00037668243865195415
190,blocks.0.ln1.bias,0.0013626654399558902,0.16565705835819244,0.008225821787812006,0.37668243865195417,0.00037668243865195415
190,blocks.0.attn.qkv.weight,0.043632276356220245,17.902292251586914,0.0024372452277640656,0.37668243865195417,0.00037668243865195415
190,blocks.0.attn.proj.weight,0.026727726683020592,10.301833152770996,0.0025944631685117857,0.37668243865195417,0.00037668243865195415
190,blocks.0.ln2.weight,0.0017194850370287895,16.120506286621094,0.00010666445621845865,0.37668243865195417,0.00037668243865195415
190,blocks.0.ln2.bias,0.0012818457325920463,0.133423313498497,0.00960735945593855,0.37668243865195417,0.00037668243865195415
190,blocks.0.mlp.fc.weight,0.048820510506629944,19.726457595825195,0.002474874683884429,0.37668243865195417,0.00037668243865195415
190,blocks.0.mlp.proj.weight,0.04505873844027519,11.260404586791992,0.004001520379926961,0.37668243865195417,0.00037668243865195415
190,blocks.1.ln1.weight,0.0015187920071184635,16.40444564819336,9.258417136976753e-05,0.37668243865195417,0.00037668243865195415
190,blocks.1.ln1.bias,0.00129656249191612,0.18658342957496643,0.00694896912798053,0.37668243865195417,0.00037668243865195415
190,blocks.1.attn.qkv.weight,0.04079132527112961,17.803762435913086,0.0022911631975522533,0.37668243865195417,0.00037668243865195415
190,blocks.1.attn.proj.weight,0.021689778193831444,10.282049179077148,0.002109480106160713,0.37668243865195417,0.00037668243865195415
190,blocks.1.ln2.weight,0.0015993043780326843,16.33961296081543,9.787896334313008e-05,0.37668243865195417,0.00037668243865195415
190,blocks.1.ln2.bias,0.0013849535025656223,0.11658536642789841,0.01187930822699142,0.37668243865195417,0.00037668243865195415
190,blocks.1.mlp.fc.weight,0.039161551743745804,19.94319725036621,0.0019636546363209005,0.37668243865195417,0.00037668243865195415
190,blocks.1.mlp.proj.weight,0.03237399458885193,11.20991039276123,0.0028879797834739573,0.37668243865195417,0.00037668243865195415
190,final_norm.weight,0.001937461900524795,16.533035278320312,0.00011718730819290407,0.37668243865195417,0.00037668243865195415
190,final_norm.bias,0.0007606923463754356,0.1851067692041397,0.0041094788139942,0.37668243865195417,0.00037668243865195415
190,lm_head.weight,0.004836308769881725,3.6883339881896973,0.001311244801953026,0.37668243865195417,0.00037668243865195415
191,token_embedding.weight,0.007989027537405491,85.46920776367188,9.347258207301509e-05,0.37225481939607763,0.00037225481939607766
191,position_embedding.weight,0.008731412701308727,89.42498016357422,9.763952628602568e-05,0.37225481939607763,0.00037225481939607766
191,blocks.0.ln1.weight,0.0018298596842214465,16.38158416748047,0.00011170224231755556,0.37225481939607763,0.00037225481939607766
191,blocks.0.ln1.bias,0.001724914531223476,0.16579803824424744,0.010403708930934352,0.37225481939607763,0.00037225481939607766
191,blocks.0.attn.qkv.weight,0.044820867478847504,17.904895782470703,0.0025032744129527772,0.37225481939607763,0.00037225481939607766
191,blocks.0.attn.proj.weight,0.02808665856719017,10.304065704345703,0.0027257841101830317,0.37225481939607763,0.00037225481939607766
191,blocks.0.ln2.weight,0.0016698932740837336,16.120325088500977,0.00010358930511114853,0.37225481939607763,0.00037225481939607766
191,blocks.0.ln2.bias,0.0016686191083863378,0.13362561166286469,0.012487270124411106,0.37225481939607763,0.00037225481939607766
191,blocks.0.mlp.fc.weight,0.05022486299276352,19.72744369506836,0.0025459387323111017,0.37225481939607763,0.00037225481939607766
191,blocks.0.mlp.proj.weight,0.04676792025566101,11.262275695800781,0.004152617243519852,0.37225481939607763,0.00037225481939607766
191,blocks.1.ln1.weight,0.0015579499304294586,16.404691696166992,9.496977811496353e-05,0.37225481939607763,0.00037225481939607766
191,blocks.1.ln1.bias,0.001423214329406619,0.18671847879886627,0.007622246810033664,0.37225481939607763,0.00037225481939607766
191,blocks.1.attn.qkv.weight,0.04242204874753952,17.805484771728516,0.0023825270298113263,0.37225481939607763,0.00037225481939607766
191,blocks.1.attn.proj.weight,0.02341252937912941,10.28393268585205,0.0022766124686265723,0.37225481939607763,0.00037225481939607766
191,blocks.1.ln2.weight,0.001658823573961854,16.340126037597656,0.00010151840751686361,0.37225481939607763,0.00037225481939607766
191,blocks.1.ln2.bias,0.0015848445473238826,0.1164044439792633,0.013614983183911753,0.37225481939607763,0.00037225481939607766
191,blocks.1.mlp.fc.weight,0.041351865977048874,19.945430755615234,0.002073250083375864,0.37225481939607763,0.00037225481939607766
191,blocks.1.mlp.proj.weight,0.03458463028073311,11.21277141571045,0.003084396265518512,0.37225481939607763,0.00037225481939607766
191,final_norm.weight,0.0019362278981134295,16.534774780273438,0.000117100349042752,0.37225481939607763,0.00037225481939607766
191,final_norm.bias,0.0009235937613993883,0.18506909906864166,0.004990534703212875,0.37225481939607763,0.00037225481939607766
191,lm_head.weight,0.00490965461358428,3.6900298595428467,0.0013305189389961197,0.37225481939607763,0.00037225481939607766
192,token_embedding.weight,0.008668729104101658,85.46914672851562,0.00010142524449947916,0.3678474955949228,0.0003678474955949228
192,position_embedding.weight,0.00837920792400837,89.42363739013672,9.37023830450056e-05,0.3678474955949228,0.0003678474955949228
192,blocks.0.ln1.weight,0.0018025878816843033,16.382442474365234,0.00011003169304606625,0.3678474955949228,0.0003678474955949228
192,blocks.0.ln1.bias,0.0016451290575787425,0.16596560180187225,0.00991247005227484,0.3678474955949228,0.0003678474955949228
192,blocks.0.attn.qkv.weight,0.04421011731028557,17.90753173828125,0.0024688001650039993,0.3678474955949228,0.0003678474955949228
192,blocks.0.attn.proj.weight,0.026460055261850357,10.306382179260254,0.0025673466015158942,0.3678474955949228,0.0003678474955949228
192,blocks.0.ln2.weight,0.0015246286056935787,16.12006950378418,9.457953052470266e-05,0.3678474955949228,0.0003678474955949228
192,blocks.0.ln2.bias,0.0015276760095730424,0.13378389179706573,0.011418983175335684,0.3678474955949228,0.0003678474955949228
192,blocks.0.mlp.fc.weight,0.04677814245223999,19.728120803833008,0.00237114030866787,0.3678474955949228,0.0003678474955949228
192,blocks.0.mlp.proj.weight,0.04338453337550163,11.263909339904785,0.003851640852772037,0.3678474955949228,0.0003678474955949228
192,blocks.1.ln1.weight,0.0014163295272737741,16.405012130737305,8.633517098228641e-05,0.3678474955949228,0.0003678474955949228
192,blocks.1.ln1.bias,0.0011944863945245743,0.18685738742351532,0.006392502918875018,0.3678474955949228,0.0003678474955949228
192,blocks.1.attn.qkv.weight,0.03988052159547806,17.807369232177734,0.002239551562923294,0.3678474955949228,0.0003678474955949228
192,blocks.1.attn.proj.weight,0.022713642567396164,10.286035537719727,0.0022082018367621994,0.3678474955949228,0.0003678474955949228
192,blocks.1.ln2.weight,0.0015385216102004051,16.34058952331543,9.415337237405571e-05,0.3678474955949228,0.0003678474955949228
192,blocks.1.ln2.bias,0.001296759000979364,0.1162891536951065,0.011151160359874394,0.3678474955949228,0.0003678474955949228
192,blocks.1.mlp.fc.weight,0.039366550743579865,19.947498321533203,0.001973508161726824,0.3678474955949228,0.0003678474955949228
192,blocks.1.mlp.proj.weight,0.03337264060974121,11.215364456176758,0.002975618022948738,0.3678474955949228,0.0003678474955949228
192,final_norm.weight,0.0019079911289736629,16.536516189575195,0.00011538047718759327,0.3678474955949228,0.0003678474955949228
192,final_norm.bias,0.0007580750971101224,0.1850515753030777,0.004096561166066538,0.3678474955949228,0.0003678474955949228
192,lm_head.weight,0.005176612641662359,3.691697597503662,0.0014022309533590722,0.3678474955949228,0.0003678474955949228
193,token_embedding.weight,0.008819296956062317,85.46900177001953,0.00010318708272495364,0.3634609704893671,0.0003634609704893671
193,position_embedding.weight,0.008859612978994846,89.42244720458984,9.907593960971363e-05,0.3634609704893671,0.0003634609704893671
193,blocks.0.ln1.weight,0.0020128930918872356,16.383222579956055,0.0001228630742250779,0.3634609704893671,0.0003634609704893671
193,blocks.0.ln1.bias,0.0018250992288812995,0.1661200374364853,0.010986629048696942,0.3634609704893671,0.0003634609704893671
193,blocks.0.attn.qkv.weight,0.046242158859968185,17.910018920898438,0.0025819156899944758,0.3634609704893671,0.0003634609704893671
193,blocks.0.attn.proj.weight,0.028060251846909523,10.308652877807617,0.0027220095757918747,0.3634609704893671,0.0003634609704893671
193,blocks.0.ln2.weight,0.0016881913179531693,16.119783401489258,0.00010472791574836532,0.3634609704893671,0.0003634609704893671
193,blocks.0.ln2.bias,0.001927756704390049,0.13397479057312012,0.014388951056605967,0.3634609704893671,0.0003634609704893671
193,blocks.0.mlp.fc.weight,0.04951094090938568,19.72874641418457,0.002509583724680338,0.3634609704893671,0.0003634609704893671
193,blocks.0.mlp.proj.weight,0.04695230722427368,11.265315055847168,0.004167864546309276,0.3634609704893671,0.0003634609704893671
193,blocks.1.ln1.weight,0.0015172797720879316,16.405366897583008,9.248679298427511e-05,0.3634609704893671,0.0003634609704893671
193,blocks.1.ln1.bias,0.0013055384624749422,0.18706901371479034,0.006978913485150549,0.3634609704893671,0.0003634609704893671
193,blocks.1.attn.qkv.weight,0.04213994741439819,17.809247970581055,0.002366183428070992,0.3634609704893671,0.0003634609704893671
193,blocks.1.attn.proj.weight,0.02284540981054306,10.288308143615723,0.0022205215368395884,0.3634609704893671,0.0003634609704893671
193,blocks.1.ln2.weight,0.0014929251046851277,16.340988159179688,9.136076044742578e-05,0.3634609704893671,0.0003634609704893671
193,blocks.1.ln2.bias,0.0012807488674297929,0.11627531796693802,0.01101479565751821,0.3634609704893671,0.0003634609704893671
193,blocks.1.mlp.fc.weight,0.039631187915802,19.94940185546875,0.001986585272226389,0.3634609704893671,0.0003634609704893671
193,blocks.1.mlp.proj.weight,0.03365873545408249,11.217815399169922,0.003000471505046349,0.3634609704893671,0.0003634609704893671
193,final_norm.weight,0.0019189141457900405,16.538249969482422,0.0001160288512587997,0.3634609704893671,0.0003634609704893671
193,final_norm.bias,0.0007299082935787737,0.18491478264331818,0.003947268483032778,0.3634609704893671,0.0003634609704893671
193,lm_head.weight,0.005027828738093376,3.6935431957244873,0.0013612481218338122,0.3634609704893671,0.0003634609704893671
194,token_embedding.weight,0.008342127315700054,85.46903991699219,9.760408358163212e-05,0.35909574494543306,0.00035909574494543306
194,position_embedding.weight,0.008890295401215553,89.4209976196289,9.942066894659578e-05,0.35909574494543306,0.00035909574494543306
194,blocks.0.ln1.weight,0.001881960080936551,16.384260177612305,0.00011486390355958669,0.35909574494543306,0.00035909574494543306
194,blocks.0.ln1.bias,0.001992498291656375,0.1659645289182663,0.012005567121066145,0.35909574494543306,0.00035909574494543306
194,blocks.0.attn.qkv.weight,0.04656493663787842,17.91286849975586,0.0025995242826971276,0.35909574494543306,0.00035909574494543306
194,blocks.0.attn.proj.weight,0.02763746865093708,10.31134033203125,0.0026802983667488013,0.35909574494543306,0.00035909574494543306
194,blocks.0.ln2.weight,0.0017084230203181505,16.119483947753906,0.00010598496985730718,0.35909574494543306,0.00035909574494543306
194,blocks.0.ln2.bias,0.0021448826882988214,0.1342163383960724,0.015980786794773764,0.35909574494543306,0.00035909574494543306
194,blocks.0.mlp.fc.weight,0.04976919665932655,19.729175567626953,0.002522619178319286,0.35909574494543306,0.00035909574494543306
194,blocks.0.mlp.proj.weight,0.04857267439365387,11.266583442687988,0.004311215963626775,0.35909574494543306,0.00035909574494543306
194,blocks.1.ln1.weight,0.0016068479744717479,16.40575408935547,9.794417042458414e-05,0.35909574494543306,0.00035909574494543306
194,blocks.1.ln1.bias,0.0015367197338491678,0.18752335011959076,0.008194818047250908,0.35909574494543306,0.00035909574494543306
194,blocks.1.attn.qkv.weight,0.043175019323825836,17.811168670654297,0.0024240419100044026,0.35909574494543306,0.00035909574494543306
194,blocks.1.attn.proj.weight,0.02339709736406803,10.29061508178711,0.002273634489106022,0.35909574494543306,0.00035909574494543306
194,blocks.1.ln2.weight,0.0016425310168415308,16.34145164489746,0.00010051316446873327,0.35909574494543306,0.00035909574494543306
194,blocks.1.ln2.bias,0.0014958989340811968,0.11634721606969833,0.012857195767986527,0.35909574494543306,0.00035909574494543306
194,blocks.1.mlp.fc.weight,0.039864432066679,19.95147132873535,0.0019980697869265295,0.35909574494543306,0.00035909574494543306
194,blocks.1.mlp.proj.weight,0.03421496972441673,11.220425605773926,0.0030493468720836207,0.35909574494543306,0.00035909574494543306
194,final_norm.weight,0.0019062967039644718,16.53999900817871,0.00011525373750153974,0.35909574494543306,0.00035909574494543306
194,final_norm.bias,0.0009938663570210338,0.18492946028709412,0.005374299776102356,0.35909574494543306,0.00035909574494543306
194,lm_head.weight,0.004900177009403706,3.6953163146972656,0.0013260507605027097,0.35909574494543306,0.00035909574494543306
195,token_embedding.weight,0.007439916487783194,85.46907806396484,8.704804891208833e-05,0.3547523173970989,0.0003547523173970989
195,position_embedding.weight,0.008214762434363365,89.41959381103516,9.186758834672207e-05,0.3547523173970989,0.0003547523173970989
195,blocks.0.ln1.weight,0.0016767261549830437,16.385082244873047,0.00010233248328720445,0.3547523173970989,0.0003547523173970989
195,blocks.0.ln1.bias,0.0014866925776004791,0.16588230431079865,0.008962333768923511,0.3547523173970989,0.0003547523173970989
195,blocks.0.attn.qkv.weight,0.04252731800079346,17.915403366088867,0.0023737851239949656,0.3547523173970989,0.0003547523173970989
195,blocks.0.attn.proj.weight,0.024815574288368225,10.313569068908691,0.00240610928404745,0.3547523173970989,0.0003547523173970989
195,blocks.0.ln2.weight,0.001542669371701777,16.119112014770508,9.570436450147374e-05,0.3547523173970989,0.0003547523173970989
195,blocks.0.ln2.bias,0.0015126694925129414,0.13419723510742188,0.011271987021869797,0.3547523173970989,0.0003547523173970989
195,blocks.0.mlp.fc.weight,0.045711882412433624,19.729520797729492,0.002316928164706966,0.3547523173970989,0.0003547523173970989
195,blocks.0.mlp.proj.weight,0.04359646514058113,11.267459869384766,0.0038692363359584567,0.3547523173970989,0.0003547523173970989
195,blocks.1.ln1.weight,0.0014536796370521188,16.406164169311523,8.860569856854196e-05,0.3547523173970989,0.0003547523173970989
195,blocks.1.ln1.bias,0.001158032682724297,0.18820026516914368,0.00615319368268355,0.3547523173970989,0.0003547523173970989
195,blocks.1.attn.qkv.weight,0.03903276100754738,17.813133239746094,0.0021912349996042334,0.3547523173970989,0.0003547523173970989
195,blocks.1.attn.proj.weight,0.02114112675189972,10.293259620666504,0.002053880649182416,0.3547523173970989,0.0003547523173970989
195,blocks.1.ln2.weight,0.0015311409952118993,16.342044830322266,9.369335423501048e-05,0.3547523173970989,0.0003547523173970989
195,blocks.1.ln2.bias,0.0011635078117251396,0.11668140441179276,0.00997166444456658,0.3547523173970989,0.0003547523173970989
195,blocks.1.mlp.fc.weight,0.03667536750435829,19.95377540588379,0.001838016453444793,0.3547523173970989,0.0003547523173970989
195,blocks.1.mlp.proj.weight,0.030463747680187225,11.22346305847168,0.002714291259433505,0.3547523173970989,0.0003547523173970989
195,final_norm.weight,0.0017623811727389693,16.54172134399414,0.00010654158271011721,0.3547523173970989,0.0003547523173970989
195,final_norm.bias,0.0008039254462346435,0.18500687181949615,0.004345381543528049,0.3547523173970989,0.0003547523173970989
195,lm_head.weight,0.004469115287065506,3.6969876289367676,0.00120885318957629,0.3547523173970989,0.0003547523173970989
196,token_embedding.weight,0.00858350656926632,85.4690933227539,0.0001004281926433059,0.350431183789384,0.000350431183789384
196,position_embedding.weight,0.008201329968869686,89.41825103759766,9.17187472770093e-05,0.350431183789384,0.000350431183789384
196,blocks.0.ln1.weight,0.0016142603708431125,16.38576316833496,9.851603213468433e-05,0.350431183789384,0.000350431183789384
196,blocks.0.ln1.bias,0.0017016450874507427,0.16581569612026215,0.010262267850724566,0.350431183789384,0.000350431183789384
196,blocks.0.attn.qkv.weight,0.04274171590805054,17.917709350585938,0.0023854453195854765,0.350431183789384,0.000350431183789384
196,blocks.0.attn.proj.weight,0.02414250560104847,10.315539360046387,0.002340401675413467,0.350431183789384,0.000350431183789384
196,blocks.0.ln2.weight,0.0016236323863267899,16.11876106262207,0.00010072935382681141,0.350431183789384,0.000350431183789384
196,blocks.0.ln2.bias,0.001891537569463253,0.13419707119464874,0.014095222441222584,0.350431183789384,0.000350431183789384
196,blocks.0.mlp.fc.weight,0.04499785229563713,19.729795455932617,0.002280705463781395,0.350431183789384,0.000350431183789384
196,blocks.0.mlp.proj.weight,0.04238705709576607,11.268476486206055,0.0037615605931865825,0.350431183789384,0.000350431183789384
196,blocks.1.ln1.weight,0.0014531632186844945,16.406578063964844,8.857198698100925e-05,0.350431183789384,0.000350431183789384
196,blocks.1.ln1.bias,0.0013579321093857288,0.18861879408359528,0.007199346788192793,0.350431183789384,0.000350431183789384
196,blocks.1.attn.qkv.weight,0.03885922580957413,17.815128326416016,0.0021812487172462322,0.350431183789384,0.000350431183789384
196,blocks.1.attn.proj.weight,0.021272974088788033,10.29572868347168,0.002066194122125293,0.350431183789384,0.000350431183789384
196,blocks.1.ln2.weight,0.0014658323489129543,16.342655181884766,8.969364724391214e-05,0.350431183789384,0.000350431183789384
196,blocks.1.ln2.bias,0.0011189939687028527,0.11695656925439835,0.009567602536795542,0.350431183789384,0.000350431183789384
196,blocks.1.mlp.fc.weight,0.03601579740643501,19.95612335205078,0.001804749187558618,0.350431183789384,0.000350431183789384
196,blocks.1.mlp.proj.weight,0.029766811057925224,11.226583480834961,0.002651457686012656,0.350431183789384,0.000350431183789384
196,final_norm.weight,0.0017042529070749879,16.543331146240234,0.00010301751757306791,0.350431183789384,0.000350431183789384
196,final_norm.bias,0.0007040976197458804,0.18512220680713654,0.0038034206262224273,0.350431183789384,0.000350431183789384
196,lm_head.weight,0.004681348334997892,3.6985490322113037,0.0012657256384127813,0.350431183789384,0.000350431183789384
197,token_embedding.weight,0.007945884019136429,85.46914672851562,9.296786411563998e-05,0.3461328375217223,0.0003461328375217223
197,position_embedding.weight,0.008052658289670944,89.41702270507812,9.005732964550532e-05,0.3461328375217223,0.0003461328375217223
197,blocks.0.ln1.weight,0.0016182275721803308,16.386308670043945,9.875485716551515e-05,0.3461328375217223,0.0003461328375217223
197,blocks.0.ln1.bias,0.0013735216343775392,0.16548441350460052,0.008300006056649285,0.3461328375217223,0.0003461328375217223
197,blocks.0.attn.qkv.weight,0.04097393900156021,17.919706344604492,0.0022865296011893026,0.3461328375217223,0.0003461328375217223
197,blocks.0.attn.proj.weight,0.023711927235126495,10.317183494567871,0.0022982946118588303,0.3461328375217223,0.0003461328375217223
197,blocks.0.ln2.weight,0.0014785268576815724,16.11847496032715,9.172870642667004e-05,0.3461328375217223,0.0003461328375217223
197,blocks.0.ln2.bias,0.001483376370742917,0.1343480497598648,0.0110412944094334,0.3461328375217223,0.0003461328375217223
197,blocks.0.mlp.fc.weight,0.043649423867464066,19.730283737182617,0.002212305937861529,0.3461328375217223,0.0003461328375217223
197,blocks.0.mlp.proj.weight,0.041664741933345795,11.269640922546387,0.0036970780364427003,0.3461328375217223,0.0003461328375217223
197,blocks.1.ln1.weight,0.0014241907047107816,16.406845092773438,8.680466577562765e-05,0.3461328375217223,0.0003461328375217223
197,blocks.1.ln1.bias,0.0011919907992705703,0.1892278641462326,0.006299235076410932,0.3461328375217223,0.0003461328375217223
197,blocks.1.attn.qkv.weight,0.03844660893082619,17.816797256469727,0.002157885526640491,0.3461328375217223,0.0003461328375217223
197,blocks.1.attn.proj.weight,0.021135566756129265,10.297865867614746,0.0020524220287812664,0.3461328375217223,0.0003461328375217223
197,blocks.1.ln2.weight,0.0014711895491927862,16.343151092529297,9.001872043300141e-05,0.3461328375217223,0.0003461328375217223
197,blocks.1.ln2.bias,0.0009118391899392009,0.11711326986551285,0.007785959618227092,0.3461328375217223,0.0003461328375217223
197,blocks.1.mlp.fc.weight,0.03669653460383415,19.95819664001465,0.0018386698590923084,0.3461328375217223,0.0003461328375217223
197,blocks.1.mlp.proj.weight,0.029888363555073738,11.22934341430664,0.002661630555976415,0.3461328375217223,0.0003461328375217223
197,final_norm.weight,0.0016587967984378338,16.54488182067871,0.00010026041989399268,0.3461328375217223,0.0003461328375217223
197,final_norm.bias,0.0006717095384374261,0.1851426213979721,0.0036280653982419813,0.3461328375217223,0.0003461328375217223
197,lm_head.weight,0.0044452534057199955,3.7001636028289795,0.0012013667185743226,0.3461328375217223,0.0003461328375217223
198,token_embedding.weight,0.007382972631603479,85.46916961669922,8.638170541159541e-05,0.34185776939162427,0.0003418577693916243
198,position_embedding.weight,0.007733494974672794,89.41584777832031,8.648908629536882e-05,0.34185776939162427,0.0003418577693916243
198,blocks.0.ln1.weight,0.0016417563892900944,16.386985778808594,0.00010018659999162807,0.34185776939162427,0.0003418577693916243
198,blocks.0.ln1.bias,0.0011323305079713464,0.165207177400589,0.00685400311161333,0.34185776939162427,0.0003418577693916243
198,blocks.0.attn.qkv.weight,0.03913118317723274,17.921924591064453,0.0021834252777037494,0.34185776939162427,0.0003418577693916243
198,blocks.0.attn.proj.weight,0.023089170455932617,10.318857192993164,0.0022375705006954325,0.34185776939162427,0.0003418577693916243
198,blocks.0.ln2.weight,0.0014713227283209562,16.118120193481445,9.128376700627306e-05,0.34185776939162427,0.0003418577693916243
198,blocks.0.ln2.bias,0.0011907268781214952,0.1344529390335083,0.008856086647655107,0.34185776939162427,0.0003418577693916243
198,blocks.0.mlp.fc.weight,0.04277031868696213,19.73058319091797,0.002167716902896577,0.34185776939162427,0.0003418577693916243
198,blocks.0.mlp.proj.weight,0.04104088246822357,11.270548820495605,0.003641427149810724,0.34185776939162427,0.0003418577693916243
198,blocks.1.ln1.weight,0.0013416871661320329,16.407089233398438,8.177484421799811e-05,0.34185776939162427,0.0003418577693916243
198,blocks.1.ln1.bias,0.0012268779100850224,0.18967504799365997,0.006468314747017032,0.34185776939162427,0.0003418577693916243
198,blocks.1.attn.qkv.weight,0.03672238066792488,17.81836700439453,0.0020609285160007092,0.34185776939162427,0.0003418577693916243
198,blocks.1.attn.proj.weight,0.020742636173963547,10.299729347229004,0.0020139010914439264,0.34185776939162427,0.0003418577693916243
198,blocks.1.ln2.weight,0.0014238622970879078,16.34368896484375,8.712000700396547e-05,0.34185776939162427,0.0003418577693916243
198,blocks.1.ln2.bias,0.0009180377819575369,0.11727368086576462,0.007828165494357813,0.34185776939162427,0.0003418577693916243
198,blocks.1.mlp.fc.weight,0.0365234836935997,19.960281372070312,0.00182980805795172,0.34185776939162427,0.0003418577693916243
198,blocks.1.mlp.proj.weight,0.029683733358979225,11.232104301452637,0.0026427579874892734,0.34185776939162427,0.0003418577693916243
198,final_norm.weight,0.0016105120303109288,16.54637336730957,9.733323396972879e-05,0.34185776939162427,0.0003418577693916243
198,final_norm.bias,0.0007137807551771402,0.185310497879982,0.003851809602473654,0.34185776939162427,0.0003418577693916243
198,lm_head.weight,0.004195033572614193,3.7016689777374268,0.001133281662364416,0.34185776939162427,0.0003418577693916243
199,token_embedding.weight,0.00729286577552557,85.46913146972656,8.532748198229487e-05,0.33760646753863466,0.00033760646753863466
199,position_embedding.weight,0.007878715172410011,89.41471099853516,8.811430562627437e-05,0.33760646753863466,0.00033760646753863466
199,blocks.0.ln1.weight,0.0015815419610589743,16.387710571289062,9.650780407543367e-05,0.33760646753863466,0.00033760646753863466
199,blocks.0.ln1.bias,0.001021685777232051,0.16507503390312195,0.006189220459742333,0.33760646753863466,0.00033760646753863466
199,blocks.0.attn.qkv.weight,0.03948892652988434,17.9241886138916,0.002203108178591551,0.33760646753863466,0.00033760646753863466
199,blocks.0.attn.proj.weight,0.02396564744412899,10.320706367492676,0.0023220937202139305,0.33760646753863466,0.00033760646753863466
199,blocks.0.ln2.weight,0.0015929820947349072,16.117752075195312,9.883401154844386e-05,0.33760646753863466,0.00033760646753863466
199,blocks.0.ln2.bias,0.001201070612296462,0.1344624161720276,0.008932389038368255,0.33760646753863466,0.00033760646753863466
199,blocks.0.mlp.fc.weight,0.04417600855231285,19.730838775634766,0.0022389321130565783,0.33760646753863466,0.00033760646753863466
199,blocks.0.mlp.proj.weight,0.04197649285197258,11.271306991577148,0.0037241903608283547,0.33760646753863466,0.00033760646753863466
199,blocks.1.ln1.weight,0.0014396493788808584,16.40736961364746,8.77440694505527e-05,0.33760646753863466,0.00033760646753863466
199,blocks.1.ln1.bias,0.0011267419904470444,0.19009821116924286,0.005927157249459797,0.33760646753863466,0.00033760646753863466
199,blocks.1.attn.qkv.weight,0.03806192800402641,17.82002830505371,0.002135907269756133,0.33760646753863466,0.00033760646753863466
199,blocks.1.attn.proj.weight,0.020175470039248466,10.301593780517578,0.001958480451578517,0.33760646753863466,0.00033760646753863466
199,blocks.1.ln2.weight,0.0013913233997300267,16.34418487548828,8.512650892835524e-05,0.33760646753863466,0.00033760646753863466
199,blocks.1.ln2.bias,0.000992270652204752,0.11738695204257965,0.00845298932232582,0.33760646753863466,0.00033760646753863466
199,blocks.1.mlp.fc.weight,0.03702918067574501,19.962299346923828,0.0018549556858263084,0.33760646753863466,0.00033760646753863466
199,blocks.1.mlp.proj.weight,0.030377674847841263,11.23469352722168,0.00270391664661198,0.33760646753863466,0.00033760646753863466
199,final_norm.weight,0.0016058692708611488,16.547821044921875,9.704415261088736e-05,0.33760646753863466,0.00033760646753863466
199,final_norm.bias,0.0007316563278436661,0.18551591038703918,0.003943900694626558,0.33760646753863466,0.00033760646753863466
199,lm_head.weight,0.004200880881398916,3.703113079071045,0.0011344187422036827,0.33760646753863466,0.00033760646753863466
200,token_embedding.weight,0.0070596192963421345,85.46942901611328,8.259818016347254e-05,0.33337941738859783,0.0003333794173885978
200,position_embedding.weight,0.007743776310235262,89.41352844238281,8.660631612614626e-05,0.33337941738859783,0.0003333794173885978
200,blocks.0.ln1.weight,0.0015176755841821432,16.38824462890625,9.260757442594633e-05,0.33337941738859783,0.0003333794173885978
200,blocks.0.ln1.bias,0.0010547223500907421,0.1650543361902237,0.006390152324558099,0.33337941738859783,0.0003333794173885978
200,blocks.0.attn.qkv.weight,0.03759613633155823,17.926090240478516,0.002097285901566038,0.33337941738859783,0.0003333794173885978
200,blocks.0.attn.proj.weight,0.023381812497973442,10.322216033935547,0.0022651930962402462,0.33337941738859783,0.0003333794173885978
200,blocks.0.ln2.weight,0.0016200561076402664,16.11713981628418,0.00010051759345062699,0.33337941738859783,0.0003333794173885978
200,blocks.0.ln2.bias,0.0013146111741662025,0.13438895344734192,0.009782137150666398,0.33337941738859783,0.0003333794173885978
200,blocks.0.mlp.fc.weight,0.0432003028690815,19.73054313659668,0.0021895141238636438,0.33337941738859783,0.0003333794173885978
200,blocks.0.mlp.proj.weight,0.04087761417031288,11.271370887756348,0.0036266763446417168,0.33337941738859783,0.0003333794173885978
200,blocks.1.ln1.weight,0.0014234193367883563,16.407621383666992,8.675354602009624e-05,0.33337941738859783,0.0003333794173885978
200,blocks.1.ln1.bias,0.0010990846203640103,0.19024428725242615,0.00577722798530034,0.33337941738859783,0.0003333794173885978
200,blocks.1.attn.qkv.weight,0.037711165845394135,17.82159423828125,0.0021160377315957205,0.33337941738859783,0.0003333794173885978
200,blocks.1.attn.proj.weight,0.02078726887702942,10.30333423614502,0.0020175283457372272,0.33337941738859783,0.0003333794173885978
200,blocks.1.ln2.weight,0.0013858823804184794,16.344541549682617,8.479175608601309e-05,0.33337941738859783,0.0003333794173885978
200,blocks.1.ln2.bias,0.000918450066819787,0.1175016313791275,0.007816487788569719,0.33337941738859783,0.0003333794173885978
200,blocks.1.mlp.fc.weight,0.03703366219997406,19.963899612426758,0.0018550314777640027,0.33337941738859783,0.0003333794173885978
200,blocks.1.mlp.proj.weight,0.03070441074669361,11.236763954162598,0.002732495838832371,0.33337941738859783,0.0003333794173885978
200,final_norm.weight,0.0015999602619558573,16.549253463745117,9.66786970458115e-05,0.33337941738859783,0.0003333794173885978
200,final_norm.bias,0.0006885582697577775,0.18568791449069977,0.00370814800544575,0.33337941738859783,0.0003333794173885978
200,lm_head.weight,0.0045066107995808125,3.704533338546753,0.0012165124153930517,0.33337941738859783,0.0003333794173885978
201,token_embedding.weight,0.0066836061887443066,85.46968841552734,7.819855568269525e-05,0.3291771015982281,0.0003291771015982281
201,position_embedding.weight,0.007331067230552435,89.41242218017578,8.199159637773209e-05,0.3291771015982281,0.0003291771015982281
201,blocks.0.ln1.weight,0.0014557300601154566,16.388797760009766,8.882470095930334e-05,0.3291771015982281,0.0003291771015982281
201,blocks.0.ln1.bias,0.0008846356067806482,0.1650816798210144,0.005358775169567168,0.3291771015982281,0.0003291771015982281
201,blocks.0.attn.qkv.weight,0.03590143471956253,17.928028106689453,0.002002531148763912,0.3291771015982281,0.0003291771015982281
201,blocks.0.attn.proj.weight,0.022307541221380234,10.3237943649292,0.002160788992190572,0.3291771015982281,0.0003291771015982281
201,blocks.0.ln2.weight,0.0014561604475602508,16.116615295410156,9.035150500706311e-05,0.3291771015982281,0.0003291771015982281
201,blocks.0.ln2.bias,0.000968530832324177,0.13436494767665863,0.007208210541991066,0.3291771015982281,0.0003291771015982281
201,blocks.0.mlp.fc.weight,0.0410984605550766,19.730417251586914,0.0020830000719710565,0.3291771015982281,0.0003291771015982281
201,blocks.0.mlp.proj.weight,0.03853417932987213,11.27163028717041,0.0034186873014925862,0.3291771015982281,0.0003291771015982281
201,blocks.1.ln1.weight,0.0013580640079453588,16.407745361328125,8.276969065756806e-05,0.3291771015982281,0.0003291771015982281
201,blocks.1.ln1.bias,0.0009341908153146505,0.19053496420383453,0.0049029889039701345,0.3291771015982281,0.0003291771015982281
201,blocks.1.attn.qkv.weight,0.03533182665705681,17.82292938232422,0.0019823804437050035,0.3291771015982281,0.0003291771015982281
201,blocks.1.attn.proj.weight,0.019455209374427795,10.304901123046875,0.0018879569189571748,0.3291771015982281,0.0003291771015982281
201,blocks.1.ln2.weight,0.001325429417192936,16.34491729736328,8.109122812182536e-05,0.3291771015982281,0.0003291771015982281
201,blocks.1.ln2.bias,0.0006415899842977524,0.11761252582073212,0.005455116109573434,0.3291771015982281,0.0003291771015982281
201,blocks.1.mlp.fc.weight,0.034658677875995636,19.96559715270996,0.0017359199232009762,0.3291771015982281,0.0003291771015982281
201,blocks.1.mlp.proj.weight,0.028584815561771393,11.23888111114502,0.0025433862391713315,0.3291771015982281,0.0003291771015982281
201,final_norm.weight,0.0016191307222470641,16.55067253112793,9.782869664068101e-05,0.3291771015982281,0.0003291771015982281
201,final_norm.bias,0.000615525699686259,0.1858261227607727,0.0033123744419688347,0.3291771015982281,0.0003291771015982281
201,lm_head.weight,0.004175866954028606,3.7059316635131836,0.001126806248248194,0.3291771015982281,0.0003291771015982281
202,token_embedding.weight,0.006350455339998007,85.46994018554688,7.43004537760494e-05,0.3250000000000001,0.00032500000000000015
202,position_embedding.weight,0.007459391839802265,89.41128540039062,8.342785596245989e-05,0.3250000000000001,0.00032500000000000015
202,blocks.0.ln1.weight,0.0014994629891589284,16.389328002929688,9.149020563203075e-05,0.3250000000000001,0.00032500000000000015
202,blocks.0.ln1.bias,0.0009380991687066853,0.16510602831840515,0.005681798407093226,0.3250000000000001,0.00032500000000000015
202,blocks.0.attn.qkv.weight,0.036447446793317795,17.929845809936523,0.002032780826989432,0.3250000000000001,0.00032500000000000015
202,blocks.0.attn.proj.weight,0.023498401045799255,10.325316429138184,0.0022758044469692157,0.3250000000000001,0.00032500000000000015
202,blocks.0.ln2.weight,0.0014931861078366637,16.116130828857422,9.265164968522615e-05,0.3250000000000001,0.00032500000000000015
202,blocks.0.ln2.bias,0.0008266103686764836,0.13436636328697205,0.006151914425970614,0.3250000000000001,0.00032500000000000015
202,blocks.0.mlp.fc.weight,0.04261304438114166,19.730331420898438,0.0021597733698483956,0.3250000000000001,0.00032500000000000015
202,blocks.0.mlp.proj.weight,0.039686523377895355,11.271955490112305,0.003520819738217085,0.3250000000000001,0.00032500000000000015
202,blocks.1.ln1.weight,0.0013798060826957226,16.407880783081055,8.409410702925281e-05,0.3250000000000001,0.00032500000000000015
202,blocks.1.ln1.bias,0.0010001083137467504,0.19070783257484436,0.0052441910761531416,0.3250000000000001,0.00032500000000000015
202,blocks.1.attn.qkv.weight,0.03635440394282341,17.82423973083496,0.0020396047456616197,0.3250000000000001,0.00032500000000000015
202,blocks.1.attn.proj.weight,0.019286228343844414,10.306447982788086,0.0018712779005968707,0.3250000000000001,0.00032500000000000015
202,blocks.1.ln2.weight,0.0013749555218964815,16.34541893005371,8.41187079866346e-05,0.3250000000000001,0.00032500000000000015
202,blocks.1.ln2.bias,0.0005551091162487864,0.11770417541265488,0.0047161378455601345,0.3250000000000001,0.00032500000000000015
202,blocks.1.mlp.fc.weight,0.03534683585166931,19.96751594543457,0.0017702169838381596,0.3250000000000001,0.00032500000000000015
202,blocks.1.mlp.proj.weight,0.027988141402602196,11.241236686706543,0.002489774228817494,0.3250000000000001,0.00032500000000000015
202,final_norm.weight,0.0016338201239705086,16.552143096923828,9.870746732935454e-05,0.3250000000000001,0.00032500000000000015
202,final_norm.bias,0.0004945533582940698,0.18611110746860504,0.002657301678648268,0.3250000000000001,0.00032500000000000015
202,lm_head.weight,0.004112375434488058,3.7072908878326416,0.0011092669981694174,0.3250000000000001,0.00032500000000000015
203,token_embedding.weight,0.006861289497464895,85.47008514404297,8.027708742657113e-05,0.3208485895473596,0.00032084858954735965
203,position_embedding.weight,0.0072927214205265045,89.41017150878906,8.156478505143618e-05,0.3208485895473596,0.00032084858954735965
203,blocks.0.ln1.weight,0.0014772237045690417,16.389902114868164,9.013011146838287e-05,0.3208485895473596,0.00032084858954735965
203,blocks.0.ln1.bias,0.0008947234018705785,0.16516421735286713,0.0054171745926880665,0.3208485895473596,0.00032084858954735965
203,blocks.0.attn.qkv.weight,0.035132937133312225,17.931766510009766,0.0019592568927159835,0.3208485895473596,0.00032084858954735965
203,blocks.0.attn.proj.weight,0.02271888218820095,10.326903343200684,0.0021999704493367847,0.3208485895473596,0.00032084858954735965
203,blocks.0.ln2.weight,0.0013536298647522926,16.11573600769043,8.399429378256485e-05,0.3208485895473596,0.00032084858954735965
203,blocks.0.ln2.bias,0.0010606070281937718,0.13428524136543274,0.007898165259275407,0.3208485895473596,0.00032084858954735965
203,blocks.0.mlp.fc.weight,0.04091831296682358,19.730443954467773,0.0020738668152246995,0.3208485895473596,0.00032084858954735965
203,blocks.0.mlp.proj.weight,0.03916550427675247,11.27254867553711,0.0034744142965417585,0.3208485895473596,0.00032084858954735965
203,blocks.1.ln1.weight,0.0013255288358777761,16.408029556274414,8.07853759241197e-05,0.3208485895473596,0.00032084858954735965
203,blocks.1.ln1.bias,0.0009920360753312707,0.19092437624931335,0.005195963421824417,0.3208485895473596,0.00032084858954735965
203,blocks.1.attn.qkv.weight,0.03478876128792763,17.825563430786133,0.0019516219738582167,0.3208485895473596,0.00032084858954735965
203,blocks.1.attn.proj.weight,0.017917674034833908,10.307875633239746,0.001738250894010901,0.3208485895473596,0.00032084858954735965
203,blocks.1.ln2.weight,0.001272096880711615,16.345895767211914,7.78236261155675e-05,0.3208485895473596,0.00032084858954735965
203,blocks.1.ln2.bias,0.000718341616448015,0.11772110313177109,0.006102063243816509,0.3208485895473596,0.00032084858954735965
203,blocks.1.mlp.fc.weight,0.034765712916851044,19.969318389892578,0.001740956413136559,0.3208485895473596,0.00032084858954735965
203,blocks.1.mlp.proj.weight,0.02894437685608864,11.243515014648438,0.0025743174459567438,0.3208485895473596,0.00032084858954735965
203,final_norm.weight,0.0016023399075493217,16.553611755371094,9.679699700757566e-05,0.3208485895473596,0.00032084858954735965
203,final_norm.bias,0.0005468641174957156,0.1863706409931183,0.0029342825381653017,0.3208485895473596,0.00032084858954735965
203,lm_head.weight,0.004471861757338047,3.7086293697357178,0.0012057990463618402,0.3208485895473596,0.00032084858954735965
204,token_embedding.weight,0.00663719279691577,85.4703369140625,7.765492727130774e-05,0.3167233442602637,0.0003167233442602637
204,position_embedding.weight,0.007490262389183044,89.40912628173828,8.377514355279903e-05,0.3167233442602637,0.0003167233442602637
204,blocks.0.ln1.weight,0.0014923459384590387,16.390405654907227,9.104996971274747e-05,0.3167233442602637,0.0003167233442602637
204,blocks.0.ln1.bias,0.0007070981664583087,0.16524378955364227,0.004279120978549622,0.3167233442602637,0.0003167233442602637
204,blocks.0.attn.qkv.weight,0.03552728891372681,17.933534622192383,0.001981053354075584,0.3167233442602637,0.0003167233442602637
204,blocks.0.attn.proj.weight,0.023400118574500084,10.328390121459961,0.002265611416621249,0.3167233442602637,0.0003167233442602637
204,blocks.0.ln2.weight,0.001319127157330513,16.115327835083008,8.18554342070967e-05,0.3167233442602637,0.0003167233442602637
204,blocks.0.ln2.bias,0.0009644599049352109,0.134147047996521,0.007189572333735096,0.3167233442602637,0.0003167233442602637
204,blocks.0.mlp.fc.weight,0.04123546555638313,19.73063850402832,0.0020899204832100175,0.3167233442602637,0.0003167233442602637
204,blocks.0.mlp.proj.weight,0.03949466347694397,11.273077964782715,0.003503449865273926,0.3167233442602637,0.0003167233442602637
204,blocks.1.ln1.weight,0.0013590353773906827,16.408048629760742,8.282736162334357e-05,0.3167233442602637,0.0003167233442602637
204,blocks.1.ln1.bias,0.001012071967124939,0.19101344048976898,0.005298433264824885,0.3167233442602637,0.0003167233442602637
204,blocks.1.attn.qkv.weight,0.035055942833423615,17.826581954956055,0.0019664982845281555,0.3167233442602637,0.0003167233442602637
204,blocks.1.attn.proj.weight,0.017875026911497116,10.309052467346191,0.0017339156016631335,0.3167233442602637,0.0003167233442602637
204,blocks.1.ln2.weight,0.0012862349394708872,16.34635353088379,7.868635271106035e-05,0.3167233442602637,0.0003167233442602637
204,blocks.1.ln2.bias,0.000410467735491693,0.11786772310733795,0.0034824439182083136,0.3167233442602637,0.0003167233442602637
204,blocks.1.mlp.fc.weight,0.034525562077760696,19.97110939025879,0.0017287753726189761,0.3167233442602637,0.0003167233442602637
204,blocks.1.mlp.proj.weight,0.0281111728399992,11.245716094970703,0.0024997227924479213,0.3167233442602637,0.0003167233442602637
204,final_norm.weight,0.0016002422198653221,16.555025100708008,9.666202317003966e-05,0.3167233442602637,0.0003167233442602637
204,final_norm.bias,0.0004644216096494347,0.1865762621164322,0.0024891784430600555,0.3167233442602637,0.0003167233442602637
204,lm_head.weight,0.00428367406129837,3.70995831489563,0.0011546421004511274,0.3167233442602637,0.0003167233442602637
205,token_embedding.weight,0.006034152116626501,85.47061157226562,7.059914519886803e-05,0.31262473517105593,0.00031262473517105593
205,position_embedding.weight,0.006801032926887274,89.40799713134766,7.606738932867409e-05,0.31262473517105593,0.00031262473517105593
205,blocks.0.ln1.weight,0.0013806226197630167,16.39092445373535,8.423091837558318e-05,0.31262473517105593,0.00031262473517105593
205,blocks.0.ln1.bias,0.0006472116219811141,0.16524861752986908,0.003916593262029635,0.31262473517105593,0.00031262473517105593
205,blocks.0.attn.qkv.weight,0.032872818410396576,17.9352970123291,0.0018328560930882425,0.31262473517105593,0.00031262473517105593
205,blocks.0.attn.proj.weight,0.02234007976949215,10.329997062683105,0.0021626414445162865,0.31262473517105593,0.00031262473517105593
205,blocks.0.ln2.weight,0.0012917692074552178,16.114957809448242,8.015963943124754e-05,0.31262473517105593,0.00031262473517105593
205,blocks.0.ln2.bias,0.0008896262152120471,0.13413824141025543,0.006632159523282667,0.31262473517105593,0.00031262473517105593
205,blocks.0.mlp.fc.weight,0.03911064192652702,19.73072052001953,0.0019822206638040367,0.31262473517105593,0.00031262473517105593
205,blocks.0.mlp.proj.weight,0.03722669184207916,11.27353286743164,0.003302131840997322,0.31262473517105593,0.00031262473517105593
205,blocks.1.ln1.weight,0.0012798720272257924,16.40817642211914,7.8002088367381e-05,0.31262473517105593,0.00031262473517105593
205,blocks.1.ln1.bias,0.0009675997425802052,0.1914507895708084,0.0050540389242807625,0.31262473517105593,0.00031262473517105593
205,blocks.1.attn.qkv.weight,0.03277777507901192,17.827795028686523,0.0018385770661075976,0.31262473517105593,0.00031262473517105593
205,blocks.1.attn.proj.weight,0.017051946371793747,10.310415267944336,0.001653856409140722,0.31262473517105593,0.00031262473517105593
205,blocks.1.ln2.weight,0.0012206567917019129,16.346755981445312,7.467272363320083e-05,0.31262473517105593,0.00031262473517105593
205,blocks.1.ln2.bias,0.00047928933054208755,0.11786843091249466,0.004066307889462318,0.31262473517105593,0.00031262473517105593
205,blocks.1.mlp.fc.weight,0.03266291692852974,19.97276496887207,0.001635372817906478,0.31262473517105593,0.00031262473517105593
205,blocks.1.mlp.proj.weight,0.026521285995841026,11.247693061828613,0.0023579311641997213,0.31262473517105593,0.00031262473517105593
205,final_norm.weight,0.0015686673577874899,16.55645751953125,9.474655770637388e-05,0.31262473517105593,0.00031262473517105593
205,final_norm.bias,0.0005811817827634513,0.18685202300548553,0.0031103852846339204,0.31262473517105593,0.00031262473517105593
205,lm_head.weight,0.004034025128930807,3.7112419605255127,0.001086974433851923,0.31262473517105593,0.00031262473517105593
206,token_embedding.weight,0.005815730430185795,85.4708251953125,6.804345713167024e-05,0.3085532302706817,0.00030855323027068174
206,position_embedding.weight,0.006599531974643469,89.40695190429688,7.381452822267866e-05,0.3085532302706817,0.00030855323027068174
206,blocks.0.ln1.weight,0.001420165179297328,16.391464233398438,8.664053186923858e-05,0.3085532302706817,0.00030855323027068174
206,blocks.0.ln1.bias,0.0007249732152558863,0.16527999937534332,0.004386333603530085,0.3085532302706817,0.00030855323027068174
206,blocks.0.attn.qkv.weight,0.03281839191913605,17.93705177307129,0.0018296424816258898,0.3085532302706817,0.00030855323027068174
206,blocks.0.attn.proj.weight,0.02202342264354229,10.331550598144531,0.002131666726531388,0.3085532302706817,0.00030855323027068174
206,blocks.0.ln2.weight,0.0012310241581872106,16.114595413208008,7.639187498174169e-05,0.3085532302706817,0.00030855323027068174
206,blocks.0.ln2.bias,0.0008064252906478941,0.13412164151668549,0.0060126410736000245,0.3085532302706817,0.00030855323027068174
206,blocks.0.mlp.fc.weight,0.038360096514225006,19.730804443359375,0.001944172961844624,0.3085532302706817,0.00030855323027068174
206,blocks.0.mlp.proj.weight,0.036032870411872864,11.274016380310059,0.003196098816638289,0.3085532302706817,0.00030855323027068174
206,blocks.1.ln1.weight,0.0012294600019231439,16.4083194732666,7.492906290166872e-05,0.3085532302706817,0.00030855323027068174
206,blocks.1.ln1.bias,0.0009032037341967225,0.1918659508228302,0.004707472745000164,0.3085532302706817,0.00030855323027068174
206,blocks.1.attn.qkv.weight,0.032359540462493896,17.828990936279297,0.0018149956202313906,0.3085532302706817,0.00030855323027068174
206,blocks.1.attn.proj.weight,0.01837650127708912,10.31167221069336,0.0017821068107683473,0.3085532302706817,0.00030855323027068174
206,blocks.1.ln2.weight,0.0012171694543212652,16.347219467163086,7.445727738384733e-05,0.3085532302706817,0.00030855323027068174
206,blocks.1.ln2.bias,0.0007059644558466971,0.11783058196306229,0.00599135168543946,0.3085532302706817,0.00030855323027068174
206,blocks.1.mlp.fc.weight,0.03414317965507507,19.97455596923828,0.0017093335995881664,0.3085532302706817,0.00030855323027068174
206,blocks.1.mlp.proj.weight,0.028554396703839302,11.249807357788086,0.002538212059610865,0.3085532302706817,0.00030855323027068174
206,final_norm.weight,0.0014770126435905695,16.557872772216797,8.920304340475587e-05,0.3085532302706817,0.00030855323027068174
206,final_norm.bias,0.0006686290143989027,0.18720237910747528,0.0035716907957214715,0.3085532302706817,0.00030855323027068174
206,lm_head.weight,0.003964049741625786,3.712456464767456,0.0010677700275397092,0.3085532302706817,0.00030855323027068174
207,token_embedding.weight,0.005725813563913107,85.47091674804688,6.699136714295139e-05,0.30450929445525315,0.00030450929445525316
207,position_embedding.weight,0.006223353091627359,89.40592956542969,6.960783386378049e-05,0.30450929445525315,0.00030450929445525316
207,blocks.0.ln1.weight,0.001351832877844572,16.391998291015625,8.246907142403882e-05,0.30450929445525315,0.00030450929445525316
207,blocks.0.ln1.bias,0.0006972066476009786,0.16515924036502838,0.004221420769772365,0.30450929445525315,0.00030450929445525316
207,blocks.0.attn.qkv.weight,0.030403856188058853,17.938758850097656,0.0016948695526887941,0.30450929445525315,0.00030450929445525316
207,blocks.0.attn.proj.weight,0.02033797651529312,10.33311939239502,0.00196823202587396,0.30450929445525315,0.00030450929445525316
207,blocks.0.ln2.weight,0.0011801867512986064,16.114322662353516,7.323837160439269e-05,0.30450929445525315,0.00030450929445525316
207,blocks.0.ln2.bias,0.0007393107516691089,0.13425853848457336,0.005506619988631493,0.30450929445525315,0.00030450929445525316
207,blocks.0.mlp.fc.weight,0.036145713180303574,19.73108673095703,0.0018319169984484956,0.30450929445525315,0.00030450929445525316
207,blocks.0.mlp.proj.weight,0.03390340507030487,11.274734497070312,0.0030070246957133676,0.30450929445525315,0.00030450929445525316
207,blocks.1.ln1.weight,0.0011403677053749561,16.408416748046875,6.949894818527368e-05,0.30450929445525315,0.00030450929445525316
207,blocks.1.ln1.bias,0.0007871376583352685,0.19215719401836395,0.004096321568142525,0.30450929445525315,0.00030450929445525316
207,blocks.1.attn.qkv.weight,0.03051217831671238,17.830055236816406,0.0017112778346141952,0.30450929445525315,0.00030450929445525316
207,blocks.1.attn.proj.weight,0.01728847809135914,10.31271743774414,0.0016764231344187043,0.30450929445525315,0.00030450929445525316
207,blocks.1.ln2.weight,0.0011579591082409024,16.34771728515625,7.083307644990045e-05,0.30450929445525315,0.00030450929445525316
207,blocks.1.ln2.bias,0.0006527649238705635,0.11771726608276367,0.005545192694214269,0.30450929445525315,0.00030450929445525316
207,blocks.1.mlp.fc.weight,0.031959619373083115,19.976409912109375,0.0015998680200143528,0.30450929445525315,0.00030450929445525316
207,blocks.1.mlp.proj.weight,0.026668591424822807,11.252057075500488,0.002370108082982171,0.30450929445525315,0.00030450929445525316
207,final_norm.weight,0.0015118718147277832,16.559194564819336,9.130104781422906e-05,0.30450929445525315,0.00030450929445525316
207,final_norm.bias,0.0005923860007897019,0.18764394521713257,0.0031569683748711654,0.30450929445525315,0.00030450929445525316
207,lm_head.weight,0.0038497159257531166,3.7135727405548096,0.001036660971713437,0.30450929445525315,0.00030450929445525316
208,token_embedding.weight,0.005495322868227959,85.47105407714844,6.429454892726221e-05,0.3004933894729647,0.0003004933894729647
208,position_embedding.weight,0.006528695113956928,89.40495300292969,7.302386383160359e-05,0.3004933894729647,0.0003004933894729647
208,blocks.0.ln1.weight,0.0015009165508672595,16.39257049560547,9.156078061518996e-05,0.3004933894729647,0.0003004933894729647
208,blocks.0.ln1.bias,0.0008269118261523545,0.1650637537240982,0.0050096511650251,0.3004933894729647,0.0003004933894729647
208,blocks.0.attn.qkv.weight,0.03337081894278526,17.940475463867188,0.001860085537308837,0.3004933894729647,0.0003004933894729647
208,blocks.0.attn.proj.weight,0.020551560446619987,10.33469009399414,0.0019885995864124895,0.3004933894729647,0.0003004933894729647
208,blocks.0.ln2.weight,0.0012088081566616893,16.114038467407227,7.501584156613432e-05,0.3004933894729647,0.0003004933894729647
208,blocks.0.ln2.bias,0.0007780631422065198,0.13443304598331451,0.005787737207838787,0.3004933894729647,0.0003004933894729647
208,blocks.0.mlp.fc.weight,0.03666074573993683,19.731252670288086,0.0018580039672361922,0.3004933894729647,0.0003004933894729647
208,blocks.0.mlp.proj.weight,0.03390510380268097,11.275367736816406,0.0030070064758926478,0.3004933894729647,0.0003004933894729647
208,blocks.1.ln1.weight,0.0011028030421584845,16.40846824645996,6.720938393480703e-05,0.3004933894729647,0.0003004933894729647
208,blocks.1.ln1.bias,0.0006917282589711249,0.19240227341651917,0.0035952187398017492,0.3004933894729647,0.0003004933894729647
208,blocks.1.attn.qkv.weight,0.030371204018592834,17.831003189086914,0.0017032807238338212,0.3004933894729647,0.0003004933894729647
208,blocks.1.attn.proj.weight,0.017348695546388626,10.31363582611084,0.0016821124808833732,0.3004933894729647,0.0003004933894729647
208,blocks.1.ln2.weight,0.001217525452375412,16.348262786865234,7.44743015357901e-05,0.3004933894729647,0.0003004933894729647
208,blocks.1.ln2.bias,0.0007508151466026902,0.11762678623199463,0.006383028650595612,0.3004933894729647,0.0003004933894729647
208,blocks.1.mlp.fc.weight,0.033218011260032654,19.97837257385254,0.0016626985575144565,0.3004933894729647,0.0003004933894729647
208,blocks.1.mlp.proj.weight,0.027851631864905357,11.254478454589844,0.002474715463473505,0.3004933894729647,0.0003004933894729647
208,final_norm.weight,0.0014815425965934992,16.56056785583496,8.946206491774389e-05,0.3004933894729647,0.0003004933894729647
208,final_norm.bias,0.000629899266641587,0.18800479173660278,0.003350442618083553,0.3004933894729647,0.0003004933894729647
208,lm_head.weight,0.003675524378195405,3.7148234844207764,0.0009894210030729122,0.3004933894729647,0.0003004933894729647
209,token_embedding.weight,0.0050961049273610115,85.47113037109375,5.962369873002697e-05,0.2965059738713701,0.0002965059738713701
209,position_embedding.weight,0.006089479196816683,89.40400695800781,6.811192701549478e-05,0.2965059738713701,0.0002965059738713701
209,blocks.0.ln1.weight,0.0014255766291171312,16.393268585205078,8.696109758145652e-05,0.2965059738713701,0.0002965059738713701
209,blocks.0.ln1.bias,0.0006559471949003637,0.164911150932312,0.003977579388586163,0.2965059738713701,0.0002965059738713701
209,blocks.0.attn.qkv.weight,0.031086280941963196,17.94236946105957,0.0017325627481603366,0.2965059738713701,0.0002965059738713701
209,blocks.0.attn.proj.weight,0.019089097157120705,10.33644962310791,0.0018467750391240477,0.2965059738713701,0.0002965059738713701
209,blocks.0.ln2.weight,0.0011123045114800334,16.11380958557129,6.90280287583856e-05,0.2965059738713701,0.0002965059738713701
209,blocks.0.ln2.bias,0.0005759915802627802,0.1345994472503662,0.004279301230614331,0.2965059738713701,0.0002965059738713701
209,blocks.0.mlp.fc.weight,0.03407539054751396,19.73158836364746,0.0017269461494691992,0.2965059738713701,0.0002965059738713701
209,blocks.0.mlp.proj.weight,0.03169333189725876,11.276128768920898,0.002810657145438836,0.2965059738713701,0.0002965059738713701
209,blocks.1.ln1.weight,0.0010393119882792234,16.408485412597656,6.333990993959905e-05,0.2965059738713701,0.0002965059738713701
209,blocks.1.ln1.bias,0.0005100923590362072,0.19253700971603394,0.0026493210826628874,0.2965059738713701,0.0002965059738713701
209,blocks.1.attn.qkv.weight,0.028674019500613213,17.831851959228516,0.0016080225187026604,0.2965059738713701,0.0002965059738713701
209,blocks.1.attn.proj.weight,0.01682719588279724,10.314291954040527,0.0016314445972419574,0.2965059738713701,0.0002965059738713701
209,blocks.1.ln2.weight,0.0011442985851317644,16.348840713500977,6.999264383233764e-05,0.2965059738713701,0.0002965059738713701
209,blocks.1.ln2.bias,0.0006501376046799123,0.11751987040042877,0.0055321504564219475,0.2965059738713701,0.0002965059738713701
209,blocks.1.mlp.fc.weight,0.03141282498836517,19.980419158935547,0.001572180480223575,0.2965059738713701,0.0002965059738713701
209,blocks.1.mlp.proj.weight,0.02678225375711918,11.25688648223877,0.002379188401639664,0.2965059738713701,0.0002965059738713701
209,final_norm.weight,0.0014437094796448946,16.56192398071289,8.717039646638111e-05,0.2965059738713701,0.0002965059738713701
209,final_norm.bias,0.0006184231606312096,0.18843701481819153,0.0032818560685892685,0.2965059738713701,0.0002965059738713701
209,lm_head.weight,0.003526735119521618,3.7160139083862305,0.0009490640257189563,0.2965059738713701,0.0002965059738713701
210,token_embedding.weight,0.004896785598248243,85.47111511230469,5.729170131703628e-05,0.29254750294502374,0.0002925475029450237
210,position_embedding.weight,0.0058046914637088776,89.40314483642578,6.49271507655488e-05,0.29254750294502374,0.0002925475029450237
210,blocks.0.ln1.weight,0.0013704125303775072,16.39398765563965,8.359238515749353e-05,0.29254750294502374,0.0002925475029450237
210,blocks.0.ln1.bias,0.0007458450272679329,0.16478659212589264,0.004526126899290451,0.29254750294502374,0.0002925475029450237
210,blocks.0.attn.qkv.weight,0.029483221471309662,17.944263458251953,0.0016430443935412516,0.29254750294502374,0.0002925475029450237
210,blocks.0.attn.proj.weight,0.018537964671850204,10.338284492492676,0.00179313740933615,0.29254750294502374,0.0002925475029450237
210,blocks.0.ln2.weight,0.0010212647030130029,16.113561630249023,6.337920358313463e-05,0.29254750294502374,0.0002925475029450237
210,blocks.0.ln2.bias,0.0006351137417368591,0.13475508987903595,0.004713096494553647,0.29254750294502374,0.0002925475029450237
210,blocks.0.mlp.fc.weight,0.032568830996751785,19.731857299804688,0.0016505709777798014,0.29254750294502374,0.0002925475029450237
210,blocks.0.mlp.proj.weight,0.030604232102632523,11.276856422424316,0.0027138974689588594,0.29254750294502374,0.0002925475029450237
210,blocks.1.ln1.weight,0.0010410054819658399,16.40848731994629,6.344311097466748e-05,0.29254750294502374,0.0002925475029450237
210,blocks.1.ln1.bias,0.0005813518073409796,0.1924949586391449,0.0030200884815262813,0.29254750294502374,0.0002925475029450237
210,blocks.1.attn.qkv.weight,0.027704786509275436,17.8326358795166,0.001553600191046176,0.29254750294502374,0.0002925475029450237
210,blocks.1.attn.proj.weight,0.0168698001652956,10.314895629882812,0.0016354794823537756,0.29254750294502374,0.0002925475029450237
210,blocks.1.ln2.weight,0.0010814073029905558,16.349382400512695,6.614361793608657e-05,0.29254750294502374,0.0002925475029450237
210,blocks.1.ln2.bias,0.0007738536805845797,0.11742077767848969,0.006590432254646458,0.29254750294502374,0.0002925475029450237
210,blocks.1.mlp.fc.weight,0.030842026695609093,19.98235321044922,0.0015434631932879442,0.29254750294502374,0.0002925475029450237
210,blocks.1.mlp.proj.weight,0.02643389068543911,11.259210586547852,0.0023477570192193702,0.29254750294502374,0.0002925475029450237
210,final_norm.weight,0.0014316813321784139,16.5632381439209,8.643728477114173e-05,0.29254750294502374,0.0002925475029450237
210,final_norm.bias,0.0006191987195052207,0.18889324367046356,0.003278035293745999,0.29254750294502374,0.0002925475029450237
210,lm_head.weight,0.0036101164296269417,3.7171528339385986,0.0009712047340815913,0.29254750294502374,0.0002925475029450237
211,token_embedding.weight,0.005141939502209425,85.4710693359375,6.015999966022848e-05,0.28861842868349374,0.00028861842868349374
211,position_embedding.weight,0.005910605192184448,89.40234375,6.611241880540054e-05,0.28861842868349374,0.00028861842868349374
211,blocks.0.ln1.weight,0.0014007228892296553,16.394699096679688,8.543754789090635e-05,0.28861842868349374,0.00028861842868349374
211,blocks.0.ln1.bias,0.0006434436654672027,0.1647101789712906,0.003906520346720344,0.28861842868349374,0.00028861842868349374
211,blocks.0.attn.qkv.weight,0.029388591647148132,17.946130752563477,0.0016376004416968012,0.28861842868349374,0.00028861842868349374
211,blocks.0.attn.proj.weight,0.018354283645749092,10.340119361877441,0.0017750552970807055,0.28861842868349374,0.00028861842868349374
211,blocks.0.ln2.weight,0.001131878118030727,16.113359451293945,7.024470107875388e-05,0.28861842868349374,0.00028861842868349374
211,blocks.0.ln2.bias,0.0006276196800172329,0.1349232941865921,0.004651677709147947,0.28861842868349374,0.00028861842868349374
211,blocks.0.mlp.fc.weight,0.03399030119180679,19.73215103149414,0.0017225846861578218,0.28861842868349374,0.00028861842868349374
211,blocks.0.mlp.proj.weight,0.031099693849682808,11.277640342712402,0.002757641927265098,0.28861842868349374,0.00028861842868349374
211,blocks.1.ln1.weight,0.0011862306855618954,16.408458709716797,7.229385200325723e-05,0.28861842868349374,0.00028861842868349374
211,blocks.1.ln1.bias,0.0007013188442215323,0.1925257295370102,0.003642727888394115,0.28861842868349374,0.00028861842868349374
211,blocks.1.attn.qkv.weight,0.02908390760421753,17.8333740234375,0.001630869602465153,0.28861842868349374,0.00028861842868349374
211,blocks.1.attn.proj.weight,0.01696646213531494,10.31544017791748,0.001644763756338176,0.28861842868349374,0.00028861842868349374
211,blocks.1.ln2.weight,0.0010296914260834455,16.349864959716797,6.297858903546677e-05,0.28861842868349374,0.00028861842868349374
211,blocks.1.ln2.bias,0.0006730143213644624,0.1173241063952446,0.005736368612017868,0.28861842868349374,0.00028861842868349374
211,blocks.1.mlp.fc.weight,0.030265266075730324,19.98410987854004,0.001514466556663062,0.28861842868349374,0.00028861842868349374
211,blocks.1.mlp.proj.weight,0.025999421253800392,11.261381149291992,0.002308724028529367,0.28861842868349374,0.00028861842868349374
211,final_norm.weight,0.0014286587247624993,16.564523696899414,8.624810172053621e-05,0.28861842868349374,0.00028861842868349374
211,final_norm.bias,0.0005241257604211569,0.18924501538276672,0.002769561773441119,0.28861842868349374,0.00028861842868349374
211,lm_head.weight,0.0036655038129538298,3.7183218002319336,0.000985795208129701,0.28861842868349374,0.00028861842868349374
212,token_embedding.weight,0.004990325774997473,85.47108459472656,5.8386129047733064e-05,0.2847191997197531,0.0002847191997197531
212,position_embedding.weight,0.005948528181761503,89.40155029296875,6.653719272504917e-05,0.2847191997197531,0.0002847191997197531
212,blocks.0.ln1.weight,0.001385414507240057,16.395490646362305,8.44997284388898e-05,0.2847191997197531,0.0002847191997197531
212,blocks.0.ln1.bias,0.0006034195539541543,0.16473042964935303,0.003663072786460501,0.2847191997197531,0.0002847191997197531
212,blocks.0.attn.qkv.weight,0.029511239379644394,17.948091506958008,0.001644255009965935,0.2847191997197531,0.0002847191997197531
212,blocks.0.attn.proj.weight,0.018280666321516037,10.342004776000977,0.0017676134093396732,0.2847191997197531,0.0002847191997197531
212,blocks.0.ln2.weight,0.0010222475975751877,16.11310386657715,6.344200385225202e-05,0.2847191997197531,0.0002847191997197531
212,blocks.0.ln2.bias,0.0006183024379424751,0.1350649744272232,0.004577814792916989,0.2847191997197531,0.0002847191997197531
212,blocks.0.mlp.fc.weight,0.03299710899591446,19.732362747192383,0.0016722330426754283,0.2847191997197531,0.0002847191997197531
212,blocks.0.mlp.proj.weight,0.03043459542095661,11.27815055847168,0.002698544877829522,0.2847191997197531,0.0002847191997197531
212,blocks.1.ln1.weight,0.001086826785467565,16.408432006835938,6.623587098479091e-05,0.2847191997197531,0.0002847191997197531
212,blocks.1.ln1.bias,0.0007708851480856538,0.19271163642406464,0.004000200311647555,0.2847191997197531,0.0002847191997197531
212,blocks.1.attn.qkv.weight,0.028470123186707497,17.83411407470703,0.0015963856162097357,0.2847191997197531,0.0002847191997197531
212,blocks.1.attn.proj.weight,0.016171572729945183,10.31606674194336,0.0015676103242132752,0.2847191997197531,0.0002847191997197531
212,blocks.1.ln2.weight,0.0010528729762881994,16.350282669067383,6.43947873928831e-05,0.2847191997197531,0.0002847191997197531
212,blocks.1.ln2.bias,0.0007105523254722357,0.11728723347187042,0.00605822393821398,0.2847191997197531,0.0002847191997197531
212,blocks.1.mlp.fc.weight,0.02941538579761982,19.985750198364258,0.0014718179455693319,0.2847191997197531,0.0002847191997197531
212,blocks.1.mlp.proj.weight,0.02560845948755741,11.263415336608887,0.002273596304694661,0.2847191997197531,0.0002847191997197531
212,final_norm.weight,0.0014853427419438958,16.565811157226562,8.966314585180153e-05,0.2847191997197531,0.0002847191997197531
212,final_norm.bias,0.0005875263013876975,0.1894836127758026,0.0031006707797985628,0.2847191997197531,0.0002847191997197531
212,lm_head.weight,0.003563396167010069,3.7195818424224854,0.0009580098833605301,0.2847191997197531,0.0002847191997197531
213,token_embedding.weight,0.0045808847062289715,85.47103881835938,5.3595753246477844e-05,0.28085026127895285,0.00028085026127895287
213,position_embedding.weight,0.005676374305039644,89.40074920654297,6.349358764237452e-05,0.28085026127895285,0.00028085026127895287
213,blocks.0.ln1.weight,0.001357679138891399,16.39629554748535,8.280401722202056e-05,0.28085026127895285,0.00028085026127895287
213,blocks.0.ln1.bias,0.0005581111181527376,0.16476917266845703,0.0033872302027780567,0.28085026127895285,0.00028085026127895287
213,blocks.0.attn.qkv.weight,0.02827279642224312,17.95009422302246,0.001575077883768397,0.28085026127895285,0.00028085026127895287
213,blocks.0.attn.proj.weight,0.017884615808725357,10.343929290771484,0.0017289963326295838,0.28085026127895285,0.00028085026127895287
213,blocks.0.ln2.weight,0.0010427457746118307,16.11288070678711,6.471504342315015e-05,0.28085026127895285,0.00028085026127895287
213,blocks.0.ln2.bias,0.0005316413007676601,0.135147824883461,0.003933776227787348,0.28085026127895285,0.00028085026127895287
213,blocks.0.mlp.fc.weight,0.03192413970828056,19.732589721679688,0.0016178383151201244,0.28085026127895285,0.00028085026127895287
213,blocks.0.mlp.proj.weight,0.028509004041552544,11.278707504272461,0.002527683604770368,0.28085026127895285,0.00028085026127895287
213,blocks.1.ln1.weight,0.0009704656549729407,16.408443450927734,5.914428494544444e-05,0.28085026127895285,0.00028085026127895287
213,blocks.1.ln1.bias,0.0006151045090518892,0.19298623502254486,0.003187297316706783,0.28085026127895285,0.00028085026127895287
213,blocks.1.attn.qkv.weight,0.026263175532221794,17.834867477416992,0.0014725747508623481,0.28085026127895285,0.00028085026127895287
213,blocks.1.attn.proj.weight,0.015160615555942059,10.316781997680664,0.00146951012043764,0.28085026127895285,0.00028085026127895287
213,blocks.1.ln2.weight,0.0010409175883978605,16.35077476501465,6.36616676186515e-05,0.28085026127895285,0.00028085026127895287
213,blocks.1.ln2.bias,0.000657327938824892,0.11728598922491074,0.005604488167455176,0.28085026127895285,0.00028085026127895287
213,blocks.1.mlp.fc.weight,0.027539607137441635,19.98751449584961,0.0013778405085414114,0.28085026127895285,0.00028085026127895287
213,blocks.1.mlp.proj.weight,0.023244669660925865,11.265618324279785,0.0020633283493038846,0.28085026127895285,0.00028085026127895287
213,final_norm.weight,0.0014508424792438745,16.56715965270996,8.757339879962263e-05,0.28085026127895285,0.00028085026127895287
213,final_norm.bias,0.0005377879133448005,0.1897825002670288,0.002833706546100328,0.28085026127895285,0.00028085026127895287
213,lm_head.weight,0.0033445670269429684,3.7208218574523926,0.0008988785690567995,0.28085026127895285,0.00028085026127895287
214,token_embedding.weight,0.004357149824500084,85.470947265625,5.097813893367725e-05,0.2770120551275851,0.0002770120551275851
214,position_embedding.weight,0.005237078759819269,89.39995574951172,5.85803283224535e-05,0.2770120551275851,0.0002770120551275851
214,blocks.0.ln1.weight,0.0012544583296403289,16.397138595581055,7.650470978993387e-05,0.2770120551275851,0.0002770120551275851
214,blocks.0.ln1.bias,0.00045313796726986766,0.16478252410888672,0.0027499151971218045,0.2770120551275851,0.0002770120551275851
214,blocks.0.attn.qkv.weight,0.026070157065987587,17.952123641967773,0.0014522046297096765,0.2770120551275851,0.0002770120551275851
214,blocks.0.attn.proj.weight,0.01698051393032074,10.345866203308105,0.0016412848954966723,0.2770120551275851,0.0002770120551275851
214,blocks.0.ln2.weight,0.0009498238796368241,16.112648010253906,5.8948962270652726e-05,0.2770120551275851,0.0002770120551275851
214,blocks.0.ln2.bias,0.0004448374093044549,0.13523687422275543,0.003289320400650873,0.2770120551275851,0.0002770120551275851
214,blocks.0.mlp.fc.weight,0.029560530558228493,19.732763290405273,0.0014980431338068253,0.2770120551275851,0.0002770120551275851
214,blocks.0.mlp.proj.weight,0.027245305478572845,11.279186248779297,0.002415538220367545,0.2770120551275851,0.0002770120551275851
214,blocks.1.ln1.weight,0.0008997332770377398,16.408506393432617,5.483334408778343e-05,0.2770120551275851,0.0002770120551275851
214,blocks.1.ln1.bias,0.0005792248994112015,0.1932358592748642,0.0029975021281339813,0.2770120551275851,0.0002770120551275851
214,blocks.1.attn.qkv.weight,0.02468954399228096,17.835697174072266,0.0013842769223605536,0.2770120551275851,0.0002770120551275851
214,blocks.1.attn.proj.weight,0.014695829711854458,10.317557334899902,0.0014243516401060646,0.2770120551275851,0.0002770120551275851
214,blocks.1.ln2.weight,0.000980717595666647,16.35126495361328,5.9978087227426976e-05,0.2770120551275851,0.0002770120551275851
214,blocks.1.ln2.bias,0.000696438190061599,0.1173141822218895,0.005936521713448171,0.2770120551275851,0.0002770120551275851
214,blocks.1.mlp.fc.weight,0.027155792340636253,19.989259719848633,0.0013585191608506716,0.2770120551275851,0.0002770120551275851
214,blocks.1.mlp.proj.weight,0.022698989138007164,11.267786979675293,0.002014502863690033,0.2770120551275851,0.0002770120551275851
214,final_norm.weight,0.001414789934642613,16.568498611450195,8.539035236812534e-05,0.2770120551275851,0.0002770120551275851
214,final_norm.bias,0.00047440375783480704,0.19008705019950867,0.002495718447597529,0.2770120551275851,0.0002770120551275851
214,lm_head.weight,0.003454050747677684,3.7220311164855957,0.0009280015775198915,0.2770120551275851,0.0002770120551275851
215,token_embedding.weight,0.004063754808157682,85.47088623046875,4.754548580670951e-05,0.2732050195230413,0.00027320501952304133
215,position_embedding.weight,0.004913001321256161,89.39922332763672,5.495574948398136e-05,0.2732050195230413,0.00027320501952304133
215,blocks.0.ln1.weight,0.0011346166720613837,16.397899627685547,6.919280504349923e-05,0.2732050195230413,0.00027320501952304133
215,blocks.0.ln1.bias,0.00047289193025790155,0.16481991112232208,0.0028691432184068636,0.2732050195230413,0.00027320501952304133
215,blocks.0.attn.qkv.weight,0.024717314168810844,17.953977584838867,0.0013767040786372522,0.2732050195230413,0.00027320501952304133
215,blocks.0.attn.proj.weight,0.01613778807222843,10.34765625,0.0015595597381993505,0.2732050195230413,0.00027320501952304133
215,blocks.0.ln2.weight,0.0008918996318243444,16.112346649169922,5.535504239354471e-05,0.2732050195230413,0.00027320501952304133
215,blocks.0.ln2.bias,0.00043867152999155223,0.13528640568256378,0.0032425396164165172,0.2732050195230413,0.00027320501952304133
215,blocks.0.mlp.fc.weight,0.027672739699482918,19.732770919799805,0.001402374750710493,0.2732050195230413,0.00027320501952304133
215,blocks.0.mlp.proj.weight,0.025609171018004417,11.27943229675293,0.0022704308465395368,0.2732050195230413,0.00027320501952304133
215,blocks.1.ln1.weight,0.0008415385382249951,16.4085693359375,5.128652724048491e-05,0.2732050195230413,0.00027320501952304133
215,blocks.1.ln1.bias,0.0005369597929529846,0.19347716867923737,0.002775313472983606,0.2732050195230413,0.00027320501952304133
215,blocks.1.attn.qkv.weight,0.023314984515309334,17.836488723754883,0.0013071510248682976,0.2732050195230413,0.00027320501952304133
215,blocks.1.attn.proj.weight,0.013816961087286472,10.318353652954102,0.0013390664394730641,0.2732050195230413,0.00027320501952304133
215,blocks.1.ln2.weight,0.0009783252608031034,16.351667404174805,5.983030577990254e-05,0.2732050195230413,0.00027320501952304133
215,blocks.1.ln2.bias,0.0007770968368276954,0.11742067337036133,0.006618058085649062,0.2732050195230413,0.00027320501952304133
215,blocks.1.mlp.fc.weight,0.026045268401503563,19.990772247314453,0.0013028645456656216,0.2732050195230413,0.00027320501952304133
215,blocks.1.mlp.proj.weight,0.022127004340291023,11.269702911376953,0.0019634061797628648,0.2732050195230413,0.00027320501952304133
215,final_norm.weight,0.001387072610668838,16.56980323791504,8.371086794168163e-05,0.2732050195230413,0.00027320501952304133
215,final_norm.bias,0.0005560237914323807,0.1902552992105484,0.0029225140836373104,0.2732050195230413,0.00027320501952304133
215,lm_head.weight,0.0032171285711228848,3.7233333587646484,0.0008640452683477744,0.2732050195230413,0.00027320501952304133
216,token_embedding.weight,0.00389097910374403,85.47083282470703,4.552405744921232e-05,0.26942958916356996,0.00026942958916356994
216,position_embedding.weight,0.004924790933728218,89.39859008789062,5.508801569338446e-05,0.26942958916356996,0.00026942958916356994
216,blocks.0.ln1.weight,0.0011622562306001782,16.398548126220703,7.087555688797233e-05,0.26942958916356996,0.00026942958916356994
216,blocks.0.ln1.bias,0.0005409800796769559,0.16486003994941711,0.003281450616169083,0.26942958916356996,0.00026942958916356994
216,blocks.0.attn.qkv.weight,0.025031618773937225,17.955610275268555,0.0013940834307599966,0.26942958916356996,0.00026942958916356994
216,blocks.0.attn.proj.weight,0.016123108565807343,10.349233627319336,0.0015579036232446133,0.26942958916356996,0.00026942958916356994
216,blocks.0.ln2.weight,0.0009155113948509097,16.112056732177734,5.6821510131755276e-05,0.26942958916356996,0.00026942958916356994
216,blocks.0.ln2.bias,0.0004462987999431789,0.13531118631362915,0.0032983141460709176,0.26942958916356996,0.00026942958916356994
216,blocks.0.mlp.fc.weight,0.027514224871993065,19.732797622680664,0.0013943397889190896,0.26942958916356996,0.00026942958916356994
216,blocks.0.mlp.proj.weight,0.02528787963092327,11.279641151428223,0.002241904621914243,0.26942958916356996,0.00026942958916356994
216,blocks.1.ln1.weight,0.0008089442271739244,16.408592224121094,4.9300038426496115e-05,0.26942958916356996,0.00026942958916356994
216,blocks.1.ln1.bias,0.0006041099550202489,0.19364219903945923,0.0031197226535008894,0.26942958916356996,0.00026942958916356994
216,blocks.1.attn.qkv.weight,0.02327127195894718,17.837194442749023,0.0013046486673472272,0.26942958916356996,0.00026942958916356994
216,blocks.1.attn.proj.weight,0.013540798798203468,10.319024085998535,0.001312216997009932,0.26942958916356996,0.00026942958916356994
216,blocks.1.ln2.weight,0.0009261714294552803,16.352115631103516,5.663924169503451e-05,0.26942958916356996,0.00026942958916356994
216,blocks.1.ln2.bias,0.0006617152830585837,0.11754604429006577,0.005629413452825806,0.26942958916356996,0.00026942958916356994
216,blocks.1.mlp.fc.weight,0.025218360126018524,19.99237823486328,0.0012613987105366369,0.26942958916356996,0.00026942958916356994
216,blocks.1.mlp.proj.weight,0.02110888995230198,11.271708488464355,0.0018727320684262974,0.26942958916356996,0.00026942958916356994
216,final_norm.weight,0.0013567500282078981,16.571075439453125,8.187459125179093e-05,0.26942958916356996,0.00026942958916356994
216,final_norm.bias,0.0005350523279048502,0.19049596786499023,0.0028087330871026514,0.26942958916356996,0.00026942958916356994
216,lm_head.weight,0.003175027435645461,3.7245514392852783,0.0008524590108101392,0.26942958916356996,0.00026942958916356994
217,token_embedding.weight,0.00380909931845963,85.47076416015625,4.456610814104861e-05,0.26568619513864244,0.00026568619513864244
217,position_embedding.weight,0.004966390319168568,89.39788818359375,5.555377671751246e-05,0.26568619513864244,0.00026568619513864244
217,blocks.0.ln1.weight,0.0011075722286477685,16.39924430847168,6.753800405763458e-05,0.26568619513864244,0.00026568619513864244
217,blocks.0.ln1.bias,0.0005738302133977413,0.16490735113620758,0.0034797127565301704,0.26568619513864244,0.00026568619513864244
217,blocks.0.attn.qkv.weight,0.024361900985240936,17.957332611083984,0.00135665477233531,0.26568619513864244,0.00026568619513864244
217,blocks.0.attn.proj.weight,0.015284990891814232,10.350885391235352,0.001476684391149319,0.26568619513864244,0.00026568619513864244
217,blocks.0.ln2.weight,0.0008650846430100501,16.111713409423828,5.369290161926563e-05,0.26568619513864244,0.00026568619513864244
217,blocks.0.ln2.bias,0.0006375522934831679,0.1352950632572174,0.004712310103040252,0.26568619513864244,0.00026568619513864244
217,blocks.0.mlp.fc.weight,0.026531221345067024,19.73265266418457,0.001344533945667667,0.26568619513864244,0.00026568619513864244
217,blocks.0.mlp.proj.weight,0.024525480344891548,11.279619216918945,0.002174318110677194,0.26568619513864244,0.00026568619513864244
217,blocks.1.ln1.weight,0.0007755226688459516,16.40865135192871,4.7263035347188824e-05,0.26568619513864244,0.00026568619513864244
217,blocks.1.ln1.bias,0.000637735822238028,0.19379833340644836,0.0032907188159210328,0.26568619513864244,0.00026568619513864244
217,blocks.1.attn.qkv.weight,0.022698089480400085,17.837953567504883,0.001272460397124677,0.26568619513864244,0.00026568619513864244
217,blocks.1.attn.proj.weight,0.012929582968354225,10.319746971130371,0.001252897285614042,0.26568619513864244,0.00026568619513864244
217,blocks.1.ln2.weight,0.0009064302430488169,16.35252571105957,5.543059580305219e-05,0.26568619513864244,0.00026568619513864244
217,blocks.1.ln2.bias,0.0005996861727908254,0.11761100590229034,0.00509889502419474,0.26568619513864244,0.00026568619513864244
217,blocks.1.mlp.fc.weight,0.024392718449234962,19.993850708007812,0.0012200110326653648,0.26568619513864244,0.00026568619513864244
217,blocks.1.mlp.proj.weight,0.020409032702445984,11.273516654968262,0.001810351936052702,0.26568619513864244,0.00026568619513864244
217,final_norm.weight,0.001278082374483347,16.57231903076172,7.712151643417434e-05,0.26568619513864244,0.00026568619513864244
217,final_norm.bias,0.0005061400588601828,0.19077971577644348,0.0026530077204362065,0.26568619513864244,0.00026568619513864244
217,lm_head.weight,0.003012032015249133,3.725691318511963,0.0008084491595646542,0.26568619513864244,0.00026568619513864244
218,token_embedding.weight,0.004178856965154409,85.4706802368164,4.8892286262094384e-05,0.2619752648797292,0.0002619752648797292
218,position_embedding.weight,0.004710238892585039,89.39725494384766,5.268885376339116e-05,0.2619752648797292,0.0002619752648797292
218,blocks.0.ln1.weight,0.0010324738686904311,16.399845123291016,6.295631824132606e-05,0.2619752648797292,0.0002619752648797292
218,blocks.0.ln1.bias,0.0005530533380806446,0.16499987244606018,0.003351841003744354,0.2619752648797292,0.0002619752648797292
218,blocks.0.attn.qkv.weight,0.022955330088734627,17.95882225036621,0.0012782202400976072,0.2619752648797292,0.0002619752648797292
218,blocks.0.attn.proj.weight,0.014347161166369915,10.352338790893555,0.0013858859776680632,0.2619752648797292,0.0002619752648797292
218,blocks.0.ln2.weight,0.0007995713967829943,16.11138343811035,4.962773059522713e-05,0.2619752648797292,0.0002619752648797292
218,blocks.0.ln2.bias,0.000523235066793859,0.13523748517036438,0.0038690091444014106,0.2619752648797292,0.0002619752648797292
218,blocks.0.mlp.fc.weight,0.02504211850464344,19.732524871826172,0.0012690782688634522,0.2619752648797292,0.0002619752648797292
218,blocks.0.mlp.proj.weight,0.023386439308524132,11.279647827148438,0.0020733306275958698,0.2619752648797292,0.0002619752648797292
218,blocks.1.ln1.weight,0.0007559971418231726,16.408777236938477,4.607272869310884e-05,0.2619752648797292,0.0002619752648797292
218,blocks.1.ln1.bias,0.0006178717012517154,0.19394174218177795,0.003185862384743404,0.2619752648797292,0.0002619752648797292
218,blocks.1.attn.qkv.weight,0.021698445081710815,17.838817596435547,0.0012163611721690154,0.2619752648797292,0.0002619752648797292
218,blocks.1.attn.proj.weight,0.01231581810861826,10.320608139038086,0.0011933229072066038,0.2619752648797292,0.0002619752648797292
218,blocks.1.ln2.weight,0.0008959552505984902,16.35288429260254,5.478882101573566e-05,0.2619752648797292,0.0002619752648797292
218,blocks.1.ln2.bias,0.0004917361657135189,0.11766312271356583,0.004179186769557371,0.2619752648797292,0.0002619752648797292
218,blocks.1.mlp.fc.weight,0.02344752475619316,19.995147705078125,0.001172660742597919,0.2619752648797292,0.0002619752648797292
218,blocks.1.mlp.proj.weight,0.019242925569415092,11.275157928466797,0.0017066657240188254,0.2619752648797292,0.0002619752648797292
218,final_norm.weight,0.0012242832453921437,16.573497772216797,7.386993754839208e-05,0.2619752648797292,0.0002619752648797292
218,final_norm.bias,0.0004440362681634724,0.19097433984279633,0.0023251095855425555,0.2619752648797292,0.0002619752648797292
218,lm_head.weight,0.0030378533992916346,3.726776599884033,0.0008151423402694299,0.2619752648797292,0.0002619752648797292
219,token_embedding.weight,0.004224384669214487,85.47061157226562,4.942499639940811e-05,0.2582972221114953,0.0002582972221114953
219,position_embedding.weight,0.004790331237018108,89.39669036865234,5.358510720322844e-05,0.2582972221114953,0.0002582972221114953
219,blocks.0.ln1.weight,0.001195996766909957,16.400392532348633,7.292488667883185e-05,0.2582972221114953,0.0002582972221114953
219,blocks.0.ln1.bias,0.0006616340833716094,0.16501140594482422,0.004009626362366939,0.2582972221114953,0.0002582972221114953
219,blocks.0.attn.qkv.weight,0.025609593838453293,17.960205078125,0.001425907651224072,0.2582972221114953,0.0002582972221114953
219,blocks.0.attn.proj.weight,0.014384996145963669,10.35368537902832,0.0013893599833639423,0.2582972221114953,0.0002582972221114953
219,blocks.0.ln2.weight,0.0008093941723927855,16.111085891723633,5.023833761624512e-05,0.2582972221114953,0.0002582972221114953
219,blocks.0.ln2.bias,0.0004429456894285977,0.13519802689552307,0.0032762733273290767,0.2582972221114953,0.0002582972221114953
219,blocks.0.mlp.fc.weight,0.025791563093662262,19.73242950439453,0.001307064752868724,0.2582972221114953,0.0002582972221114953
219,blocks.0.mlp.proj.weight,0.02385224588215351,11.279662132263184,0.002114624144097977,0.2582972221114953,0.0002582972221114953
219,blocks.1.ln1.weight,0.0007682637078687549,16.408870697021484,4.682002326998422e-05,0.2582972221114953,0.0002582972221114953
219,blocks.1.ln1.bias,0.0005731963319703937,0.19412386417388916,0.002952735020017901,0.2582972221114953,0.0002582972221114953
219,blocks.1.attn.qkv.weight,0.021416736766695976,17.83958625793457,0.0012005175712620122,0.2582972221114953,0.0002582972221114953
219,blocks.1.attn.proj.weight,0.01218823529779911,10.321423530578613,0.0011808676643961596,0.2582972221114953,0.0002582972221114953
219,blocks.1.ln2.weight,0.0009182806825265288,16.35318946838379,5.6153002097958806e-05,0.2582972221114953,0.0002582972221114953
219,blocks.1.ln2.bias,0.0005460361135192215,0.11767216771841049,0.004640316602488752,0.2582972221114953,0.0002582972221114953
219,blocks.1.mlp.fc.weight,0.02361566200852394,19.996318817138672,0.0011810004743614102,0.2582972221114953,0.0002582972221114953
219,blocks.1.mlp.proj.weight,0.019162116572260857,11.27653980255127,0.00169929046567315,0.2582972221114953,0.0002582972221114953
219,final_norm.weight,0.001256899326108396,16.574628829956055,7.583272838283238e-05,0.2582972221114953,0.0002582972221114953
219,final_norm.bias,0.00046414780081249774,0.19110868871212006,0.002428711137824017,0.2582972221114953,0.0002582972221114953
219,lm_head.weight,0.0029048447031527758,3.7278711795806885,0.0007792234664822119,0.2582972221114953,0.0002582972221114953
220,token_embedding.weight,0.004243026953190565,85.4705810546875,4.9643127504604855e-05,0.25465248680341684,0.0002546524868034169
220,position_embedding.weight,0.005310783628374338,89.39598083496094,5.9407409357461186e-05,0.25465248680341684,0.0002546524868034169
220,blocks.0.ln1.weight,0.0013068561675027013,16.401025772094727,7.968136784018424e-05,0.25465248680341684,0.0002546524868034169
220,blocks.0.ln1.bias,0.0006990480469539762,0.1649603545665741,0.004237673038388259,0.25465248680341684,0.0002546524868034169
220,blocks.0.attn.qkv.weight,0.027416232973337173,17.96170997619629,0.0015263709863742897,0.25465248680341684,0.0002546524868034169
220,blocks.0.attn.proj.weight,0.016862252727150917,10.35511589050293,0.0016283982627962959,0.25465248680341684,0.0002546524868034169
220,blocks.0.ln2.weight,0.0009603978833183646,16.110794067382812,5.961207618330144e-05,0.25465248680341684,0.0002546524868034169
220,blocks.0.ln2.bias,0.0006727302097715437,0.135217547416687,0.004975169440793657,0.25465248680341684,0.0002546524868034169
220,blocks.0.mlp.fc.weight,0.029056400060653687,19.732341766357422,0.0014725266977785583,0.25465248680341684,0.0002546524868034169
220,blocks.0.mlp.proj.weight,0.027870994061231613,11.279623985290527,0.0024709151739078362,0.25465248680341684,0.0002546524868034169
220,blocks.1.ln1.weight,0.0009066556231118739,16.40898895263672,5.525359458335978e-05,0.25465248680341684,0.0002546524868034169
220,blocks.1.ln1.bias,0.0006679699872620404,0.19431467354297638,0.0034375684300077757,0.25465248680341684,0.0002546524868034169
220,blocks.1.attn.qkv.weight,0.024376556277275085,17.84035873413086,0.0013663714189019243,0.25465248680341684,0.0002546524868034169
220,blocks.1.attn.proj.weight,0.012541395612061024,10.322267532348633,0.001214984553806295,0.25465248680341684,0.0002546524868034169
220,blocks.1.ln2.weight,0.000875854748301208,16.35350799560547,5.3557606633177125e-05,0.25465248680341684,0.0002546524868034169
220,blocks.1.ln2.bias,0.0005615171976387501,0.11763778328895569,0.004773272514449822,0.25465248680341684,0.0002546524868034169
220,blocks.1.mlp.fc.weight,0.024240901693701744,19.99748992919922,0.001212197219727328,0.25465248680341684,0.0002546524868034169
220,blocks.1.mlp.proj.weight,0.020824499428272247,11.277976989746094,0.0018464747221247197,0.25465248680341684,0.0002546524868034169
220,final_norm.weight,0.001215897616930306,16.575790405273438,7.335382429446054e-05,0.25465248680341684,0.0002546524868034169
220,final_norm.bias,0.0005114074447192252,0.19124214351177216,0.0026741357073581987,0.25465248680341684,0.0002546524868034169
220,lm_head.weight,0.0029668298084288836,3.728954792022705,0.000795619677335585,0.25465248680341684,0.0002546524868034169
221,token_embedding.weight,0.003989610821008682,85.47061920166016,4.66781551166198e-05,0.2510414751218293,0.0002510414751218293
221,position_embedding.weight,0.004984557628631592,89.39524841308594,5.575864173002155e-05,0.2510414751218293,0.0002510414751218293
221,blocks.0.ln1.weight,0.0012012961087748408,16.401742935180664,7.324197882641278e-05,0.2510414751218293,0.0002510414751218293
221,blocks.0.ln1.bias,0.0006351209012791514,0.16506056487560272,0.0038478052086757374,0.2510414751218293,0.0002510414751218293
221,blocks.0.attn.qkv.weight,0.02587934583425522,17.96332550048828,0.0014406767741056814,0.2510414751218293,0.0002510414751218293
221,blocks.0.attn.proj.weight,0.016255496069788933,10.356632232666016,0.0015695735548584653,0.2510414751218293,0.0002510414751218293
221,blocks.0.ln2.weight,0.0009130321559496224,16.110401153564453,5.6673458795130994e-05,0.2510414751218293,0.0002510414751218293
221,blocks.0.ln2.bias,0.0005736180464737117,0.13517078757286072,0.004243653948973793,0.2510414751218293,0.0002510414751218293
221,blocks.0.mlp.fc.weight,0.02770056389272213,19.731903076171875,0.0014038465416025562,0.2510414751218293,0.0002510414751218293
221,blocks.0.mlp.proj.weight,0.026706628501415253,11.279329299926758,0.0023677496942647383,0.2510414751218293,0.0002510414751218293
221,blocks.1.ln1.weight,0.0008518464746885002,16.409162521362305,5.191285500277483e-05,0.2510414751218293,0.0002510414751218293
221,blocks.1.ln1.bias,0.000606164219789207,0.19425757229328156,0.0031204148833432676,0.2510414751218293,0.0002510414751218293
221,blocks.1.attn.qkv.weight,0.0232253335416317,17.841215133666992,0.001301779804101089,0.2510414751218293,0.0002510414751218293
221,blocks.1.attn.proj.weight,0.012428703717887402,10.323241233825684,0.0012039536262275499,0.2510414751218293,0.0002510414751218293
221,blocks.1.ln2.weight,0.0008804252138361335,16.353809356689453,5.383609375854352e-05,0.2510414751218293,0.0002510414751218293
221,blocks.1.ln2.bias,0.0005362990777939558,0.11762827634811401,0.004559270053420239,0.2510414751218293,0.0002510414751218293
221,blocks.1.mlp.fc.weight,0.024087946861982346,19.998638153076172,0.0012044793589245455,0.2510414751218293,0.0002510414751218293
221,blocks.1.mlp.proj.weight,0.020296677947044373,11.279446601867676,0.0017994391625278676,0.2510414751218293,0.0002510414751218293
221,final_norm.weight,0.0011858297511935234,16.5768985748291,7.153507912475583e-05,0.2510414751218293,0.0002510414751218293
221,final_norm.bias,0.0004647251626010984,0.1913084238767624,0.0024291934102077866,0.2510414751218293,0.0002510414751218293
221,lm_head.weight,0.002990327076986432,3.7299821376800537,0.0008017001064904647,0.2510414751218293,0.0002510414751218293
222,token_embedding.weight,0.0038795233704149723,85.47064971923828,4.539012378118964e-05,0.24746459938240742,0.00024746459938240745
222,position_embedding.weight,0.0047635771334171295,89.39454650878906,5.328711112090862e-05,0.24746459938240742,0.00024746459938240745
222,blocks.0.ln1.weight,0.001160676241852343,16.40237045288086,7.076271354720044e-05,0.24746459938240742,0.00024746459938240745
222,blocks.0.ln1.bias,0.0006428773631341755,0.1651434749364853,0.003892841442131064,0.24746459938240742,0.00024746459938240745
222,blocks.0.attn.qkv.weight,0.024367844685912132,17.96477508544922,0.001356423588383681,0.24746459938240742,0.00024746459938240745
222,blocks.0.attn.proj.weight,0.015514188446104527,10.358078956604004,0.00149778627012798,0.24746459938240742,0.00024746459938240745
222,blocks.0.ln2.weight,0.0008886953582987189,16.110017776489258,5.516414510700378e-05,0.24746459938240742,0.00024746459938240745
222,blocks.0.ln2.bias,0.0005874556372873485,0.13516251742839813,0.004346291031418564,0.24746459938240742,0.00024746459938240745
222,blocks.0.mlp.fc.weight,0.02608451433479786,19.73150062561035,0.0013219731651296883,0.24746459938240742,0.00024746459938240745
222,blocks.0.mlp.proj.weight,0.025359582155942917,11.278943061828613,0.002248400583008991,0.24746459938240742,0.00024746459938240745
222,blocks.1.ln1.weight,0.0008050954784266651,16.409271240234375,4.9063451181950044e-05,0.24746459938240742,0.00024746459938240745
222,blocks.1.ln1.bias,0.0005900923861190677,0.19426436722278595,0.0030375739748468708,0.24746459938240742,0.00024746459938240745
222,blocks.1.attn.qkv.weight,0.021438347175717354,17.841970443725586,0.0012015683605873975,0.24746459938240742,0.00024746459938240745
222,blocks.1.attn.proj.weight,0.011652584187686443,10.324148178100586,0.0011286726988675526,0.24746459938240742,0.00024746459938240745
222,blocks.1.ln2.weight,0.0008347939583472908,16.35407829284668,5.10450019499039e-05,0.24746459938240742,0.00024746459938240745
222,blocks.1.ln2.bias,0.0005245879874564707,0.11763226985931396,0.004459558487474642,0.24746459938240742,0.00024746459938240745
222,blocks.1.mlp.fc.weight,0.022833073511719704,19.99968719482422,0.0011416715316241348,0.24746459938240742,0.00024746459938240745
222,blocks.1.mlp.proj.weight,0.01915241964161396,11.280777931213379,0.0016977924535344698,0.24746459938240742,0.00024746459938240745
222,final_norm.weight,0.0011718012392520905,16.577987670898438,7.068416640875174e-05,0.24746459938240742,0.00024746459938240745
222,final_norm.bias,0.00041836543823592365,0.19133566319942474,0.00218655231982385,0.24746459938240742,0.00024746459938240745
222,lm_head.weight,0.0030616524163633585,3.731022357940674,0.0008205934252434787,0.24746459938240742,0.00024746459938240745
223,token_embedding.weight,0.0037336372770369053,85.47076416015625,4.3683209267214724e-05,0.2439222680030862,0.0002439222680030862
223,position_embedding.weight,0.004709098022431135,89.39385223388672,5.267809703636415e-05,0.2439222680030862,0.0002439222680030862
223,blocks.0.ln1.weight,0.0010669397888705134,16.402992248535156,6.504543638772553e-05,0.2439222680030862,0.0002439222680030862
223,blocks.0.ln1.bias,0.0005438573425635695,0.16531485319137573,0.0032898274538627607,0.2439222680030862,0.0002439222680030862
223,blocks.0.attn.qkv.weight,0.024014022201299667,17.96621322631836,0.0013366212400351932,0.2439222680030862,0.0002439222680030862
223,blocks.0.attn.proj.weight,0.015043038874864578,10.359488487243652,0.0014521024752705359,0.2439222680030862,0.0002439222680030862
223,blocks.0.ln2.weight,0.000851031974889338,16.1096134185791,5.282758516773569e-05,0.2439222680030862,0.0002439222680030862
223,blocks.0.ln2.bias,0.0005201055319048464,0.13512487709522247,0.0038490731172652914,0.2439222680030862,0.0002439222680030862
223,blocks.0.mlp.fc.weight,0.026912692934274673,19.731008529663086,0.0013639795904914576,0.2439222680030862,0.0002439222680030862
223,blocks.0.mlp.proj.weight,0.02467360906302929,11.278484344482422,0.0021876706399027585,0.2439222680030862,0.0002439222680030862
223,blocks.1.ln1.weight,0.0007899808697402477,16.4094181060791,4.814191853930153e-05,0.2439222680030862,0.0002439222680030862
223,blocks.1.ln1.bias,0.00044407419045455754,0.19431310892105103,0.002285353741278971,0.2439222680030862,0.0002439222680030862
223,blocks.1.attn.qkv.weight,0.02179657109081745,17.84272575378418,0.001221594244713059,0.2439222680030862,0.0002439222680030862
223,blocks.1.attn.proj.weight,0.01154564693570137,10.325116157531738,0.0011182098835060745,0.2439222680030862,0.0002439222680030862
223,blocks.1.ln2.weight,0.0008160521392710507,16.354310989379883,4.989828919120632e-05,0.2439222680030862,0.0002439222680030862
223,blocks.1.ln2.bias,0.0004646273737307638,0.11764712631702423,0.003949330410967974,0.2439222680030862,0.0002439222680030862
223,blocks.1.mlp.fc.weight,0.021962761878967285,20.000659942626953,0.0010981018597370105,0.2439222680030862,0.0002439222680030862
223,blocks.1.mlp.proj.weight,0.01755804754793644,11.28203010559082,0.0015562844083560792,0.2439222680030862,0.0002439222680030862
223,final_norm.weight,0.001170216710306704,16.579065322875977,7.05839978018517e-05,0.2439222680030862,0.0002439222680030862
223,final_norm.bias,0.00033837510272860527,0.19130513072013855,0.001768771707549483,0.2439222680030862,0.0002439222680030862
223,lm_head.weight,0.0028314217925071716,3.732083559036255,0.0007586705248468707,0.2439222680030862,0.0002439222680030862
224,token_embedding.weight,0.004038115032017231,85.47074890136719,4.724557914751804e-05,0.24041488545742662,0.0002404148854574266
224,position_embedding.weight,0.005296039395034313,89.39312744140625,5.9244368628959806e-05,0.24041488545742662,0.0002404148854574266
224,blocks.0.ln1.weight,0.0012835259549319744,16.403549194335938,7.824684400465548e-05,0.24041488545742662,0.0002404148854574266
224,blocks.0.ln1.bias,0.0008238286827690899,0.16545552015304565,0.004979155014000577,0.24041488545742662,0.0002404148854574266
224,blocks.0.attn.qkv.weight,0.028312617912888527,17.96755027770996,0.0015757639452948014,0.24041488545742662,0.0002404148854574266
224,blocks.0.attn.proj.weight,0.01644258387386799,10.360921859741211,0.001586980781870031,0.24041488545742662,0.0002404148854574266
224,blocks.0.ln2.weight,0.0009930359665304422,16.10929298400879,6.164367160719826e-05,0.24041488545742662,0.0002404148854574266
224,blocks.0.ln2.bias,0.0007825039210729301,0.13504904508590698,0.005794220318769169,0.24041488545742662,0.0002404148854574266
224,blocks.0.mlp.fc.weight,0.030300918966531754,19.730756759643555,0.001535720060596278,0.24041488545742662,0.0002404148854574266
224,blocks.0.mlp.proj.weight,0.027708541601896286,11.278298377990723,0.0024568016090056864,0.24041488545742662,0.0002404148854574266
224,blocks.1.ln1.weight,0.0008546831086277962,16.4095458984375,5.2084507025214285e-05,0.24041488545742662,0.0002404148854574266
224,blocks.1.ln1.bias,0.0005661295726895332,0.19444401562213898,0.002911529937680239,0.24041488545742662,0.0002404148854574266
224,blocks.1.attn.qkv.weight,0.0247671976685524,17.84343147277832,0.0013880288500749136,0.24041488545742662,0.0002404148854574266
224,blocks.1.attn.proj.weight,0.01153753325343132,10.326006889343262,0.0011173276734240097,0.24041488545742662,0.0002404148854574266
224,blocks.1.ln2.weight,0.0009111441322602332,16.35464096069336,5.5711656064478306e-05,0.24041488545742662,0.0002404148854574266
224,blocks.1.ln2.bias,0.0005563509766943753,0.11765602976083755,0.00472862273034842,0.24041488545742662,0.0002404148854574266
224,blocks.1.mlp.fc.weight,0.023948930203914642,20.001802444458008,0.0011973386033791713,0.24041488545742662,0.0002404148854574266
224,blocks.1.mlp.proj.weight,0.019452188163995743,11.283510208129883,0.001723948293145383,0.24041488545742662,0.0002404148854574266
224,final_norm.weight,0.0011513822246342897,16.580148696899414,6.944341969921751e-05,0.24041488545742662,0.0002404148854574266
224,final_norm.bias,0.00045983144082129,0.1913793832063675,0.0024027219291591277,0.24041488545742662,0.0002404148854574266
224,lm_head.weight,0.0028990893624722958,3.733088970184326,0.0007765926249350475,0.24041488545742662,0.0002404148854574266
225,token_embedding.weight,0.0039023859426379204,85.4708251953125,4.565752037283354e-05,0.23694285222843114,0.00023694285222843116
225,position_embedding.weight,0.004895592108368874,89.39236450195312,5.476521552645423e-05,0.23694285222843114,0.00023694285222843116
225,blocks.0.ln1.weight,0.0011705448850989342,16.404197692871094,7.135642394797255e-05,0.23694285222843114,0.00023694285222843116
225,blocks.0.ln1.bias,0.0007734412793070078,0.16569024324417114,0.004667995315587472,0.23694285222843114,0.00023694285222843116
225,blocks.0.attn.qkv.weight,0.025865230709314346,17.969079971313477,0.0014394298845909277,0.23694285222843114,0.00023694285222843116
225,blocks.0.attn.proj.weight,0.015362536534667015,10.362508773803711,0.0014825113174815182,0.23694285222843114,0.00023694285222843116
225,blocks.0.ln2.weight,0.0009421611903235316,16.108875274658203,5.848708704111957e-05,0.23694285222843114,0.00023694285222843116
225,blocks.0.ln2.bias,0.0008518371032550931,0.13488070666790009,0.006315485174215091,0.23694285222843114,0.00023694285222843116
225,blocks.0.mlp.fc.weight,0.028236903250217438,19.73019790649414,0.0014311515466817447,0.23694285222843114,0.00023694285222843116
225,blocks.0.mlp.proj.weight,0.026340244337916374,11.277719497680664,0.0023356002375596483,0.23694285222843114,0.00023694285222843116
225,blocks.1.ln1.weight,0.0007645797450095415,16.409690856933594,4.6593183971313924e-05,0.23694285222843114,0.00023694285222843116
225,blocks.1.ln1.bias,0.0005390358273871243,0.19454960525035858,0.0027706857934288206,0.23694285222843114,0.00023694285222843116
225,blocks.1.attn.qkv.weight,0.022776642814278603,17.84418487548828,0.0012764182266215215,0.23694285222843114,0.00023694285222843116
225,blocks.1.attn.proj.weight,0.011407888494431973,10.326922416687012,0.0011046745617065109,0.23694285222843114,0.00023694285222843116
225,blocks.1.ln2.weight,0.0009128569508902729,16.354949951171875,5.58153313593484e-05,0.23694285222843114,0.00023694285222843116
225,blocks.1.ln2.bias,0.0006369688780978322,0.1177360862493515,0.0054101414305839516,0.23694285222843114,0.00023694285222843116
225,blocks.1.mlp.fc.weight,0.02351095713675022,20.002906799316406,0.001175377027580438,0.23694285222843114,0.00023694285222843116
225,blocks.1.mlp.proj.weight,0.019178885966539383,11.28487777709961,0.0016995209292791258,0.23694285222843114,0.00023694285222843116
225,final_norm.weight,0.0011368878185749054,16.581180572509766,6.856495010130361e-05,0.23694285222843114,0.00023694285222843116
225,final_norm.bias,0.000460938987089321,0.19146732985973358,0.002407402805609664,0.23694285222843114,0.00023694285222843116
225,lm_head.weight,0.003009825712069869,3.734037399291992,0.0008060513032461201,0.23694285222843114,0.00023694285222843116
226,token_embedding.weight,0.003631790168583393,85.47090148925781,4.249153928766977e-05,0.23350656476281614,0.00023350656476281615
226,position_embedding.weight,0.00456393463537097,89.39164733886719,5.1055493116374595e-05,0.23350656476281614,0.00023350656476281615
226,blocks.0.ln1.weight,0.001088061835616827,16.40478515625,6.632588145796131e-05,0.23350656476281614,0.00023350656476281615
226,blocks.0.ln1.bias,0.0006611060234718025,0.1658938229084015,0.00398511537004514,0.23350656476281614,0.00023350656476281615
226,blocks.0.attn.qkv.weight,0.023791437968611717,17.970523834228516,0.001323914549630143,0.23350656476281614,0.00023350656476281615
226,blocks.0.attn.proj.weight,0.014608494006097317,10.36396598815918,0.0014095466950379899,0.23350656476281614,0.00023350656476281615
226,blocks.0.ln2.weight,0.000888346170540899,16.10844612121582,5.514785000713614e-05,0.23350656476281614,0.00023350656476281615
226,blocks.0.ln2.bias,0.000650690053589642,0.13473409414291382,0.0048294387380125115,0.23350656476281614,0.00023350656476281615
226,blocks.0.mlp.fc.weight,0.026218269020318985,19.72972297668457,0.0013288716243659818,0.23350656476281614,0.00023350656476281615
226,blocks.0.mlp.proj.weight,0.024903254583477974,11.27712631225586,0.002208297920402929,0.23350656476281614,0.00023350656476281615
226,blocks.1.ln1.weight,0.00075481430394575,16.40978240966797,4.599782526677493e-05,0.23350656476281614,0.00023350656476281615
226,blocks.1.ln1.bias,0.0005430874298326671,0.19456250965595245,0.0027913261953200785,0.23350656476281614,0.00023350656476281615
226,blocks.1.attn.qkv.weight,0.021603038534522057,17.844818115234375,0.0012106057004906106,0.23350656476281614,0.00023350656476281615
226,blocks.1.attn.proj.weight,0.01136716827750206,10.327739715576172,0.0011006443414096827,0.23350656476281614,0.00023350656476281615
226,blocks.1.ln2.weight,0.0009390928898938,16.355260848999023,5.741839879925958e-05,0.23350656476281614,0.00023350656476281615
226,blocks.1.ln2.bias,0.000678773270919919,0.11787178367376328,0.00575857299990317,0.23350656476281614,0.00023350656476281615
226,blocks.1.mlp.fc.weight,0.023422418162226677,20.00398063659668,0.001170887864157142,0.23350656476281614,0.00023350656476281615
226,blocks.1.mlp.proj.weight,0.019058778882026672,11.28622817993164,0.0016886756654374518,0.23350656476281614,0.00023350656476281615
226,final_norm.weight,0.0011124568991363049,16.58220100402832,6.70874088949946e-05,0.23350656476281614,0.00023350656476281615
226,final_norm.bias,0.000517644512001425,0.1915491372346878,0.00270241108611468,0.23350656476281614,0.00023350656476281615
226,lm_head.weight,0.002848229371011257,3.735032081604004,0.0007625715947765907,0.23350656476281614,0.00023350656476281615
227,token_embedding.weight,0.0035564505960792303,85.47095489501953,4.1610048705404445e-05,0.2301064154257443,0.0002301064154257443
227,position_embedding.weight,0.004674085415899754,89.3909683227539,5.228811706148554e-05,0.2301064154257443,0.0002301064154257443
227,blocks.0.ln1.weight,0.001120172324590385,16.40532875061035,6.828100439917374e-05,0.2301064154257443,0.0002301064154257443
227,blocks.0.ln1.bias,0.0008062117267400026,0.16601601243019104,0.004856228715131648,0.2301064154257443,0.0002301064154257443
227,blocks.0.attn.qkv.weight,0.02507276087999344,17.97187042236328,0.0013951113763202285,0.2301064154257443,0.0002301064154257443
227,blocks.0.attn.proj.weight,0.01544228196144104,10.365321159362793,0.0014898025564302787,0.2301064154257443,0.0002301064154257443
227,blocks.0.ln2.weight,0.0008995466050691903,16.108049392700195,5.5844539778775994e-05,0.2301064154257443,0.0002301064154257443
227,blocks.0.ln2.bias,0.0007819746388122439,0.13465538620948792,0.0058072288143742904,0.2301064154257443,0.0002301064154257443
227,blocks.0.mlp.fc.weight,0.02689221501350403,19.72923469543457,0.0013630642763718373,0.2301064154257443,0.0002301064154257443
227,blocks.0.mlp.proj.weight,0.02531914785504341,11.27660083770752,0.0022452819089221598,0.2301064154257443,0.0002301064154257443
227,blocks.1.ln1.weight,0.0007506892434321344,16.40990447998047,4.574610683126793e-05,0.2301064154257443,0.0002301064154257443
227,blocks.1.ln1.bias,0.0006138630560599267,0.19461700320243835,0.0031542108138323316,0.2301064154257443,0.0002301064154257443
227,blocks.1.attn.qkv.weight,0.02163950726389885,17.845478057861328,0.0012126045149216363,0.2301064154257443,0.0002301064154257443
227,blocks.1.attn.proj.weight,0.012518186122179031,10.328577995300293,0.0012119951195482903,0.2301064154257443,0.0002301064154257443
227,blocks.1.ln2.weight,0.0009408055921085179,16.35561752319336,5.7521863101428924e-05,0.2301064154257443,0.0002301064154257443
227,blocks.1.ln2.bias,0.0009236601181328297,0.11798751354217529,0.007828456506923792,0.2301064154257443,0.0002301064154257443
227,blocks.1.mlp.fc.weight,0.025110876187682152,20.005159378051758,0.001255220001657711,0.2301064154257443,0.0002301064154257443
227,blocks.1.mlp.proj.weight,0.020575594156980515,11.287641525268555,0.001822842629340956,0.2301064154257443,0.0002301064154257443
227,final_norm.weight,0.0010885825613513589,16.583202362060547,6.564368796715519e-05,0.2301064154257443,0.0002301064154257443
227,final_norm.bias,0.0006941100000403821,0.19174128770828247,0.0036200341008076962,0.2301064154257443,0.0002301064154257443
227,lm_head.weight,0.002870868891477585,3.735957622528076,0.0007684425739107113,0.2301064154257443,0.0002301064154257443
228,token_embedding.weight,0.0034449417144060135,85.47097778320312,4.030539726764397e-05,0.22674279245602263,0.00022674279245602264
228,position_embedding.weight,0.004559329245239496,89.3903579711914,5.10047095538964e-05,0.22674279245602263,0.00022674279245602264
228,blocks.0.ln1.weight,0.0011089035542681813,16.405792236328125,6.759219782221892e-05,0.22674279245602263,0.00022674279245602264
228,blocks.0.ln1.bias,0.0006748464656993747,0.16609762609004974,0.004062950697016248,0.22674279245602263,0.00022674279245602264
228,blocks.0.attn.qkv.weight,0.024363135918974876,17.973094940185547,0.001355533701905767,0.22674279245602263,0.00022674279245602264
228,blocks.0.attn.proj.weight,0.015055368654429913,10.366576194763184,0.0014522990398733464,0.22674279245602263,0.00022674279245602264
228,blocks.0.ln2.weight,0.0008517332607880235,16.107711791992188,5.287735910518356e-05,0.22674279245602263,0.00022674279245602264
228,blocks.0.ln2.bias,0.0006794239743612707,0.13457775115966797,0.005048560913684229,0.22674279245602263,0.00022674279245602264
228,blocks.0.mlp.fc.weight,0.02606864459812641,19.728805541992188,0.0013213493610973429,0.22674279245602263,0.00022674279245602264
228,blocks.0.mlp.proj.weight,0.024123530834913254,11.276176452636719,0.0021393360538687106,0.22674279245602263,0.00022674279245602264
228,blocks.1.ln1.weight,0.0007233546348288655,16.409929275512695,4.40803017907109e-05,0.22674279245602263,0.00022674279245602264
228,blocks.1.ln1.bias,0.0005586643237620592,0.19461551308631897,0.002870605302216586,0.22674279245602263,0.00022674279245602264
228,blocks.1.attn.qkv.weight,0.02075990103185177,17.845922470092773,0.0011632853984791902,0.22674279245602263,0.00022674279245602264
228,blocks.1.attn.proj.weight,0.011723645962774754,10.329238891601562,0.0011349961101495883,0.22674279245602263,0.00022674279245602264
228,blocks.1.ln2.weight,0.0009236602345481515,16.356056213378906,5.6472062855382016e-05,0.22674279245602263,0.00022674279245602264
228,blocks.1.ln2.bias,0.0006948948139324784,0.11813822388648987,0.005882048934426749,0.22674279245602263,0.00022674279245602264
228,blocks.1.mlp.fc.weight,0.023914622142910957,20.006481170654297,0.0011953437458051327,0.22674279245602263,0.00022674279245602264
228,blocks.1.mlp.proj.weight,0.018935607746243477,11.289189338684082,0.0016773221865768635,0.22674279245602263,0.00022674279245602264
228,final_norm.weight,0.0010649131145328283,16.58416175842285,6.421265844153446e-05,0.22674279245602263,0.00022674279245602264
228,final_norm.bias,0.0005563218728639185,0.1920945644378662,0.002896083366486755,0.22674279245602263,0.00022674279245602264
228,lm_head.weight,0.0026933203916996717,3.7367920875549316,0.0007207573578066667,0.22674279245602263,0.00022674279245602264
229,token_embedding.weight,0.004411700181663036,85.4710464477539,5.161631178061843e-05,0.22341607992177315,0.00022341607992177316
229,position_embedding.weight,0.004808966536074877,89.38969421386719,5.37977736512807e-05,0.22341607992177315,0.00022341607992177316
229,blocks.0.ln1.weight,0.0012245611287653446,16.406259536743164,7.463987303277539e-05,0.22341607992177315,0.00022341607992177316
229,blocks.0.ln1.bias,0.0006798803806304932,0.166176438331604,0.004091316358999734,0.22341607992177315,0.00022341607992177316
229,blocks.0.attn.qkv.weight,0.025080816820263863,17.974294662475586,0.0013953714062907273,0.22341607992177315,0.00022341607992177316
229,blocks.0.attn.proj.weight,0.015047088265419006,10.36784839630127,0.0014513221731507575,0.22341607992177315,0.00022341607992177316
229,blocks.0.ln2.weight,0.0009067159262485802,16.107376098632812,5.629196963529558e-05,0.22341607992177315,0.00022341607992177316
229,blocks.0.ln2.bias,0.0006618204060941935,0.13449729979038239,0.004920696602242107,0.22341607992177315,0.00022341607992177316
229,blocks.0.mlp.fc.weight,0.027947336435317993,19.728464126586914,0.0014165997036562803,0.22341607992177315,0.00022341607992177316
229,blocks.0.mlp.proj.weight,0.026328686624765396,11.275747299194336,0.0023349837421990003,0.22341607992177315,0.00022341607992177316
229,blocks.1.ln1.weight,0.0008029105956666172,16.410017013549805,4.8928078197822854e-05,0.22341607992177315,0.00022341607992177316
229,blocks.1.ln1.bias,0.0005563453305512667,0.19464629888534546,0.002858237396417788,0.22341607992177315,0.00022341607992177316
229,blocks.1.attn.qkv.weight,0.024074262008070946,17.84650421142578,0.0013489623358650066,0.22341607992177315,0.00022341607992177316
229,blocks.1.attn.proj.weight,0.012424037791788578,10.329894065856934,0.0012027265442006948,0.22341607992177315,0.00022341607992177316
229,blocks.1.ln2.weight,0.0009403835865668952,16.356470108032227,5.7493064234259235e-05,0.22341607992177315,0.00022341607992177316
229,blocks.1.ln2.bias,0.0006796139641664922,0.11818010360002518,0.005750663127364163,0.22341607992177315,0.00022341607992177316
229,blocks.1.mlp.fc.weight,0.02392243780195713,20.007776260375977,0.0011956570030889778,0.22341607992177315,0.00022341607992177316
229,blocks.1.mlp.proj.weight,0.019856857135891914,11.290699005126953,0.0017586915678890586,0.22341607992177315,0.00022341607992177316
229,final_norm.weight,0.0010609077289700508,16.585111618041992,6.396747597501161e-05,0.22341607992177315,0.00022341607992177316
229,final_norm.bias,0.0005610157386399806,0.19240491092205048,0.002915807792787319,0.22341607992177315,0.00022341607992177316
229,lm_head.weight,0.0029262113384902477,3.7376253604888916,0.0007829065399178232,0.22341607992177315,0.00022341607992177316
230,token_embedding.weight,0.004358907695859671,85.4711685180664,5.0998573804899586e-05,0.2201266576765783,0.0002201266576765783
230,position_embedding.weight,0.005025109276175499,89.38897705078125,5.621620743372769e-05,0.2201266576765783,0.0002201266576765783
230,blocks.0.ln1.weight,0.0012451495276764035,16.406829833984375,7.589214615349887e-05,0.2201266576765783,0.0002201266576765783
230,blocks.0.ln1.bias,0.000510251906234771,0.16613879799842834,0.0030712387014893818,0.2201266576765783,0.0002201266576765783
230,blocks.0.attn.qkv.weight,0.025774888694286346,17.975631713867188,0.0014338794377057157,0.2201266576765783,0.0002201266576765783
230,blocks.0.attn.proj.weight,0.014951462857425213,10.36929988861084,0.0014418970439697444,0.2201266576765783,0.0002201266576765783
230,blocks.0.ln2.weight,0.0009505648631602526,16.107086181640625,5.9015321110262515e-05,0.2201266576765783,0.0002201266576765783
230,blocks.0.ln2.bias,0.0005288213142193854,0.1344974786043167,0.00393183069082814,0.2201266576765783,0.0002201266576765783
230,blocks.0.mlp.fc.weight,0.028689108788967133,19.728208541870117,0.0014542176360350925,0.2201266576765783,0.0002201266576765783
230,blocks.0.mlp.proj.weight,0.02712283283472061,11.275432586669922,0.0024054804661582073,0.2201266576765783,0.0002201266576765783
230,blocks.1.ln1.weight,0.0008865713607519865,16.410137176513672,5.402583483706651e-05,0.2201266576765783,0.0002201266576765783
230,blocks.1.ln1.bias,0.000552046753000468,0.19469845294952393,0.0028353936286322325,0.2201266576765783,0.0002201266576765783
230,blocks.1.attn.qkv.weight,0.024600684642791748,17.84712791442871,0.0013784114038260281,0.2201266576765783,0.0002201266576765783
230,blocks.1.attn.proj.weight,0.012460906058549881,10.330567359924316,0.0012062170086503327,0.2201266576765783,0.0002201266576765783
230,blocks.1.ln2.weight,0.0009634114103391767,16.35684585571289,5.8899583626181264e-05,0.2201266576765783,0.0002201266576765783
230,blocks.1.ln2.bias,0.0005773659213446081,0.11821543425321579,0.004884014722671613,0.2201266576765783,0.0002201266576765783
230,blocks.1.mlp.fc.weight,0.024074874818325043,20.00895881652832,0.0012032047763743153,0.2201266576765783,0.0002201266576765783
230,blocks.1.mlp.proj.weight,0.019858531653881073,11.292025566101074,0.0017586332529652689,0.2201266576765783,0.0002201266576765783
230,final_norm.weight,0.0010745406616479158,16.586042404174805,6.47858383249631e-05,0.2201266576765783,0.0002201266576765783
230,final_norm.bias,0.0005568938213400543,0.19268618524074554,0.002890159565105153,0.2201266576765783,0.0002201266576765783
230,lm_head.weight,0.0027921574655920267,3.7385072708129883,0.0007468642598049803,0.2201266576765783,0.0002201266576765783
231,token_embedding.weight,0.004196039866656065,85.47122955322266,4.90930092920116e-05,0.21687490131610815,0.00021687490131610816
231,position_embedding.weight,0.005065653007477522,89.3883056640625,5.667019829769579e-05,0.21687490131610815,0.00021687490131610816
231,blocks.0.ln1.weight,0.001202163053676486,16.40746307373047,7.326928290341014e-05,0.21687490131610815,0.00021687490131610816
231,blocks.0.ln1.bias,0.0006345244473777711,0.16615276038646698,0.003818922092525366,0.21687490131610815,0.00021687490131610816
231,blocks.0.attn.qkv.weight,0.026197044178843498,17.977092742919922,0.0014572458713692435,0.21687490131610815,0.00021687490131610816
231,blocks.0.attn.proj.weight,0.015887463465332985,10.370810508728027,0.0015319403871048107,0.21687490131610815,0.00021687490131610816
231,blocks.0.ln2.weight,0.001035375171341002,16.106760025024414,6.428202628786409e-05,0.21687490131610815,0.00021687490131610816
231,blocks.0.ln2.bias,0.0005492791533470154,0.13445478677749634,0.0040852331590983774,0.21687490131610815,0.00021687490131610816
231,blocks.0.mlp.fc.weight,0.02941739372909069,19.727846145629883,0.001491160946407003,0.21687490131610815,0.00021687490131610816
231,blocks.0.mlp.proj.weight,0.026912640780210495,11.27499008178711,0.0023869325458370956,0.21687490131610815,0.00021687490131610816
231,blocks.1.ln1.weight,0.0008631533128209412,16.410228729248047,5.2598493723764224e-05,0.21687490131610815,0.00021687490131610816
231,blocks.1.ln1.bias,0.0004907336551696062,0.19477994740009308,0.002519425955892071,0.21687490131610815,0.00021687490131610816
231,blocks.1.attn.qkv.weight,0.024227464571595192,17.847763061523438,0.0013574510423563324,0.21687490131610815,0.00021687490131610816
231,blocks.1.attn.proj.weight,0.012849820777773857,10.331291198730469,0.0012437768455652114,0.21687490131610815,0.00021687490131610816
231,blocks.1.ln2.weight,0.0008987036999315023,16.357221603393555,5.4942319772998476e-05,0.21687490131610815,0.00021687490131610816
231,blocks.1.ln2.bias,0.0005230482202023268,0.11823759973049164,0.004423704653935198,0.21687490131610815,0.00021687490131610816
231,blocks.1.mlp.fc.weight,0.023609600961208344,20.01015281677246,0.0011798810922332215,0.21687490131610815,0.00021687490131610816
231,blocks.1.mlp.proj.weight,0.018460383638739586,11.2933931350708,0.0016346179946052342,0.21687490131610815,0.00021687490131610816
231,final_norm.weight,0.0010157838696613908,16.586977005004883,6.123984312239846e-05,0.21687490131610815,0.00021687490131610816
231,final_norm.bias,0.00048360053915530443,0.19296807050704956,0.002506116881834766,0.21687490131610815,0.00021687490131610816
231,lm_head.weight,0.002696053124964237,3.739339828491211,0.0007209970873525418,0.21687490131610815,0.00021687490131610816
232,token_embedding.weight,0.004037672653794289,85.47134399414062,4.724007445198286e-05,0.2136611821352341,0.0002136611821352341
232,position_embedding.weight,0.004787363577634096,89.38761901855469,5.355734530349559e-05,0.2136611821352341,0.0002136611821352341
232,blocks.0.ln1.weight,0.0011130650527775288,16.40808868408203,6.783636255313991e-05,0.2136611821352341,0.0002136611821352341
232,blocks.0.ln1.bias,0.0006203389493748546,0.16610786318778992,0.003734554990150034,0.2136611821352341,0.0002136611821352341
232,blocks.0.attn.qkv.weight,0.02461365796625614,17.978506088256836,0.0013690602459084113,0.2136611821352341,0.0002136611821352341
232,blocks.0.attn.proj.weight,0.015199492685496807,10.372364044189453,0.001465383650317405,0.2136611821352341,0.0002136611821352341
232,blocks.0.ln2.weight,0.000968204578384757,16.10630989074707,6.011337078152966e-05,0.2136611821352341,0.0002136611821352341
232,blocks.0.ln2.bias,0.0005412825266830623,0.1344904750585556,0.004024690420963786,0.2136611821352341,0.0002136611821352341
232,blocks.0.mlp.fc.weight,0.027707720175385475,19.727163314819336,0.0014045466007051113,0.2136611821352341,0.0002136611821352341
232,blocks.0.mlp.proj.weight,0.025619708001613617,11.27418327331543,0.0022724225232571803,0.2136611821352341,0.0002136611821352341
232,blocks.1.ln1.weight,0.0008294212748296559,16.41028594970703,5.0542767954900435e-05,0.2136611821352341,0.0002136611821352341
232,blocks.1.ln1.bias,0.0005210470408201218,0.19482092559337616,0.002674492173930841,0.2136611821352341,0.0002136611821352341
232,blocks.1.attn.qkv.weight,0.022870196029543877,17.84837532043457,0.0012813601024715428,0.2136611821352341,0.0002136611821352341
232,blocks.1.attn.proj.weight,0.01234373077750206,10.332014083862305,0.0011947071187969715,0.2136611821352341,0.0002136611821352341
232,blocks.1.ln2.weight,0.0008415334741584957,16.35757827758789,5.144609182836433e-05,0.2136611821352341,0.0002136611821352341
232,blocks.1.ln2.bias,0.0005755959427915514,0.11825006455183029,0.004867616309286611,0.2136611821352341,0.0002136611821352341
232,blocks.1.mlp.fc.weight,0.02239326760172844,20.011301040649414,0.0011190310693062568,0.2136611821352341,0.0002136611821352341
232,blocks.1.mlp.proj.weight,0.017924923449754715,11.294693946838379,0.0015870216168868117,0.2136611821352341,0.0002136611821352341
232,final_norm.weight,0.001006029429845512,16.58785629272461,6.064854988445332e-05,0.2136611821352341,0.0002136611821352341
232,final_norm.bias,0.0004640747793018818,0.19325722754001617,0.002401332075424648,0.2136611821352341,0.0002136611821352341
232,lm_head.weight,0.0026663171593099833,3.7401506900787354,0.0007128903031586518,0.2136611821352341,0.0002136611821352341
233,token_embedding.weight,0.004368327558040619,85.47151184082031,5.110857950162407e-05,0.21048586708563355,0.00021048586708563355
233,position_embedding.weight,0.0047185830771923065,89.38700103759766,5.2788246863853724e-05,0.21048586708563355,0.00021048586708563355
233,blocks.0.ln1.weight,0.0010976312914863229,16.40861701965332,6.689358951894452e-05,0.21048586708563355,0.00021048586708563355
233,blocks.0.ln1.bias,0.0005414828192442656,0.16602209210395813,0.003261510636198606,0.21048586708563355,0.00021048586708563355
233,blocks.0.attn.qkv.weight,0.02426234260201454,17.97976303100586,0.0013494250486045401,0.21048586708563355,0.00021048586708563355
233,blocks.0.attn.proj.weight,0.014566661790013313,10.373757362365723,0.0014041837765415017,0.21048586708563355,0.00021048586708563355
233,blocks.0.ln2.weight,0.0009577570599503815,16.10589027404785,5.946626008582707e-05,0.21048586708563355,0.00021048586708563355
233,blocks.0.ln2.bias,0.0005215348210185766,0.13454414904117584,0.0038763099304681766,0.21048586708563355,0.00021048586708563355
233,blocks.0.mlp.fc.weight,0.027458446100354195,19.726625442504883,0.001391948469867948,0.21048586708563355,0.00021048586708563355
233,blocks.0.mlp.proj.weight,0.025579683482646942,11.273482322692871,0.002269013491168939,0.21048586708563355,0.00021048586708563355
233,blocks.1.ln1.weight,0.0008255312568508089,16.410320281982422,5.030561516566767e-05,0.21048586708563355,0.00021048586708563355
233,blocks.1.ln1.bias,0.0005518851685337722,0.19478479027748108,0.002833307301585251,0.21048586708563355,0.00021048586708563355
233,blocks.1.attn.qkv.weight,0.02258181758224964,17.848922729492188,0.0012651641740224421,0.21048586708563355,0.00021048586708563355
233,blocks.1.attn.proj.weight,0.011939640156924725,10.332719802856445,0.0011555176550536962,0.21048586708563355,0.00021048586708563355
233,blocks.1.ln2.weight,0.0008337907493114471,16.357929229736328,5.097165647322195e-05,0.21048586708563355,0.00021048586708563355
233,blocks.1.ln2.bias,0.0005427544238045812,0.11829555034637451,0.004588122057091619,0.21048586708563355,0.00021048586708563355
233,blocks.1.mlp.fc.weight,0.02225378341972828,20.012405395507812,0.0011119994313488412,0.21048586708563355,0.00021048586708563355
233,blocks.1.mlp.proj.weight,0.018222320824861526,11.296009063720703,0.0016131645010257992,0.21048586708563355,0.00021048586708563355
233,final_norm.weight,0.0010111662559211254,16.588743209838867,6.095496464863816e-05,0.21048586708563355,0.00021048586708563355
233,final_norm.bias,0.0004426345112733543,0.19351442158222198,0.0022873463778667097,0.21048586708563355,0.00021048586708563355
233,lm_head.weight,0.0026456164196133614,3.740978479385376,0.00070719904810768,0.21048586708563355,0.00021048586708563355
234,token_embedding.weight,0.004283856600522995,85.47173309326172,5.01201560502892e-05,0.2073493187338895,0.00020734931873388952
234,position_embedding.weight,0.004858092404901981,89.3863525390625,5.4349375121654114e-05,0.2073493187338895,0.00020734931873388952
234,blocks.0.ln1.weight,0.001173426047898829,16.409162521362305,7.151041659628457e-05,0.2073493187338895,0.00020734931873388952
234,blocks.0.ln1.bias,0.0007352810935117304,0.16600513458251953,0.0044292671751174064,0.2073493187338895,0.00020734931873388952
234,blocks.0.attn.qkv.weight,0.025092655792832375,17.98105812072754,0.0013955049599614828,0.2073493187338895,0.00020734931873388952
234,blocks.0.attn.proj.weight,0.014681030996143818,10.375171661376953,0.0014150157197682445,0.2073493187338895,0.00020734931873388952
234,blocks.0.ln2.weight,0.0009498716681264341,16.105485916137695,5.8978144035666996e-05,0.2073493187338895,0.00020734931873388952
234,blocks.0.ln2.bias,0.0006291723111644387,0.13457228243350983,0.004675348443098809,0.2073493187338895,0.00020734931873388952
234,blocks.0.mlp.fc.weight,0.02715059369802475,19.72604751586914,0.0013763828600829114,0.2073493187338895,0.00020734931873388952
234,blocks.0.mlp.proj.weight,0.02549516223371029,11.27277946472168,0.002261657146180806,0.2073493187338895,0.00020734931873388952
234,blocks.1.ln1.weight,0.0007718303822912276,16.410388946533203,4.70330340618913e-05,0.2073493187338895,0.00020734931873388952
234,blocks.1.ln1.bias,0.0005363976815715432,0.1948394477367401,0.002753024029782465,0.2073493187338895,0.00020734931873388952
234,blocks.1.attn.qkv.weight,0.02272673510015011,17.849470138549805,0.0012732442433159694,0.2073493187338895,0.00020734931873388952
234,blocks.1.attn.proj.weight,0.011969160288572311,10.333457946777344,0.0011582918661128272,0.2073493187338895,0.00020734931873388952
234,blocks.1.ln2.weight,0.0008524108561687171,16.358278274536133,5.2108836997568236e-05,0.2073493187338895,0.00020734931873388952
234,blocks.1.ln2.bias,0.0007573245093226433,0.11832470446825027,0.00640039214735122,0.2073493187338895,0.00020734931873388952
234,blocks.1.mlp.fc.weight,0.022978993132710457,20.013492584228516,0.0011481750641973273,0.2073493187338895,0.00020734931873388952
234,blocks.1.mlp.proj.weight,0.019384918734431267,11.297264099121094,0.001715894978142333,0.2073493187338895,0.00020734931873388952
234,final_norm.weight,0.0010208792518824339,16.589637756347656,6.153716355209478e-05,0.2073493187338895,0.00020734931873388952
234,final_norm.bias,0.0005055706715211272,0.1937824934720993,0.0026089594702800646,0.2073493187338895,0.00020734931873388952
234,lm_head.weight,0.0025954630691558123,3.741813898086548,0.0006936376687473316,0.2073493187338895,0.00020734931873388952
235,token_embedding.weight,0.004316295031458139,85.47191619873047,5.0499570191246045e-05,0.20425189522009263,0.00020425189522009263
235,position_embedding.weight,0.005206866655498743,89.38570404052734,5.8251671353820737e-05,0.20425189522009263,0.00020425189522009263
235,blocks.0.ln1.weight,0.0013469024561345577,16.4097843170166,8.207922969089644e-05,0.20425189522009263,0.00020425189522009263
235,blocks.0.ln1.bias,0.0006700181402266026,0.16595269739627838,0.004037404337108357,0.20425189522009263,0.00020425189522009263
235,blocks.0.attn.qkv.weight,0.029035961255431175,17.982484817504883,0.0016146801484945381,0.20425189522009263,0.00020425189522009263
235,blocks.0.attn.proj.weight,0.015892716124653816,10.376687049865723,0.0015315790144078733,0.20425189522009263,0.00020425189522009263
235,blocks.0.ln2.weight,0.0010763234458863735,16.105091094970703,6.683125475908801e-05,0.20425189522009263,0.00020425189522009263
235,blocks.0.ln2.bias,0.0005005712155252695,0.1346442848443985,0.0037177308795544963,0.20425189522009263,0.00020425189522009263
235,blocks.0.mlp.fc.weight,0.030224965885281563,19.7254581451416,0.0015322820723798736,0.20425189522009263,0.00020425189522009263
235,blocks.0.mlp.proj.weight,0.027717676013708115,11.272039413452148,0.0024589761441596047,0.20425189522009263,0.00020425189522009263
235,blocks.1.ln1.weight,0.0008806529804132879,16.410381317138672,5.366438252677883e-05,0.20425189522009263,0.00020425189522009263
235,blocks.1.ln1.bias,0.00047973470645956695,0.19499826431274414,0.002460199879972745,0.20425189522009263,0.00020425189522009263
235,blocks.1.attn.qkv.weight,0.025039276108145714,17.84992790222168,0.0014027662321833701,0.20425189522009263,0.00020425189522009263
235,blocks.1.attn.proj.weight,0.013050496578216553,10.334012031555176,0.0012628683359730236,0.20425189522009263,0.00020425189522009263
235,blocks.1.ln2.weight,0.0008854484185576439,16.358680725097656,5.412712879707505e-05,0.20425189522009263,0.00020425189522009263
235,blocks.1.ln2.bias,0.0005125419702380896,0.11831250041723251,0.004332103272488225,0.20425189522009263,0.00020425189522009263
235,blocks.1.mlp.fc.weight,0.02407156489789486,20.014686584472656,0.001202695070757107,0.20425189522009263,0.00020425189522009263
235,blocks.1.mlp.proj.weight,0.02028515934944153,11.29869270324707,0.001795354549611752,0.20425189522009263,0.00020425189522009263
235,final_norm.weight,0.001002702978439629,16.590551376342773,6.0438194951698156e-05,0.20425189522009263,0.00020425189522009263
235,final_norm.bias,0.0005551589420065284,0.1940811276435852,0.0028604478382008055,0.20425189522009263,0.00020425189522009263
235,lm_head.weight,0.0027256489265710115,3.742647171020508,0.0007282676677820742,0.20425189522009263,0.00020425189522009263
236,token_embedding.weight,0.004914770368486643,85.47206115722656,5.7501484133462334e-05,0.20119395021694675,0.00020119395021694675
236,position_embedding.weight,0.005683339666575193,89.38506317138672,6.358265536690295e-05,0.20119395021694675,0.00020119395021694675
236,blocks.0.ln1.weight,0.001547748688608408,16.41050910949707,9.431448337654573e-05,0.20119395021694675,0.00020119395021694675
236,blocks.0.ln1.bias,0.0007814164855517447,0.16593551635742188,0.004709157525167063,0.20119395021694675,0.00020119395021694675
236,blocks.0.attn.qkv.weight,0.03201935812830925,17.984079360961914,0.0017804279821969633,0.20119395021694675,0.00020119395021694675
236,blocks.0.attn.proj.weight,0.01898955926299095,10.378472328186035,0.0018297065948152068,0.20119395021694675,0.00020119395021694675
236,blocks.0.ln2.weight,0.001224838080815971,16.104652404785156,7.605492189648007e-05,0.20119395021694675,0.00020119395021694675
236,blocks.0.ln2.bias,0.0006426037871278822,0.1346558779478073,0.0047721926210468404,0.20119395021694675,0.00020119395021694675
236,blocks.0.mlp.fc.weight,0.034559376537799835,19.72488021850586,0.001752070286610639,0.20119395021694675,0.00020119395021694675
236,blocks.0.mlp.proj.weight,0.03236392140388489,11.271219253540039,0.002871377148813535,0.20119395021694675,0.00020119395021694675
236,blocks.1.ln1.weight,0.0011115239467471838,16.4103946685791,6.773291984715916e-05,0.20119395021694675,0.00020119395021694675
236,blocks.1.ln1.bias,0.0006327038863673806,0.19512034952640533,0.0032426340353521924,0.20119395021694675,0.00020119395021694675
236,blocks.1.attn.qkv.weight,0.0308972280472517,17.850399017333984,0.0017308984531520335,0.20119395021694675,0.00020119395021694675
236,blocks.1.attn.proj.weight,0.015523645095527172,10.33462905883789,0.0015020998825545921,0.20119395021694675,0.00020119395021694675
236,blocks.1.ln2.weight,0.0010511802975088358,16.359018325805664,6.425693012707119e-05,0.20119395021694675,0.00020119395021694675
236,blocks.1.ln2.bias,0.0006669165450148284,0.11835785955190659,0.005634746585770362,0.20119395021694675,0.00020119395021694675
236,blocks.1.mlp.fc.weight,0.027657197788357735,20.015775680541992,0.0013817699713353027,0.20119395021694675,0.00020119395021694675
236,blocks.1.mlp.proj.weight,0.023268984630703926,11.299941062927246,0.002059212919883499,0.20119395021694675,0.00020119395021694675
236,final_norm.weight,0.0009617708856239915,16.5914363861084,5.7967909663879415e-05,0.20119395021694675,0.00020119395021694675
236,final_norm.bias,0.0004939381615258753,0.19433249533176422,0.002541716765794022,0.20119395021694675,0.00020119395021694675
236,lm_head.weight,0.002985830418765545,3.74344801902771,0.0007976150339440963,0.20119395021694675,0.00020119395021694675
237,token_embedding.weight,0.005137722007930279,85.4722671508789,6.010981314981286e-05,0.19817583288938664,0.00019817583288938664
237,position_embedding.weight,0.005787420552223921,89.38436126708984,6.474757407428841e-05,0.19817583288938664,0.00019817583288938664
237,blocks.0.ln1.weight,0.0015841347631067038,16.41147804260254,9.652602641848306e-05,0.19817583288938664,0.00019817583288938664
237,blocks.0.ln1.bias,0.0007607043371535838,0.16593769192695618,0.004584276955496359,0.19817583288938664,0.00019817583288938664
237,blocks.0.attn.qkv.weight,0.03279581293463707,17.986034393310547,0.0018234043267943948,0.19817583288938664,0.00019817583288938664
237,blocks.0.attn.proj.weight,0.02034619450569153,10.38045597076416,0.001960048244797071,0.19817583288938664,0.00019817583288938664
237,blocks.0.ln2.weight,0.0013021318009123206,16.10424041748047,8.085645563877892e-05,0.19817583288938664,0.00019817583288938664
237,blocks.0.ln2.bias,0.0007204072317108512,0.13467934727668762,0.005349054968505934,0.19817583288938664,0.00019817583288938664
237,blocks.0.mlp.fc.weight,0.03644691780209541,19.724342346191406,0.0018478140950099226,0.19817583288938664,0.00019817583288938664
237,blocks.0.mlp.proj.weight,0.03515533730387688,11.270376205444336,0.003119269194127824,0.19817583288938664,0.00019817583288938664
237,blocks.1.ln1.weight,0.0012100024614483118,16.410282135009766,7.373440940828274e-05,0.19817583288938664,0.00019817583288938664
237,blocks.1.ln1.bias,0.0007968880818225443,0.19534389674663544,0.004079411208081116,0.19817583288938664,0.00019817583288938664
237,blocks.1.attn.qkv.weight,0.03368986397981644,17.850631713867188,0.0018873205452803513,0.19817583288938664,0.00019817583288938664
237,blocks.1.attn.proj.weight,0.016999581828713417,10.334962844848633,0.0016448614362639007,0.19817583288938664,0.00019817583288938664
237,blocks.1.ln2.weight,0.0011042144615203142,16.359262466430664,6.749781439023328e-05,0.19817583288938664,0.00019817583288938664
237,blocks.1.ln2.bias,0.0005979883135296404,0.11826162040233612,0.0050564867240122085,0.19817583288938664,0.00019817583288938664
237,blocks.1.mlp.fc.weight,0.029625937342643738,20.01657485961914,0.0014800702692851198,0.19817583288938664,0.00019817583288938664
237,blocks.1.mlp.proj.weight,0.025705065578222275,11.300787925720215,0.0022746259594621835,0.19817583288938664,0.00019817583288938664
237,final_norm.weight,0.000977252726443112,16.592206954956055,5.889829659767774e-05,0.19817583288938664,0.00019817583288938664
237,final_norm.bias,0.0006318127852864563,0.19460052251815796,0.003246716797609091,0.19817583288938664,0.00019817583288938664
237,lm_head.weight,0.0031987158581614494,3.744155168533325,0.0008543224610569781,0.19817583288938664,0.00019817583288938664
238,token_embedding.weight,0.0051073660142719746,85.4726791381836,5.9754369065872404e-05,0.1951978878547085,0.00019519788785470852
238,position_embedding.weight,0.0061836885288357735,89.38360595703125,6.918146188696332e-05,0.1951978878547085,0.00019519788785470852
238,blocks.0.ln1.weight,0.0015897030243650079,16.41244888305664,9.685958723722443e-05,0.1951978878547085,0.00019519788785470852
238,blocks.0.ln1.bias,0.0009611948044039309,0.16599136590957642,0.005790631332726968,0.1951978878547085,0.00019519788785470852
238,blocks.0.attn.qkv.weight,0.03409900888800621,17.988014221191406,0.001895651652745126,0.1951978878547085,0.00019519788785470852
238,blocks.0.attn.proj.weight,0.020980199798941612,10.382454872131348,0.002020735948995529,0.1951978878547085,0.00019519788785470852
238,blocks.0.ln2.weight,0.0014267921214923263,16.103715896606445,8.860017965126343e-05,0.1951978878547085,0.00019519788785470852
238,blocks.0.ln2.bias,0.0009610327542759478,0.13469235599040985,0.00713502074562597,0.1951978878547085,0.00019519788785470852
238,blocks.0.mlp.fc.weight,0.03780943527817726,19.72349739074707,0.001916974182069402,0.1951978878547085,0.00019519788785470852
238,blocks.0.mlp.proj.weight,0.0363953523337841,11.269024848937988,0.0032296807240788745,0.1951978878547085,0.00019519788785470852
238,blocks.1.ln1.weight,0.0013532822486013174,16.410097122192383,8.246643749421254e-05,0.1951978878547085,0.00019519788785470852
238,blocks.1.ln1.bias,0.0009096087887883186,0.19558368623256683,0.004650739569874249,0.1951978878547085,0.00019519788785470852
238,blocks.1.attn.qkv.weight,0.03528057411313057,17.850751876831055,0.0019764195007897765,0.1951978878547085,0.00019519788785470852
238,blocks.1.attn.proj.weight,0.01721894182264805,10.335160255432129,0.0016660546519920829,0.1951978878547085,0.00019519788785470852
238,blocks.1.ln2.weight,0.0011050880420953035,16.3593807220459,6.755072584171964e-05,0.1951978878547085,0.00019519788785470852
238,blocks.1.ln2.bias,0.000520606932695955,0.11821528524160385,0.0044038884787830496,0.1951978878547085,0.00019519788785470852
238,blocks.1.mlp.fc.weight,0.029951896518468857,20.01706886291504,0.0014963178037498911,0.1951978878547085,0.00019519788785470852
238,blocks.1.mlp.proj.weight,0.02570336125791073,11.301251411437988,0.0022743818646397073,0.1951978878547085,0.00019519788785470852
238,final_norm.weight,0.0008819845970720053,16.592966079711914,5.3154125238063836e-05,0.1951978878547085,0.00019519788785470852
238,final_norm.bias,0.0005844489205628633,0.1948939859867096,0.0029988042863452946,0.1951978878547085,0.00019519788785470852
238,lm_head.weight,0.0031894398853182793,3.744823932647705,0.0008516928813425939,0.1951978878547085,0.00019519788785470852
239,token_embedding.weight,0.0057697780430316925,85.47322082519531,6.750392681272217e-05,0.1922604551432211,0.0001922604551432211
239,position_embedding.weight,0.006252762861549854,89.38288879394531,6.995480841936426e-05,0.1922604551432211,0.0001922604551432211
239,blocks.0.ln1.weight,0.001482905587181449,16.413375854492188,9.034738498207859e-05,0.1922604551432211,0.0001922604551432211
239,blocks.0.ln1.bias,0.0009571554255671799,0.1662110537290573,0.005758674914134725,0.1922604551432211,0.0001922604551432211
239,blocks.0.attn.qkv.weight,0.0336579754948616,17.989957809448242,0.0018709313190930733,0.1922604551432211,0.0001922604551432211
239,blocks.0.attn.proj.weight,0.02075531706213951,10.384309768676758,0.0019987189832052074,0.1922604551432211,0.0001922604551432211
239,blocks.0.ln2.weight,0.0014465023996308446,16.103137969970703,8.982736174329547e-05,0.1922604551432211,0.0001922604551432211
239,blocks.0.ln2.bias,0.0008605131879448891,0.13460400700569153,0.006392924007842579,0.1922604551432211,0.0001922604551432211
239,blocks.0.mlp.fc.weight,0.036925897002220154,19.722576141357422,0.0018722654047604976,0.1922604551432211,0.0001922604551432211
239,blocks.0.mlp.proj.weight,0.03522731363773346,11.267573356628418,0.0031264330413262433,0.1922604551432211,0.0001922604551432211
239,blocks.1.ln1.weight,0.0013111777370795608,16.409780502319336,7.990221056851802e-05,0.1922604551432211,0.0001922604551432211
239,blocks.1.ln1.bias,0.0008927922463044524,0.19588793814182281,0.004557668301421976,0.1922604551432211,0.0001922604551432211
239,blocks.1.attn.qkv.weight,0.03349179029464722,17.850561141967773,0.0018762317906020373,0.1922604551432211,0.0001922604551432211
239,blocks.1.attn.proj.weight,0.016855010762810707,10.335103988647461,0.0016308506214667382,0.1922604551432211,0.0001922604551432211
239,blocks.1.ln2.weight,0.001176995225250721,16.3593692779541,7.194624714760665e-05,0.1922604551432211,0.0001922604551432211
239,blocks.1.ln2.bias,0.0005072570056654513,0.11815951019525528,0.004292985006648473,0.1922604551432211,0.0001922604551432211
239,blocks.1.mlp.fc.weight,0.03033025562763214,20.017271041870117,0.0015152043235158702,0.1922604551432211,0.0001922604551432211
239,blocks.1.mlp.proj.weight,0.026521090418100357,11.301331520080566,0.0023467226291852858,0.1922604551432211,0.0001922604551432211
239,final_norm.weight,0.0008864062838256359,16.59362030029297,5.341849866300319e-05,0.1922604551432211,0.0001922604551432211
239,final_norm.bias,0.0005564858438447118,0.19525280594825745,0.0028500786000961852,0.1922604551432211,0.0001922604551432211
239,lm_head.weight,0.0035385440569370985,3.7453744411468506,0.0009447771144218722,0.1922604551432211,0.0001922604551432211
240,token_embedding.weight,0.005803947802633047,85.47412872314453,6.790297706844478e-05,0.18936387015941958,0.00018936387015941957
240,position_embedding.weight,0.006117937620729208,89.38216400146484,6.844696242338545e-05,0.18936387015941958,0.00018936387015941957
240,blocks.0.ln1.weight,0.0014870039885863662,16.41417121887207,9.05926938837219e-05,0.18936387015941958,0.00018936387015941957
240,blocks.0.ln1.bias,0.0010103124659508467,0.16654174029827118,0.006066421932035425,0.18936387015941958,0.00018936387015941957
240,blocks.0.attn.qkv.weight,0.03341832384467125,17.99166488647461,0.00185743365361323,0.18936387015941958,0.00018936387015941957
240,blocks.0.attn.proj.weight,0.020879095420241356,10.385993003845215,0.002010312871625203,0.18936387015941958,0.00018936387015941957
240,blocks.0.ln2.weight,0.001425272668711841,16.10249900817871,8.851251398853275e-05,0.18936387015941958,0.00018936387015941957
240,blocks.0.ln2.bias,0.0009229760034941137,0.1345391571521759,0.006860277877638882,0.18936387015941958,0.00018936387015941957
240,blocks.0.mlp.fc.weight,0.036191679537296295,19.721473693847656,0.0018351407252382402,0.18936387015941958,0.00018936387015941957
240,blocks.0.mlp.proj.weight,0.03462456911802292,11.265824317932129,0.0030734163911030413,0.18936387015941958,0.00018936387015941957
240,blocks.1.ln1.weight,0.001340338378213346,16.409439086914062,8.168093809386428e-05,0.18936387015941958,0.00018936387015941957
240,blocks.1.ln1.bias,0.000880409381352365,0.19627857208251953,0.004485509406384602,0.18936387015941958,0.00018936387015941957
240,blocks.1.attn.qkv.weight,0.03332233428955078,17.850400924682617,0.0018667555104307212,0.18936387015941958,0.00018936387015941957
240,blocks.1.attn.proj.weight,0.01781349815428257,10.335033416748047,0.0017236033436925184,0.18936387015941958,0.00018936387015941957
240,blocks.1.ln2.weight,0.001226081047207117,16.359220504760742,7.494740026581566e-05,0.18936387015941958,0.00018936387015941957
240,blocks.1.ln2.bias,0.0004755025147460401,0.11810031533241272,0.004026259484605388,0.18936387015941958,0.00018936387015941957
240,blocks.1.mlp.fc.weight,0.030698876827955246,20.017118453979492,0.0015336311716660019,0.18936387015941958,0.00018936387015941957
240,blocks.1.mlp.proj.weight,0.026288805529475212,11.301048278808594,0.002326227167683985,0.18936387015941958,0.00018936387015941957
240,final_norm.weight,0.0008407281711697578,16.594242095947266,5.066384871985412e-05,0.18936387015941958,0.00018936387015941957
240,final_norm.bias,0.00045823410619050264,0.19542273879051208,0.002344835145716448,0.18936387015941958,0.00018936387015941957
240,lm_head.weight,0.0034285751171410084,3.746042490005493,0.0009152525969173044,0.18936387015941958,0.00018936387015941957
241,token_embedding.weight,0.005604974459856749,85.47505950927734,6.557438499646001e-05,0.1865084636436885,0.00018650846364368852
241,position_embedding.weight,0.006505242083221674,89.38143920898438,7.27806817700885e-05,0.1865084636436885,0.00018650846364368852
241,blocks.0.ln1.weight,0.0014346855459734797,16.414941787719727,8.740119608871857e-05,0.1865084636436885,0.00018650846364368852
241,blocks.0.ln1.bias,0.0012053411919623613,0.1668555736541748,0.007223859326709278,0.1865084636436885,0.00018650846364368852
241,blocks.0.attn.qkv.weight,0.035161759704351425,17.993364334106445,0.0019541514889297447,0.1865084636436885,0.00018650846364368852
241,blocks.0.attn.proj.weight,0.02192842587828636,10.387723922729492,0.00211099428916304,0.1865084636436885,0.00018650846364368852
241,blocks.0.ln2.weight,0.0016063679940998554,16.101892471313477,9.976268298658685e-05,0.1865084636436885,0.00018650846364368852
241,blocks.0.ln2.bias,0.0012881056172773242,0.1344948410987854,0.009577360787553505,0.1865084636436885,0.00018650846364368852
241,blocks.0.mlp.fc.weight,0.038233231753110886,19.720422744750977,0.0019387632936664892,0.1865084636436885,0.00018650846364368852
241,blocks.0.mlp.proj.weight,0.03723643347620964,11.264227867126465,0.0033057244504860546,0.1865084636436885,0.00018650846364368852
241,blocks.1.ln1.weight,0.001333919120952487,16.40899658203125,8.129193727867067e-05,0.1865084636436885,0.00018650846364368852
241,blocks.1.ln1.bias,0.001065472373738885,0.19667372107505798,0.005417461813959597,0.1865084636436885,0.00018650846364368852
241,blocks.1.attn.qkv.weight,0.03349246457219124,17.850143432617188,0.0018763134704558899,0.1865084636436885,0.00018650846364368852
241,blocks.1.attn.proj.weight,0.018934836611151695,10.334768295288086,0.0018321491174391198,0.1865084636436885,0.00018650846364368852
241,blocks.1.ln2.weight,0.001349251950159669,16.359041213989258,8.247744672259817e-05,0.1865084636436885,0.00018650846364368852
241,blocks.1.ln2.bias,0.0006343413842841983,0.11804329603910446,0.005373802711072086,0.1865084636436885,0.00018650846364368852
241,blocks.1.mlp.fc.weight,0.03374055400490761,20.016862869262695,0.0016856064921500224,0.1865084636436885,0.00018650846364368852
241,blocks.1.mlp.proj.weight,0.028709130361676216,11.300684928894043,0.0025404770190759875,0.1865084636436885,0.00018650846364368852
241,final_norm.weight,0.0008479180978611112,16.59482765197754,5.1095324136133296e-05,0.1865084636436885,0.00018650846364368852
241,final_norm.bias,0.0005838206852786243,0.19548282027244568,0.002986557511611317,0.1865084636436885,0.00018650846364368852
241,lm_head.weight,0.0036222729831933975,3.746701955795288,0.0009667897329248742,0.1865084636436885,0.00018650846364368852
242,token_embedding.weight,0.005338665563613176,85.47605895996094,6.245802191364339e-05,0.18369456163453682,0.00018369456163453682
242,position_embedding.weight,0.006368165835738182,89.3807373046875,7.124763151180828e-05,0.18369456163453682,0.00018369456163453682
242,blocks.0.ln1.weight,0.0013506804825738072,16.41558074951172,8.228039587413933e-05,0.18369456163453682,0.00018369456163453682
242,blocks.0.ln1.bias,0.001136105041950941,0.16708244383335114,0.006799667373056251,0.18369456163453682,0.00018369456163453682
242,blocks.0.attn.qkv.weight,0.03359464928507805,17.994895935058594,0.0018668987809829641,0.18369456163453682,0.00018369456163453682
242,blocks.0.attn.proj.weight,0.02128344029188156,10.389296531677246,0.0020485930136834316,0.18369456163453682,0.00018369456163453682
242,blocks.0.ln2.weight,0.0015880368882790208,16.101146697998047,9.862880688344841e-05,0.18369456163453682,0.00018369456163453682
242,blocks.0.ln2.bias,0.0011228499934077263,0.1345222145318985,0.008346948474693182,0.18369456163453682,0.00018369456163453682
242,blocks.0.mlp.fc.weight,0.03727981820702553,19.719070434570312,0.0018905464296971556,0.18369456163453682,0.00018369456163453682
242,blocks.0.mlp.proj.weight,0.036269284784793854,11.262103080749512,0.0032204717471274336,0.18369456163453682,0.00018369456163453682
242,blocks.1.ln1.weight,0.001329228631220758,16.408592224121094,8.100808485365817e-05,0.18369456163453682,0.00018369456163453682
242,blocks.1.ln1.bias,0.001018534996546805,0.197183758020401,0.0051654102080570955,0.18369456163453682,0.00018369456163453682
242,blocks.1.attn.qkv.weight,0.03296397626399994,17.849925994873047,0.0018467290157654541,0.18369456163453682,0.00018369456163453682
242,blocks.1.attn.proj.weight,0.017929475754499435,10.334607124328613,0.001734896696004057,0.18369456163453682,0.00018369456163453682
242,blocks.1.ln2.weight,0.001269183005206287,16.358823776245117,7.758400130510656e-05,0.18369456163453682,0.00018369456163453682
242,blocks.1.ln2.bias,0.0007636722293682396,0.11793524771928787,0.006475351891229958,0.18369456163453682,0.00018369456163453682
242,blocks.1.mlp.fc.weight,0.03176795691251755,20.016633987426758,0.0015870778739557649,0.18369456163453682,0.00018369456163453682
242,blocks.1.mlp.proj.weight,0.02692362107336521,11.300195693969727,0.0023825800722840967,0.18369456163453682,0.00018369456163453682
242,final_norm.weight,0.0008210655651055276,16.595380783081055,4.947554839733189e-05,0.18369456163453682,0.00018369456163453682
242,final_norm.bias,0.0006336818914860487,0.19563347101211548,0.0032391281931687752,0.18369456163453682,0.00018369456163453682
242,lm_head.weight,0.003384597599506378,3.7473015785217285,0.0009032092903610558,0.18369456163453682,0.00018369456163453682
243,token_embedding.weight,0.0061708781868219376,85.4770278930664,7.21934107786453e-05,0.18092248543136985,0.00018092248543136985
243,position_embedding.weight,0.006202826742082834,89.38002014160156,6.939835918872976e-05,0.18092248543136985,0.00018092248543136985
243,blocks.0.ln1.weight,0.0012814474757760763,16.416122436523438,7.806030204337217e-05,0.18092248543136985,0.00018092248543136985
243,blocks.0.ln1.bias,0.0012584374053403735,0.16733212769031525,0.007520596449128209,0.18092248543136985,0.00018092248543136985
243,blocks.0.attn.qkv.weight,0.032725270837545395,17.996288299560547,0.001818445575710337,0.18092248543136985,0.00018092248543136985
243,blocks.0.attn.proj.weight,0.021248798817396164,10.390746116638184,0.0020449733425176734,0.18092248543136985,0.00018092248543136985
243,blocks.0.ln2.weight,0.001593810855410993,16.100427627563477,9.899183377479584e-05,0.18092248543136985,0.00018092248543136985
243,blocks.0.ln2.bias,0.0012702468084171414,0.13455180823802948,0.009440577759910628,0.18092248543136985,0.00018092248543136985
243,blocks.0.mlp.fc.weight,0.037333894520998,19.71779441833496,0.001893411287739185,0.18092248543136985,0.00018092248543136985
243,blocks.0.mlp.proj.weight,0.0371258519589901,11.260129928588867,0.003297106889035645,0.18092248543136985,0.00018092248543136985
243,blocks.1.ln1.weight,0.0013435089495033026,16.408153533935547,8.188056911611407e-05,0.18092248543136985,0.00018092248543136985
243,blocks.1.ln1.bias,0.0011653057299554348,0.19753141701221466,0.00589934374782254,0.18092248543136985,0.00018092248543136985
243,blocks.1.attn.qkv.weight,0.03366314247250557,17.849590301513672,0.0018859336211010402,0.18092248543136985,0.00018092248543136985
243,blocks.1.attn.proj.weight,0.017826028168201447,10.334311485290527,0.0017249362179156903,0.18092248543136985,0.00018092248543136985
243,blocks.1.ln2.weight,0.0012891300721094012,16.358545303344727,7.880468881580457e-05,0.18092248543136985,0.00018092248543136985
243,blocks.1.ln2.bias,0.000931294693145901,0.11779268085956573,0.007906218674556688,0.18092248543136985,0.00018092248543136985
243,blocks.1.mlp.fc.weight,0.031224410980939865,20.016267776489258,0.001559951701765997,0.18092248543136985,0.00018092248543136985
243,blocks.1.mlp.proj.weight,0.026630986481904984,11.299644470214844,0.002356798618938874,0.18092248543136985,0.00018092248543136985
243,final_norm.weight,0.0008148292545229197,16.595911026000977,4.909819372050559e-05,0.18092248543136985,0.00018092248543136985
243,final_norm.bias,0.0006415937095880508,0.19569258391857147,0.0032785795799586464,0.18092248543136985,0.00018092248543136985
243,lm_head.weight,0.003470305586233735,3.7479019165039062,0.0009259328721894507,0.18092248543136985,0.00018092248543136985
244,token_embedding.weight,0.006119484081864357,85.47821044921875,7.15911581408197e-05,0.17819255155780234,0.00017819255155780234
244,position_embedding.weight,0.006165944039821625,89.37931823730469,6.898625052666877e-05,0.17819255155780234,0.00017819255155780234
244,blocks.0.ln1.weight,0.001385787152685225,16.416561126708984,8.441397330349102e-05,0.17819255155780234,0.00017819255155780234
244,blocks.0.ln1.bias,0.0012825207086279988,0.16771630942821503,0.007646964764445219,0.17819255155780234,0.00017819255155780234
244,blocks.0.attn.qkv.weight,0.033468279987573624,17.997514724731445,0.0018596056455273257,0.17819255155780234,0.00017819255155780234
244,blocks.0.attn.proj.weight,0.021325092762708664,10.392033576965332,0.0020520615724313254,0.17819255155780234,0.00017819255155780234
244,blocks.0.ln2.weight,0.0016040448099374771,16.099706649780273,9.963192776306079e-05,0.17819255155780234,0.00017819255155780234
244,blocks.0.ln2.bias,0.0012509797234088182,0.13454100489616394,0.009298129773632962,0.17819255155780234,0.00017819255155780234
244,blocks.0.mlp.fc.weight,0.03739460930228233,19.71653175354004,0.001896611927986085,0.17819255155780234,0.00017819255155780234
244,blocks.0.mlp.proj.weight,0.03718487545847893,11.258180618286133,0.0033029204912628585,0.17819255155780234,0.00017819255155780234
244,blocks.1.ln1.weight,0.0013178644003346562,16.40765953063965,8.032007233411915e-05,0.17819255155780234,0.00017819255155780234
244,blocks.1.ln1.bias,0.0011895463103428483,0.19800391793251038,0.006007690770756856,0.17819255155780234,0.00017819255155780234
244,blocks.1.attn.qkv.weight,0.033963367342948914,17.849178314208984,0.0019027972461852878,0.17819255155780234,0.00017819255155780234
244,blocks.1.attn.proj.weight,0.017699265852570534,10.333805084228516,0.0017127539863879854,0.17819255155780234,0.00017819255155780234
244,blocks.1.ln2.weight,0.001325626508332789,16.358226776123047,8.103729863114698e-05,0.17819255155780234,0.00017819255155780234
244,blocks.1.ln2.bias,0.0008594224927946925,0.11760546267032623,0.0073076749436081345,0.17819255155780234,0.00017819255155780234
244,blocks.1.mlp.fc.weight,0.03184572234749794,20.015785217285156,0.0015910303793625414,0.17819255155780234,0.00017819255155780234
244,blocks.1.mlp.proj.weight,0.026601247489452362,11.298940658569336,0.0023543134080693754,0.17819255155780234,0.00017819255155780234
244,final_norm.weight,0.000812755897641182,16.59641456604004,4.897177606687487e-05,0.17819255155780234,0.00017819255155780234
244,final_norm.bias,0.0006135583971627057,0.19563856720924377,0.0031361832480777813,0.17819255155780234,0.00017819255155780234
244,lm_head.weight,0.0035052860621362925,3.748551845550537,0.0009351040632654096,0.17819255155780234,0.00017819255155780234
245,token_embedding.weight,0.006216713227331638,85.4793472290039,7.27276638025399e-05,0.17550507172551683,0.00017550507172551684
245,position_embedding.weight,0.006635481491684914,89.37857818603516,7.424017730371093e-05,0.17550507172551683,0.00017550507172551684
245,blocks.0.ln1.weight,0.001543249236419797,16.417049407958984,9.40028380295631e-05,0.17550507172551683,0.00017550507172551684
245,blocks.0.ln1.bias,0.0014652349054813385,0.16800837218761444,0.008721201725806819,0.17550507172551683,0.00017550507172551684
245,blocks.0.attn.qkv.weight,0.03644571453332901,17.998844146728516,0.0020248919450725615,0.17550507172551683,0.00017550507172551684
245,blocks.0.attn.proj.weight,0.02134188823401928,10.393446922302246,0.0020533984917190298,0.17550507172551683,0.00017550507172551684
245,blocks.0.ln2.weight,0.0016055185114964843,16.099040985107422,9.972758706444598e-05,0.17550507172551683,0.00017550507172551684
245,blocks.0.ln2.bias,0.0014179004356265068,0.13448390364646912,0.010543272445030566,0.17550507172551683,0.00017550507172551684
245,blocks.0.mlp.fc.weight,0.03759652003645897,19.715410232543945,0.0019069610823718509,0.17550507172551683,0.00017550507172551684
245,blocks.0.mlp.proj.weight,0.038832470774650574,11.256299018859863,0.0034498435684396393,0.17550507172551683,0.00017550507172551684
245,blocks.1.ln1.weight,0.0013333859387785196,16.407148361206055,8.126859765168992e-05,0.17550507172551683,0.00017550507172551684
245,blocks.1.ln1.bias,0.0013536381302401423,0.19855988025665283,0.006817279142612551,0.17550507172551683,0.00017550507172551684
245,blocks.1.attn.qkv.weight,0.03497513383626938,17.848758697509766,0.001959527518356058,0.17550507172551683,0.00017550507172551684
245,blocks.1.attn.proj.weight,0.017706552520394325,10.33320140838623,0.0017135592175743627,0.17550507172551683,0.00017550507172551684
245,blocks.1.ln2.weight,0.0013609117595478892,16.357885360717773,8.319606902344071e-05,0.17550507172551683,0.00017550507172551684
245,blocks.1.ln2.bias,0.0009082831093110144,0.11738406121730804,0.007737703908725831,0.17550507172551683,0.00017550507172551684
245,blocks.1.mlp.fc.weight,0.033254239708185196,20.01524543762207,0.0016614455122132311,0.17550507172551683,0.00017550507172551684
245,blocks.1.mlp.proj.weight,0.027719005942344666,11.298142433166504,0.0024534126832187115,0.17550507172551683,0.00017550507172551684
245,final_norm.weight,0.0007977721397764981,16.59688949584961,4.8067569527166475e-05,0.17550507172551683,0.00017550507172551684
245,final_norm.bias,0.000654146890155971,0.1955777257680893,0.0033446901357688133,0.17550507172551683,0.00017550507172551684
245,lm_head.weight,0.0034872042015194893,3.749140977859497,0.0009301341886347294,0.17550507172551683,0.00017550507172551684
246,token_embedding.weight,0.005840057972818613,85.48048400878906,6.832036622789915e-05,0.17286035279867173,0.00017286035279867173
246,position_embedding.weight,0.006185146514326334,89.37785339355469,6.920222716796973e-05,0.17286035279867173,0.00017286035279867173
246,blocks.0.ln1.weight,0.0014762860955670476,16.417478561401367,8.992160946308825e-05,0.17286035279867173,0.00017286035279867173
246,blocks.0.ln1.bias,0.0012543913908302784,0.16823068261146545,0.007456376989920929,0.17286035279867173,0.00017286035279867173
246,blocks.0.attn.qkv.weight,0.03380340710282326,18.00009536743164,0.0018779571114930515,0.17286035279867173,0.00017286035279867173
246,blocks.0.attn.proj.weight,0.019919130951166153,10.39480209350586,0.0019162587966545983,0.17286035279867173,0.00017286035279867173
246,blocks.0.ln2.weight,0.0014739427715539932,16.098377227783203,9.155846894990845e-05,0.17286035279867173,0.00017286035279867173
246,blocks.0.ln2.bias,0.0012440133141353726,0.13447919487953186,0.009250600550074118,0.17286035279867173,0.00017286035279867173
246,blocks.0.mlp.fc.weight,0.03475068509578705,19.714258193969727,0.0017627183713366888,0.17286035279867173,0.00017286035279867173
246,blocks.0.mlp.proj.weight,0.03569702059030533,11.254426002502441,0.003171820631488879,0.17286035279867173,0.00017286035279867173
246,blocks.1.ln1.weight,0.0012693119933828712,16.40675163269043,7.736522267172568e-05,0.17286035279867173,0.00017286035279867173
246,blocks.1.ln1.bias,0.0011781539069488645,0.19917835295200348,0.0059150700338748766,0.17286035279867173,0.00017286035279867173
246,blocks.1.attn.qkv.weight,0.03258010745048523,17.848546981811523,0.001825364691236996,0.17286035279867173,0.00017286035279867173
246,blocks.1.attn.proj.weight,0.01667836122214794,10.332886695861816,0.001614104723399879,0.17286035279867173,0.00017286035279867173
246,blocks.1.ln2.weight,0.0012762575643137097,16.357505798339844,7.802274870311596e-05,0.17286035279867173,0.00017286035279867173
246,blocks.1.ln2.bias,0.0008174732211045921,0.11712184548377991,0.006979681866529532,0.17286035279867173,0.00017286035279867173
246,blocks.1.mlp.fc.weight,0.030977964401245117,20.014633178710938,0.0015477657833966227,0.17286035279867173,0.00017286035279867173
246,blocks.1.mlp.proj.weight,0.026107795536518097,11.297233581542969,0.0023109901506480138,0.17286035279867173,0.00017286035279867173
246,final_norm.weight,0.0007591919857077301,16.597299575805664,4.574189808650434e-05,0.17286035279867173,0.00017286035279867173
246,final_norm.bias,0.0005847141146659851,0.195556178689003,0.002990005831484762,0.17286035279867173,0.00017286035279867173
246,lm_head.weight,0.0034356932155787945,3.7496678829193115,0.0009162660061783958,0.17286035279867173,0.00017286035279867173
247,token_embedding.weight,0.005781363230198622,85.48152923583984,6.763289428582896e-05,0.17025869675886252,0.00017025869675886253
247,position_embedding.weight,0.005861695855855942,89.37710571289062,6.558386299379193e-05,0.17025869675886252,0.00017025869675886253
247,blocks.0.ln1.weight,0.00136940844822675,16.417892456054688,8.340951506974016e-05,0.17025869675886252,0.00017025869675886253
247,blocks.0.ln1.bias,0.0012198288459330797,0.1684771031141281,0.007240324194674186,0.17025869675886252,0.00017025869675886253
247,blocks.0.attn.qkv.weight,0.0324937142431736,18.001300811767578,0.0018050758988445116,0.17025869675886252,0.00017025869675886253
247,blocks.0.attn.proj.weight,0.01898573897778988,10.396112442016602,0.0018262344779050182,0.17025869675886252,0.00017025869675886253
247,blocks.0.ln2.weight,0.0013880010228604078,16.097776412963867,8.622315202132739e-05,0.17025869675886252,0.00017025869675886253
247,blocks.0.ln2.bias,0.0011243931949138641,0.1344609409570694,0.008362229112054908,0.17025869675886252,0.00017025869675886253
247,blocks.0.mlp.fc.weight,0.033795010298490524,19.713306427001953,0.0017143248101799246,0.17025869675886252,0.00017025869675886253
247,blocks.0.mlp.proj.weight,0.03446969389915466,11.252824783325195,0.0030632036455619503,0.17025869675886252,0.00017025869675886253
247,blocks.1.ln1.weight,0.001258273608982563,16.406396865844727,7.669408580515287e-05,0.17025869675886252,0.00017025869675886253
247,blocks.1.ln1.bias,0.0010900436900556087,0.19972574710845947,0.0054577024035775,0.17025869675886252,0.00017025869675886253
247,blocks.1.attn.qkv.weight,0.03272721916437149,17.848407745361328,0.001833621218838147,0.17025869675886252,0.00017025869675886253
247,blocks.1.attn.proj.weight,0.01652161404490471,10.332552909851074,0.001598986638544224,0.17025869675886252,0.00017025869675886253
247,blocks.1.ln2.weight,0.0012355645885691047,16.357128143310547,7.553676768585621e-05,0.17025869675886252,0.00017025869675886253
247,blocks.1.ln2.bias,0.0007060118950903416,0.11696969717741013,0.006035852978344333,0.17025869675886252,0.00017025869675886253
247,blocks.1.mlp.fc.weight,0.029851438477635384,20.014083862304688,0.0014915216046364865,0.17025869675886252,0.00017025869675886253
247,blocks.1.mlp.proj.weight,0.024981413036584854,11.296405792236328,0.002211447915030779,0.17025869675886252,0.00017025869675886253
247,final_norm.weight,0.000766140001360327,16.597713470458984,4.615937024843064e-05,0.17025869675886252,0.00017025869675886253
247,final_norm.bias,0.0005645724013447762,0.19548936188220978,0.0028879955200941613,0.17025869675886252,0.00017025869675886253
247,lm_head.weight,0.0033300418872386217,3.750246286392212,0.0008879528524088692,0.17025869675886252,0.00017025869675886253
248,token_embedding.weight,0.005356187466531992,85.48260498046875,6.26582152913534e-05,0.16770040067064074,0.00016770040067064075
248,position_embedding.weight,0.005556491669267416,89.37635803222656,6.216959150722881e-05,0.16770040067064074,0.00016770040067064075
248,blocks.0.ln1.weight,0.0012451640795916319,16.41826820373535,7.584015951866754e-05,0.16770040067064074,0.00016770040067064075
248,blocks.0.ln1.bias,0.0010881444904953241,0.16871413588523865,0.006449634375800278,0.16770040067064074,0.00016770040067064075
248,blocks.0.attn.qkv.weight,0.030008366331458092,18.002466201782227,0.001666903078450753,0.16770040067064074,0.00016770040067064075
248,blocks.0.attn.proj.weight,0.01782170869410038,10.397316932678223,0.0017140680436590297,0.16770040067064074,0.00016770040067064075
248,blocks.0.ln2.weight,0.0013067394029349089,16.097259521484375,8.117775582798889e-05,0.16770040067064074,0.00016770040067064075
248,blocks.0.ln2.bias,0.0010719200363382697,0.13444040715694427,0.007973198378363647,0.16770040067064074,0.00016770040067064075
248,blocks.0.mlp.fc.weight,0.03176385909318924,19.712507247924805,0.0016113556075689716,0.16770040067064074,0.00016770040067064075
248,blocks.0.mlp.proj.weight,0.03245490416884422,11.251564979553223,0.0028844791127118443,0.16770040067064074,0.00016770040067064075
248,blocks.1.ln1.weight,0.0012057145358994603,16.4060115814209,7.349223971442314e-05,0.16770040067064074,0.00016770040067064075
248,blocks.1.ln1.bias,0.0009696102351881564,0.20010258257389069,0.004845565822846233,0.16770040067064074,0.00016770040067064075
248,blocks.1.attn.qkv.weight,0.030421171337366104,17.848182678222656,0.0017044408322020705,0.16770040067064074,0.00016770040067064075
248,blocks.1.attn.proj.weight,0.01571192592382431,10.33216381072998,0.0015206810704555334,0.16770040067064074,0.00016770040067064075
248,blocks.1.ln2.weight,0.0011637300485745072,16.356868743896484,7.114626074190872e-05,0.16770040067064074,0.00016770040067064075
248,blocks.1.ln2.bias,0.0005829710862599313,0.11684193462133408,0.004989399466418093,0.16770040067064074,0.00016770040067064075
248,blocks.1.mlp.fc.weight,0.028401320800185204,20.013763427734375,0.0014190894632453899,0.16770040067064074,0.00016770040067064075
248,blocks.1.mlp.proj.weight,0.023650778457522392,11.295915603637695,0.002093746030636409,0.16770040067064074,0.00016770040067064075
248,final_norm.weight,0.0007606177241541445,16.598159790039062,4.5825424852854045e-05,0.16770040067064074,0.00016770040067064075
248,final_norm.bias,0.0005817458149977028,0.1954895406961441,0.002975841126451639,0.16770040067064074,0.00016770040067064075
248,lm_head.weight,0.0031383754685521126,3.7508084774017334,0.0008367197332147699,0.16770040067064074,0.00016770040067064075
249,token_embedding.weight,0.004882346838712692,85.4836196899414,5.711441392422841e-05,0.16518575664759427,0.00016518575664759428
249,position_embedding.weight,0.005084948148578405,89.37557983398438,5.689415562980031e-05,0.16518575664759427,0.00016518575664759428
249,blocks.0.ln1.weight,0.0011295988224446774,16.41862678527832,6.879983552933049e-05,0.16518575664759427,0.00016518575664759428
249,blocks.0.ln1.bias,0.0009395332890562713,0.16890518367290497,0.005562489371967242,0.16518575664759427,0.00016518575664759428
249,blocks.0.attn.qkv.weight,0.027582410722970963,18.00357437133789,0.0015320519222494658,0.16518575664759427,0.00016518575664759428
249,blocks.0.attn.proj.weight,0.016557736322283745,10.398423194885254,0.0015923314537175718,0.16518575664759427,0.00016518575664759428
249,blocks.0.ln2.weight,0.0011884330306202173,16.09678077697754,7.383047872031052e-05,0.16518575664759427,0.00016518575664759428
249,blocks.0.ln2.bias,0.0010027415119111538,0.13440760970115662,0.007460451935223013,0.16518575664759427,0.00016518575664759428
249,blocks.0.mlp.fc.weight,0.028925655409693718,19.711809158325195,0.0014674277321458152,0.16518575664759427,0.00016518575664759428
249,blocks.0.mlp.proj.weight,0.029406394809484482,11.250458717346191,0.0026137951836703757,0.16518575664759427,0.00016518575664759428
249,blocks.1.ln1.weight,0.0010916623286902905,16.40559959411621,6.654205610880223e-05,0.16518575664759427,0.00016518575664759428
249,blocks.1.ln1.bias,0.0008687653462402523,0.20044462382793427,0.004334191307528826,0.16518575664759427,0.00016518575664759428
249,blocks.1.attn.qkv.weight,0.027567332610487938,17.8479061126709,0.001544569566674004,0.16518575664759427,0.00016518575664759428
249,blocks.1.attn.proj.weight,0.014309275895357132,10.331689834594727,0.0013849889151184575,0.16518575664759427,0.00016518575664759428
249,blocks.1.ln2.weight,0.001058088499121368,16.356685638427734,6.468844132062263e-05,0.16518575664759427,0.00016518575664759428
249,blocks.1.ln2.bias,0.00048203259939327836,0.11673540621995926,0.00412927504172022,0.16518575664759427,0.00016518575664759428
249,blocks.1.mlp.fc.weight,0.02596108801662922,20.013641357421875,0.0012971696430944834,0.16518575664759427,0.00016518575664759428
249,blocks.1.mlp.proj.weight,0.021261857822537422,11.295646667480469,0.0018823054977230504,0.16518575664759427,0.00016518575664759428
249,final_norm.weight,0.0007441972848027945,16.5986385345459,4.4834838908859295e-05,0.16518575664759427,0.00016518575664759428
249,final_norm.bias,0.0004902659566141665,0.19558559358119965,0.0025066567922249353,0.16518575664759427,0.00016518575664759428
249,lm_head.weight,0.0028423063922673464,3.7513365745544434,0.0007576783196544227,0.16518575664759427,0.00016518575664759428
250,token_embedding.weight,0.004698562901467085,85.4845199584961,5.496390344998424e-05,0.1627150518189927,0.00016271505181899272
250,position_embedding.weight,0.004698202945291996,89.3749008178711,5.2567364017175025e-05,0.1627150518189927,0.00016271505181899272
250,blocks.0.ln1.weight,0.0010611326433718204,16.418987274169922,6.462838576171578e-05,0.1627150518189927,0.00016271505181899272
250,blocks.0.ln1.bias,0.0007891656132414937,0.16909566521644592,0.004666977194398677,0.1627150518189927,0.00016271505181899272
250,blocks.0.attn.qkv.weight,0.025026535615324974,18.004695892333984,0.0013900004623782262,0.1627150518189927,0.00016271505181899272
250,blocks.0.attn.proj.weight,0.01522627379745245,10.399510383605957,0.0014641337174348184,0.1627150518189927,0.00016271505181899272
250,blocks.0.ln2.weight,0.0010831085965037346,16.096311569213867,6.72892415039507e-05,0.1627150518189927,0.00016271505181899272
250,blocks.0.ln2.bias,0.0008440177771262825,0.13436515629291534,0.006281522683455572,0.1627150518189927,0.00016271505181899272
250,blocks.0.mlp.fc.weight,0.026311220601201057,19.711111068725586,0.0013348420852311125,0.1627150518189927,0.00016271505181899272
250,blocks.0.mlp.proj.weight,0.026557309553027153,11.249435424804688,0.0023607682119288114,0.1627150518189927,0.00016271505181899272
250,blocks.1.ln1.weight,0.0010080237407237291,16.405216217041016,6.144531881735135e-05,0.1627150518189927,0.00016271505181899272
250,blocks.1.ln1.bias,0.0007846949738450348,0.2007608413696289,0.003908605724541633,0.1627150518189927,0.00016271505181899272
250,blocks.1.attn.qkv.weight,0.024937694892287254,17.847705841064453,0.0013972493223699698,0.1627150518189927,0.00016271505181899272
250,blocks.1.attn.proj.weight,0.013268464244902134,10.33126449584961,0.001284302057142299,0.1627150518189927,0.00016271505181899272
250,blocks.1.ln2.weight,0.000996866263449192,16.356542587280273,6.0946025612059845e-05,0.1627150518189927,0.00016271505181899272
250,blocks.1.ln2.bias,0.0005209780065342784,0.11669149994850159,0.00446457545545076,0.1627150518189927,0.00016271505181899272
250,blocks.1.mlp.fc.weight,0.0242682583630085,20.013572692871094,0.0012125900125594133,0.1627150518189927,0.00016271505181899272
250,blocks.1.mlp.proj.weight,0.020033808425068855,11.295540809631348,0.0017736032973281715,0.1627150518189927,0.00016271505181899272
250,final_norm.weight,0.0007302585290744901,16.599159240722656,4.399370585486677e-05,0.1627150518189927,0.00016271505181899272
250,final_norm.bias,0.0004503853851929307,0.19572962820529938,0.0023010588091355475,0.1627150518189927,0.00016271505181899272
250,lm_head.weight,0.00275134714320302,3.7518632411956787,0.0007333282069005964,0.1627150518189927,0.00016271505181899272
251,token_embedding.weight,0.004514025524258614,85.48540496826172,5.280463403003693e-05,0.16028856829700258,0.00016028856829700258
251,position_embedding.weight,0.004609518218785524,89.37422180175781,5.1575478094902006e-05,0.16028856829700258,0.00016028856829700258
251,blocks.0.ln1.weight,0.001028984785079956,16.419288635253906,6.266926710031499e-05,0.16028856829700258,0.00016028856829700258
251,blocks.0.ln1.bias,0.000825429568067193,0.1692684441804886,0.004876452737889955,0.16028856829700258,0.00016028856829700258
251,blocks.0.attn.qkv.weight,0.024717221036553383,18.00567626953125,0.0013727460533308525,0.16028856829700258,0.00016028856829700258
251,blocks.0.attn.proj.weight,0.015268348157405853,10.400492668151855,0.001468040855810491,0.16028856829700258,0.00016028856829700258
251,blocks.0.ln2.weight,0.001042376272380352,16.09587287902832,6.476046873720177e-05,0.16028856829700258,0.00016028856829700258
251,blocks.0.ln2.bias,0.000858404440805316,0.1343209594488144,0.006390696167756581,0.16028856829700258,0.00016028856829700258
251,blocks.0.mlp.fc.weight,0.02582799457013607,19.71050453186035,0.0013103669938223047,0.16028856829700258,0.00016028856829700258
251,blocks.0.mlp.proj.weight,0.02616780251264572,11.248517990112305,0.0023263333477037125,0.16028856829700258,0.00016028856829700258
251,blocks.1.ln1.weight,0.0009853574447333813,16.40483283996582,6.006507072310859e-05,0.16028856829700258,0.00016028856829700258
251,blocks.1.ln1.bias,0.0008154156967066228,0.20103922486305237,0.004056002987765332,0.16028856829700258,0.00016028856829700258
251,blocks.1.attn.qkv.weight,0.024295400828123093,17.847515106201172,0.0013612763840541715,0.16028856829700258,0.00016028856829700258
251,blocks.1.attn.proj.weight,0.013633710332214832,10.33087158203125,0.0013197057212410786,0.16028856829700258,0.00016028856829700258
251,blocks.1.ln2.weight,0.0010004956275224686,16.356428146362305,6.116834424788026e-05,0.16028856829700258,0.00016028856829700258
251,blocks.1.ln2.bias,0.0006703134276904166,0.1166907474398613,0.005744357992308948,0.16028856829700258,0.00016028856829700258
251,blocks.1.mlp.fc.weight,0.024260079488158226,20.013595581054688,0.0012121799598629915,0.16028856829700258,0.00016028856829700258
251,blocks.1.mlp.proj.weight,0.0196794755756855,11.295489311218262,0.0017422419723011763,0.16028856829700258,0.00016028856829700258
251,final_norm.weight,0.0007359505980275571,16.599700927734375,4.4335172135415075e-05,0.16028856829700258,0.00016028856829700258
251,final_norm.bias,0.00043657387141138315,0.19581764936447144,0.0022294919422537218,0.16028856829700258,0.00016028856829700258
251,lm_head.weight,0.0027385286521166563,3.7524521350860596,0.0007297970909502675,0.16028856829700258,0.00016028856829700258
252,token_embedding.weight,0.004234479274600744,85.48614501953125,4.953410021744731e-05,0.15790658314447478,0.0001579065831444748
252,position_embedding.weight,0.004403361584991217,89.37368774414062,4.926910476825271e-05,0.15790658314447478,0.0001579065831444748
252,blocks.0.ln1.weight,0.0009711527382023633,16.41962242126465,5.914586299771353e-05,0.15790658314447478,0.0001579065831444748
252,blocks.0.ln1.bias,0.0006764554418623447,0.16954553127288818,0.0039898158139572626,0.15790658314447478,0.0001579065831444748
252,blocks.0.attn.qkv.weight,0.023462317883968353,18.006696701049805,0.001302977346344662,0.15790658314447478,0.0001579065831444748
252,blocks.0.attn.proj.weight,0.014686294831335545,10.401493072509766,0.0014119410289421548,0.15790658314447478,0.0001579065831444748
252,blocks.0.ln2.weight,0.0009780297987163067,16.09547233581543,6.07642806815894e-05,0.15790658314447478,0.0001579065831444748
252,blocks.0.ln2.bias,0.000724899466149509,0.13422472774982452,0.005400640241902491,0.15790658314447478,0.0001579065831444748
252,blocks.0.mlp.fc.weight,0.024703115224838257,19.709978103637695,0.001253330424566924,0.15790658314447478,0.0001579065831444748
252,blocks.0.mlp.proj.weight,0.024965599179267883,11.247690200805664,0.002219620093864018,0.15790658314447478,0.0001579065831444748
252,blocks.1.ln1.weight,0.0009135261061601341,16.4044132232666,5.5687825814117634e-05,0.15790658314447478,0.0001579065831444748
252,blocks.1.ln1.bias,0.0008326045935973525,0.201372891664505,0.00413464089784423,0.15790658314447478,0.0001579065831444748
252,blocks.1.attn.qkv.weight,0.02318039909005165,17.84721565246582,0.0012988243959974612,0.15790658314447478,0.0001579065831444748
252,blocks.1.attn.proj.weight,0.012771576642990112,10.330451965332031,0.0012363037634605936,0.15790658314447478,0.0001579065831444748
252,blocks.1.ln2.weight,0.0009506500791758299,16.3563232421875,5.812125776065499e-05,0.15790658314447478,0.0001579065831444748
252,blocks.1.ln2.bias,0.000755836779717356,0.1167193055152893,0.00647567920640062,0.15790658314447478,0.0001579065831444748
252,blocks.1.mlp.fc.weight,0.023498866707086563,20.01361846923828,0.0011741438332705338,0.15790658314447478,0.0001579065831444748
252,blocks.1.mlp.proj.weight,0.019444605335593224,11.295477867126465,0.0017214504392223779,0.15790658314447478,0.0001579065831444748
252,final_norm.weight,0.0007668978651054204,16.600231170654297,4.619802322157343e-05,0.15790658314447478,0.0001579065831444748
252,final_norm.bias,0.0004909230046905577,0.19581620395183563,0.002507060165505004,0.15790658314447478,0.0001579065831444748
252,lm_head.weight,0.002628742717206478,3.753060817718506,0.0007004263572802415,0.15790658314447478,0.0001579065831444748
253,token_embedding.weight,0.004092404618859291,85.48682403564453,4.787175877715234e-05,0.1555693683433085,0.0001555693683433085
253,position_embedding.weight,0.0045453463681042194,89.3731689453125,5.08580642461662e-05,0.1555693683433085,0.0001555693683433085
253,blocks.0.ln1.weight,0.0009363089338876307,16.419937133789062,5.702268688720072e-05,0.1555693683433085,0.0001555693683433085
253,blocks.0.ln1.bias,0.0007070830906741321,0.16974741220474243,0.0041655014440933665,0.1555693683433085,0.0001555693683433085
253,blocks.0.attn.qkv.weight,0.02425525337457657,18.007665634155273,0.0013469404567669283,0.1555693683433085,0.0001555693683433085
253,blocks.0.attn.proj.weight,0.014784486033022404,10.402416229248047,0.0014212549956857186,0.1555693683433085,0.0001555693683433085
253,blocks.0.ln2.weight,0.0009276058408431709,16.095081329345703,5.76328768933796e-05,0.1555693683433085,0.0001555693683433085
253,blocks.0.ln2.bias,0.0007663654978387058,0.13413824141025543,0.0057132514171637306,0.1555693683433085,0.0001555693683433085
253,blocks.0.mlp.fc.weight,0.024498261511325836,19.709468841552734,0.00124296913875608,0.1555693683433085,0.0001555693683433085
253,blocks.0.mlp.proj.weight,0.024874400347471237,11.246922492980957,0.002211662822695967,0.1555693683433085,0.0001555693683433085
253,blocks.1.ln1.weight,0.0009680816438049078,16.404016494750977,5.901491528703471e-05,0.1555693683433085,0.0001555693683433085
253,blocks.1.ln1.bias,0.00094522227300331,0.20164749026298523,0.004687498325745981,0.1555693683433085,0.0001555693683433085
253,blocks.1.attn.qkv.weight,0.023741118609905243,17.84697723388672,0.0013302599257439388,0.1555693683433085,0.0001555693683433085
253,blocks.1.attn.proj.weight,0.013305513188242912,10.330098152160645,0.0012880335687283516,0.1555693683433085,0.0001555693683433085
253,blocks.1.ln2.weight,0.0009398665861226618,16.356279373168945,5.7462125993297345e-05,0.1555693683433085,0.0001555693683433085
253,blocks.1.ln2.bias,0.0007783830515109003,0.11683797091245651,0.006662072658617627,0.1555693683433085,0.0001555693683433085
253,blocks.1.mlp.fc.weight,0.023224929347634315,20.013771057128906,0.0011604474379834798,0.1555693683433085,0.0001555693683433085
253,blocks.1.mlp.proj.weight,0.01961665041744709,11.295628547668457,0.00173665859625797,0.1555693683433085,0.0001555693683433085
253,final_norm.weight,0.0007334843976423144,16.600786209106445,4.4183714458048604e-05,0.1555693683433085,0.0001555693683433085
253,final_norm.bias,0.0005429080338217318,0.19589775800704956,0.002771384620948155,0.1555693683433085,0.0001555693683433085
253,lm_head.weight,0.002615744713693857,3.753649950027466,0.0006968536620400687,0.1555693683433085,0.0001555693683433085
254,token_embedding.weight,0.0038834060542285442,85.48743438720703,4.542663003125101e-05,0.15327719076339594,0.00015327719076339594
254,position_embedding.weight,0.004145733080804348,89.37271881103516,4.6387008652716674e-05,0.15327719076339594,0.00015327719076339594
254,blocks.0.ln1.weight,0.0008526995661668479,16.420242309570312,5.1929779724980786e-05,0.15327719076339594,0.00015327719076339594
254,blocks.0.ln1.bias,0.0006687520071864128,0.16996607184410095,0.003934620597667761,0.15327719076339594,0.00015327719076339594
254,blocks.0.attn.qkv.weight,0.022023880854249,18.008596420288086,0.0012229648741217923,0.15327719076339594,0.00015327719076339594
254,blocks.0.attn.proj.weight,0.01344071514904499,10.403372764587402,0.0012919574692925805,0.15327719076339594,0.00015327719076339594
254,blocks.0.ln2.weight,0.0008600165019743145,16.094738006591797,5.3434638179387005e-05,0.15327719076339594,0.00015327719076339594
254,blocks.0.ln2.bias,0.0007469001575373113,0.13406261801719666,0.0055712783218654785,0.15327719076339594,0.00015327719076339594
254,blocks.0.mlp.fc.weight,0.022485405206680298,19.709074020385742,0.0011408656329273392,0.15327719076339594,0.00015327719076339594
254,blocks.0.mlp.proj.weight,0.022619329392910004,11.24629020690918,0.00201127029240378,0.15327719076339594,0.00015327719076339594
254,blocks.1.ln1.weight,0.000892244977876544,16.4035587310791,5.439337844330038e-05,0.15327719076339594,0.00015327719076339594
254,blocks.1.ln1.bias,0.0008279163157567382,0.201959490776062,0.0040994177226890225,0.15327719076339594,0.00015327719076339594
254,blocks.1.attn.qkv.weight,0.021454328671097755,17.846553802490234,0.0012021552681001587,0.15327719076339594,0.00015327719076339594
254,blocks.1.attn.proj.weight,0.012098019011318684,10.329523086547852,0.0011712078970105382,0.15327719076339594,0.00015327719076339594
254,blocks.1.ln2.weight,0.000842211302369833,16.356203079223633,5.149185897793085e-05,0.15327719076339594,0.00015327719076339594
254,blocks.1.ln2.bias,0.0006876395200379193,0.11695059388875961,0.005879743720550102,0.15327719076339594,0.00015327719076339594
254,blocks.1.mlp.fc.weight,0.021122725680470467,20.01384925842285,0.0010554054548791952,0.15327719076339594,0.00015327719076339594
254,blocks.1.mlp.proj.weight,0.017693491652607918,11.295708656311035,0.0015663905816764145,0.15327719076339594,0.00015327719076339594
254,final_norm.weight,0.0007122443639673293,16.601285934448242,4.2902963467989835e-05,0.15327719076339594,0.00015327719076339594
254,final_norm.bias,0.00047581613762304187,0.19592159986495972,0.002428604798799993,0.15327719076339594,0.00015327719076339594
254,lm_head.weight,0.0024350385647267103,3.7541933059692383,0.000648618322571271,0.15327719076339594,0.00015327719076339594
255,token_embedding.weight,0.003648333018645644,85.488037109375,4.267653278759759e-05,0.15103031213214996,0.00015103031213214996
255,position_embedding.weight,0.004008288495242596,89.37220001220703,4.4849388229170515e-05,0.15103031213214996,0.00015103031213214996
255,blocks.0.ln1.weight,0.0008460419485345483,16.42051887512207,5.152346006655696e-05,0.15103031213214996,0.00015103031213214996
255,blocks.0.ln1.bias,0.0006510597886517644,0.1701800674200058,0.003825711192375531,0.15103031213214996,0.00015103031213214996
255,blocks.0.attn.qkv.weight,0.021082736551761627,18.009506225585938,0.001170644896516286,0.15103031213214996,0.00015103031213214996
255,blocks.0.attn.proj.weight,0.012961868196725845,10.4042387008667,0.0012458257225148866,0.15103031213214996,0.00015103031213214996
255,blocks.0.ln2.weight,0.0008272808627225459,16.09442138671875,5.140171509397496e-05,0.15103031213214996,0.00015103031213214996
255,blocks.0.ln2.bias,0.0007615736685693264,0.13397769629955292,0.00568433171787701,0.15103031213214996,0.00015103031213214996
255,blocks.0.mlp.fc.weight,0.0214027538895607,19.708698272705078,0.001085954718744701,0.15103031213214996,0.00015103031213214996
255,blocks.0.mlp.proj.weight,0.021502364426851273,11.245777130126953,0.001912038997220161,0.15103031213214996,0.00015103031213214996
255,blocks.1.ln1.weight,0.0008429390727542341,16.40313148498535,5.138891153349403e-05,0.15103031213214996,0.00015103031213214996
255,blocks.1.ln1.bias,0.0007881282363086939,0.20222897827625275,0.003897207230252543,0.15103031213214996,0.00015103031213214996
255,blocks.1.attn.qkv.weight,0.020295467227697372,17.846221923828125,0.0011372416702158062,0.15103031213214996,0.00015103031213214996
255,blocks.1.attn.proj.weight,0.011574530974030495,10.328964233398438,0.0011205897041063836,0.15103031213214996,0.00015103031213214996
255,blocks.1.ln2.weight,0.0007579345838166773,16.356159210205078,4.633939875956538e-05,0.15103031213214996,0.00015103031213214996
255,blocks.1.ln2.bias,0.0005934786750003695,0.11705954372882843,0.005069887136841306,0.15103031213214996,0.00015103031213214996
255,blocks.1.mlp.fc.weight,0.020153392106294632,20.013978958129883,0.0010069657886847688,0.15103031213214996,0.00015103031213214996
255,blocks.1.mlp.proj.weight,0.016697069630026817,11.295927047729492,0.001478149563065874,0.15103031213214996,0.00015103031213214996
255,final_norm.weight,0.0007240309496410191,16.601808547973633,4.3611570844752855e-05,0.15103031213214996,0.00015103031213214996
255,final_norm.bias,0.00042654824210330844,0.1959497630596161,0.002176824485219499,0.15103031213214996,0.00015103031213214996
255,lm_head.weight,0.0023224400356411934,3.7547569274902344,0.0006185327254174472,0.15103031213214996,0.00015103031213214996
256,token_embedding.weight,0.0036885703448206186,85.48856353759766,4.314694495010846e-05,0.14882898900461974,0.00014882898900461976
256,position_embedding.weight,0.004019034560769796,89.37177276611328,4.496984267378919e-05,0.14882898900461974,0.00014882898900461976
256,blocks.0.ln1.weight,0.000886640278622508,16.420778274536133,5.399502166090241e-05,0.14882898900461974,0.00014882898900461976
256,blocks.0.ln1.bias,0.0006734650232829154,0.17036935687065125,0.003952970391208756,0.14882898900461974,0.00014882898900461976
256,blocks.0.attn.qkv.weight,0.022064736112952232,18.010330200195312,0.0012251155790975854,0.14882898900461974,0.00014882898900461976
256,blocks.0.attn.proj.weight,0.013077681884169579,10.405062675476074,0.0012568575790505715,0.14882898900461974,0.00014882898900461976
256,blocks.0.ln2.weight,0.0008017749642021954,16.094146728515625,4.981779883872688e-05,0.14882898900461974,0.00014882898900461976
256,blocks.0.ln2.bias,0.0007854962605051696,0.13388770818710327,0.005866828786116795,0.14882898900461974,0.00014882898900461976
256,blocks.0.mlp.fc.weight,0.021687721833586693,19.708406448364258,0.0011004300063735296,0.14882898900461974,0.00014882898900461976
256,blocks.0.mlp.proj.weight,0.021898923441767693,11.245326042175293,0.0019473800367934572,0.14882898900461974,0.00014882898900461976
256,blocks.1.ln1.weight,0.0008291725534945726,16.40270233154297,5.055097243946166e-05,0.14882898900461974,0.00014882898900461976
256,blocks.1.ln1.bias,0.0007958714850246906,0.20255032181739807,0.003929253125246824,0.14882898900461974,0.00014882898900461976
256,blocks.1.attn.qkv.weight,0.020195724442601204,17.845787048339844,0.0011316802328692384,0.14882898900461974,0.00014882898900461976
256,blocks.1.attn.proj.weight,0.011671103537082672,10.328315734863281,0.0011300103363112413,0.14882898900461974,0.00014882898900461976
256,blocks.1.ln2.weight,0.0007865359075367451,16.356142044067383,4.808810692751262e-05,0.14882898900461974,0.00014882898900461976
256,blocks.1.ln2.bias,0.0006165616796351969,0.11712395399808884,0.005264180883442455,0.14882898900461974,0.00014882898900461976
256,blocks.1.mlp.fc.weight,0.02092774026095867,20.01420021057129,0.0010456445943767374,0.14882898900461974,0.00014882898900461976
256,blocks.1.mlp.proj.weight,0.0174550861120224,11.296209335327148,0.0015452162397020007,0.14882898900461974,0.00014882898900461976
256,final_norm.weight,0.0007208433235064149,16.602359771728516,4.3418124496607186e-05,0.14882898900461974,0.00014882898900461976
256,final_norm.bias,0.00045903693535365164,0.19599345326423645,0.002342103410629948,0.14882898900461974,0.00014882898900461976
256,lm_head.weight,0.002300021704286337,3.755308151245117,0.0006124721625103189,0.14882898900461974,0.00014882898900461976
257,token_embedding.weight,0.0033534241374582052,85.48908233642578,3.922634383021463e-05,0.14667347273419606,0.00014667347273419608
257,position_embedding.weight,0.0036567046772688627,89.37135314941406,4.09158477342893e-05,0.14667347273419606,0.00014667347273419608
257,blocks.0.ln1.weight,0.0008014090708456933,16.420982360839844,4.880396636664172e-05,0.14667347273419606,0.00014667347273419608
257,blocks.0.ln1.bias,0.0005983153241686523,0.17046138644218445,0.0035099756997932986,0.14667347273419606,0.00014667347273419608
257,blocks.0.attn.qkv.weight,0.020138924941420555,18.01108169555664,0.0011181407803168059,0.14667347273419606,0.00014667347273419608
257,blocks.0.attn.proj.weight,0.012050039134919643,10.405813217163086,0.0011580103239834686,0.14667347273419606,0.00014667347273419608
257,blocks.0.ln2.weight,0.0007473349687643349,16.09387969970703,4.643597334568699e-05,0.14667347273419606,0.00014667347273419608
257,blocks.0.ln2.bias,0.0007138228975236416,0.133841410279274,0.005333348595392432,0.14667347273419606,0.00014667347273419608
257,blocks.0.mlp.fc.weight,0.02000611647963524,19.70813751220703,0.0010151195904353025,0.14667347273419606,0.00014667347273419608
257,blocks.0.mlp.proj.weight,0.019955655559897423,11.244864463806152,0.0017746461617324887,0.14667347273419606,0.00014667347273419608
257,blocks.1.ln1.weight,0.000758605485316366,16.402280807495117,4.6249999876216644e-05,0.14667347273419606,0.00014667347273419608
257,blocks.1.ln1.bias,0.0006684264517389238,0.2028823047876358,0.003294651312421234,0.14667347273419606,0.00014667347273419608
257,blocks.1.attn.qkv.weight,0.01856350526213646,17.845378875732422,0.001040241588111058,0.14667347273419606,0.00014667347273419608
257,blocks.1.attn.proj.weight,0.01087269838899374,10.32771110534668,0.0010527694160000144,0.14667347273419606,0.00014667347273419608
257,blocks.1.ln2.weight,0.0007221560808829963,16.356155395507812,4.41519454554272e-05,0.14667347273419606,0.00014667347273419608
257,blocks.1.ln2.bias,0.00054977519903332,0.11720824241638184,0.004690584789042012,0.14667347273419606,0.00014667347273419608
257,blocks.1.mlp.fc.weight,0.01916101574897766,20.014501571655273,0.0009573566286613261,0.14667347273419606,0.00014667347273419608
257,blocks.1.mlp.proj.weight,0.015861697494983673,11.2965726852417,0.0014041159152372502,0.14667347273419606,0.00014667347273419608
257,final_norm.weight,0.0006880363216623664,16.602886199951172,4.1440765983467894e-05,0.14667347273419606,0.00014667347273419608
257,final_norm.bias,0.0003714390331879258,0.1961100697517395,0.0018940334560904775,0.14667347273419606,0.00014667347273419608
257,lm_head.weight,0.0021831567864865065,3.7558157444000244,0.0005812736659781682,0.14667347273419606,0.00014667347273419608
258,token_embedding.weight,0.0030431444756686687,85.48955535888672,3.55966815231809e-05,0.14456400944391146,0.00014456400944391147
258,position_embedding.weight,0.0033865671139210463,89.3709487915039,3.789337765476374e-05,0.14456400944391146,0.00014456400944391147
258,blocks.0.ln1.weight,0.0007269384805113077,16.421159744262695,4.426840076050322e-05,0.14456400944391146,0.00014456400944391147
258,blocks.0.ln1.bias,0.0005521513521671295,0.17053157091140747,0.003237824815738892,0.14456400944391146,0.00014456400944391147
258,blocks.0.attn.qkv.weight,0.01840520091354847,18.011760711669922,0.00102184351703177,0.14456400944391146,0.00014456400944391147
258,blocks.0.attn.proj.weight,0.011068405583500862,10.406472206115723,0.0010636078552148601,0.14456400944391146,0.00014456400944391147
258,blocks.0.ln2.weight,0.0006615257007069886,16.09363555908203,4.110480185029618e-05,0.14456400944391146,0.00014456400944391147
258,blocks.0.ln2.bias,0.0006858984706923366,0.13378804922103882,0.005126754405051516,0.14456400944391146,0.00014456400944391147
258,blocks.0.mlp.fc.weight,0.018221648409962654,19.70796012878418,0.0009245831781112832,0.14456400944391146,0.00014456400944391147
258,blocks.0.mlp.proj.weight,0.018226152285933495,11.244477272033691,0.001620898139148043,0.14456400944391146,0.00014456400944391147
258,blocks.1.ln1.weight,0.0006878532003611326,16.401901245117188,4.193740652876222e-05,0.14456400944391146,0.00014456400944391147
258,blocks.1.ln1.bias,0.0006289745215326548,0.20314417779445648,0.0030961976284939944,0.14456400944391146,0.00014456400944391147
258,blocks.1.attn.qkv.weight,0.016739368438720703,17.84502410888672,0.0009380412341602642,0.14456400944391146,0.00014456400944391147
258,blocks.1.attn.proj.weight,0.009859544225037098,10.327165603637695,0.0009547192911831651,0.14456400944391146,0.00014456400944391147
258,blocks.1.ln2.weight,0.0006740631652064621,16.356184005737305,4.121151761131924e-05,0.14456400944391146,0.00014456400944391147
258,blocks.1.ln2.bias,0.0005290389526635408,0.11732262372970581,0.004509266293582558,0.14456400944391146,0.00014456400944391147
258,blocks.1.mlp.fc.weight,0.0173855759203434,20.014814376831055,0.0008686353814236667,0.14456400944391146,0.00014456400944391147
258,blocks.1.mlp.proj.weight,0.014533634297549725,11.296991348266602,0.0012865048621798283,0.14456400944391146,0.00014456400944391147
258,final_norm.weight,0.0006455960101448,16.603410720825195,3.888333674327577e-05,0.14456400944391146,0.00014456400944391147
258,final_norm.bias,0.0003593755536712706,0.19621331989765167,0.0018315553391426008,0.14456400944391146,0.00014456400944391147
258,lm_head.weight,0.002143141580745578,3.7563328742980957,0.0005705409111660457,0.14456400944391146,0.00014456400944391147
259,token_embedding.weight,0.0028568857815116644,85.48995208740234,3.341779603047195e-05,0.14250083999833715,0.00014250083999833716
259,position_embedding.weight,0.0031052762642502785,89.37057495117188,3.47460701237161e-05,0.14250083999833715,0.00014250083999833716
259,blocks.0.ln1.weight,0.0006700111553072929,16.42129135131836,4.0801368234262606e-05,0.14250083999833715,0.00014250083999833716
259,blocks.0.ln1.bias,0.0004947809502482414,0.17062340676784515,0.002899842170649857,0.14250083999833715,0.00014250083999833716
259,blocks.0.attn.qkv.weight,0.016788125038146973,18.0123348236084,0.0009320349195453657,0.14250083999833715,0.00014250083999833716
259,blocks.0.attn.proj.weight,0.010209023021161556,10.407012939453125,0.0009809753365884685,0.14250083999833715,0.00014250083999833716
259,blocks.0.ln2.weight,0.0006109563983045518,16.093429565429688,3.79630951762395e-05,0.14250083999833715,0.00014250083999833716
259,blocks.0.ln2.bias,0.0006217282498255372,0.1337396800518036,0.0046487942066263666,0.14250083999833715,0.00014250083999833716
259,blocks.0.mlp.fc.weight,0.017050614580512047,19.70772361755371,0.0008651742287132627,0.14250083999833715,0.00014250083999833716
259,blocks.0.mlp.proj.weight,0.01721341162919998,11.24418830871582,0.0015308718741268007,0.14250083999833715,0.00014250083999833716
259,blocks.1.ln1.weight,0.0006389161571860313,16.401559829711914,3.8954597234622576e-05,0.14250083999833715,0.00014250083999833716
259,blocks.1.ln1.bias,0.0006162957288324833,0.2034119814634323,0.0030297906956884245,0.14250083999833715,0.00014250083999833716
259,blocks.1.attn.qkv.weight,0.015704534947872162,17.844728469848633,0.0008800657838199371,0.14250083999833715,0.00014250083999833716
259,blocks.1.attn.proj.weight,0.009302418678998947,10.326693534851074,0.0009008128930720902,0.14250083999833715,0.00014250083999833716
259,blocks.1.ln2.weight,0.0006270060548558831,16.35620880126953,3.833443693915048e-05,0.14250083999833715,0.00014250083999833716
259,blocks.1.ln2.bias,0.0005622672033496201,0.11744935810565948,0.004787316102988042,0.14250083999833715,0.00014250083999833716
259,blocks.1.mlp.fc.weight,0.016643274575471878,20.01506996154785,0.0008315371671168494,0.14250083999833715,0.00014250083999833716
259,blocks.1.mlp.proj.weight,0.014106848277151585,11.29736614227295,0.0012486847022125582,0.14250083999833715,0.00014250083999833716
259,final_norm.weight,0.0006399920675903559,16.603914260864258,3.8544650227373845e-05,0.14250083999833715,0.00014250083999833716
259,final_norm.bias,0.00040744279976934195,0.19631139934062958,0.0020754923103588722,0.14250083999833715,0.00014250083999833716
259,lm_head.weight,0.0020454395562410355,3.756821870803833,0.0005444600853015254,0.14250083999833715,0.00014250083999833716
260,token_embedding.weight,0.002726801671087742,85.49034881591797,3.189601760731137e-05,0.14048419997608008,0.0001404841999760801
260,position_embedding.weight,0.0029349320102483034,89.37025451660156,3.284014380537624e-05,0.14048419997608008,0.0001404841999760801
260,blocks.0.ln1.weight,0.0006209887214936316,16.421424865722656,3.781576364848934e-05,0.14048419997608008,0.0001404841999760801
260,blocks.0.ln1.bias,0.0005120084970258176,0.1706751585006714,0.0029999005216731853,0.14048419997608008,0.0001404841999760801
260,blocks.0.attn.qkv.weight,0.015700403600931168,18.012863159179688,0.0008716217661892958,0.14048419997608008,0.0001404841999760801
260,blocks.0.attn.proj.weight,0.009520458057522774,10.407520294189453,0.0009147671864581572,0.14048419997608008,0.0001404841999760801
260,blocks.0.ln2.weight,0.0005563466693274677,16.09326171875,3.45701622859487e-05,0.14048419997608008,0.0001404841999760801
260,blocks.0.ln2.bias,0.000562951376195997,0.13370122015476227,0.004210517866180707,0.14048419997608008,0.0001404841999760801
260,blocks.0.mlp.fc.weight,0.01604503020644188,19.707616806030273,0.0008141537540719534,0.14048419997608008,0.0001404841999760801
260,blocks.0.mlp.proj.weight,0.016432318836450577,11.243953704833984,0.0014614360097715945,0.14048419997608008,0.0001404841999760801
260,blocks.1.ln1.weight,0.00060079904505983,16.401212692260742,3.663137941887023e-05,0.14048419997608008,0.0001404841999760801
260,blocks.1.ln1.bias,0.0006031611119396985,0.20367416739463806,0.0029614021240506904,0.14048419997608008,0.0001404841999760801
260,blocks.1.attn.qkv.weight,0.014577866531908512,17.844404220581055,0.0008169433034415428,0.14048419997608008,0.0001404841999760801
260,blocks.1.attn.proj.weight,0.008908379822969437,10.326231956481934,0.0008626941425014812,0.14048419997608008,0.0001404841999760801
260,blocks.1.ln2.weight,0.0006248299614526331,16.356264114379883,3.8201263875609916e-05,0.14048419997608008,0.0001404841999760801
260,blocks.1.ln2.bias,0.0005964545998722315,0.11756155639886856,0.005073551406919774,0.14048419997608008,0.0001404841999760801
260,blocks.1.mlp.fc.weight,0.01618439145386219,20.015432357788086,0.0008085956458274543,0.14048419997608008,0.0001404841999760801
260,blocks.1.mlp.proj.weight,0.014018191955983639,11.297799110412598,0.0012407896280491088,0.14048419997608008,0.0001404841999760801
260,final_norm.weight,0.0006243466050364077,16.60441780090332,3.760123435357091e-05,0.14048419997608008,0.0001404841999760801
260,final_norm.bias,0.00043803240987472236,0.1964653581380844,0.0022295656294002964,0.14048419997608008,0.0001404841999760801
260,lm_head.weight,0.002005442511290312,3.7572758197784424,0.0005337490797809021,0.14048419997608008,0.0001404841999760801
261,token_embedding.weight,0.002625094261020422,85.49067687988281,3.0706205130516564e-05,0.13851431964288444,0.00013851431964288444
261,position_embedding.weight,0.0027330974116921425,89.36994934082031,3.058183910644506e-05,0.13851431964288444,0.00013851431964288444
261,blocks.0.ln1.weight,0.000566624104976654,16.421531677246094,3.450494850987268e-05,0.13851431964288444,0.00013851431964288444
261,blocks.0.ln1.bias,0.00046288163866847754,0.1706850826740265,0.0027119044699985564,0.13851431964288444,0.00013851431964288444
261,blocks.0.attn.qkv.weight,0.014473626390099525,18.01333999633789,0.000803494876188492,0.13851431964288444,0.00013851431964288444
261,blocks.0.attn.proj.weight,0.00899320188909769,10.407929420471191,0.0008640721440143743,0.13851431964288444,0.00013851431964288444
261,blocks.0.ln2.weight,0.0005138694541528821,16.093101501464844,3.193103915401741e-05,0.13851431964288444,0.00013851431964288444
261,blocks.0.ln2.bias,0.0005420359084382653,0.1336844265460968,0.0040545927632588295,0.13851431964288444,0.00013851431964288444
261,blocks.0.mlp.fc.weight,0.014804765582084656,19.707489013671875,0.0007512253626940118,0.13851431964288444,0.00013851431964288444
261,blocks.0.mlp.proj.weight,0.015382207930088043,11.243717193603516,0.0013680714006963394,0.13851431964288444,0.00013851431964288444
261,blocks.1.ln1.weight,0.0005494877113960683,16.400897979736328,3.350351377558345e-05,0.13851431964288444,0.00013851431964288444
261,blocks.1.ln1.bias,0.0005857998039573431,0.20390553772449493,0.0028728979629085312,0.13851431964288444,0.00013851431964288444
261,blocks.1.attn.qkv.weight,0.013546593487262726,17.844091415405273,0.0007591640936992083,0.13851431964288444,0.00013851431964288444
261,blocks.1.attn.proj.weight,0.008427090011537075,10.325844764709473,0.000816116279448383,0.13851431964288444,0.00013851431964288444
261,blocks.1.ln2.weight,0.0005804621614515781,16.35631561279297,3.548856449049801e-05,0.13851431964288444,0.00013851431964288444
261,blocks.1.ln2.bias,0.0006070336094126105,0.11768117547035217,0.005158289819771423,0.13851431964288444,0.00013851431964288444
261,blocks.1.mlp.fc.weight,0.015282915905117989,20.015769958496094,0.0007635437425993241,0.13851431964288444,0.00013851431964288444
261,blocks.1.mlp.proj.weight,0.01339395809918642,11.298245429992676,0.001185490099518392,0.13851431964288444,0.00013851431964288444
261,final_norm.weight,0.000607535766903311,16.604902267456055,3.658773518312021e-05,0.13851431964288444,0.00013851431964288444
261,final_norm.bias,0.0004239054396748543,0.19663256406784058,0.002155825214822739,0.13851431964288444,0.00013851431964288444
261,lm_head.weight,0.00197516568005085,3.7576959133148193,0.000525632122879243,0.13851431964288444,0.00013851431964288444
262,token_embedding.weight,0.0026257073041051626,85.49102020263672,3.07132526653852e-05,0.13659142392533874,0.00013659142392533874
262,position_embedding.weight,0.00281343050301075,89.36964416503906,3.1480829193133545e-05,0.13659142392533874,0.00013659142392533874
262,blocks.0.ln1.weight,0.0005694631836377084,16.421607971191406,3.46776749656117e-05,0.13659142392533874,0.00013659142392533874
262,blocks.0.ln1.bias,0.0005629046354442835,0.17072232067584991,0.0032971941408280877,0.13659142392533874,0.00013659142392533874
262,blocks.0.attn.qkv.weight,0.01477465033531189,18.01376724243164,0.0008201865904267491,0.13659142392533874,0.00013659142392533874
262,blocks.0.attn.proj.weight,0.009202013723552227,10.40829086303711,0.0008841042054493683,0.13659142392533874,0.00013659142392533874
262,blocks.0.ln2.weight,0.0005028112209402025,16.092933654785156,3.124422381438594e-05,0.13659142392533874,0.00013659142392533874
262,blocks.0.ln2.bias,0.0005956013919785619,0.13366590440273285,0.004455896173638793,0.13659142392533874,0.00013659142392533874
262,blocks.0.mlp.fc.weight,0.015083075501024723,19.707340240478516,0.0007653531789157218,0.13659142392533874,0.00013659142392533874
262,blocks.0.mlp.proj.weight,0.01577790267765522,11.24345588684082,0.0014032965341305825,0.13659142392533874,0.00013659142392533874
262,blocks.1.ln1.weight,0.0005746537353843451,16.400609970092773,3.5038558714109793e-05,0.13659142392533874,0.00013659142392533874
262,blocks.1.ln1.bias,0.0005722004570998251,0.20409725606441498,0.002803567613453999,0.13659142392533874,0.00013659142392533874
262,blocks.1.attn.qkv.weight,0.013890267349779606,17.843854904174805,0.000778434224239798,0.13659142392533874,0.00013659142392533874
262,blocks.1.attn.proj.weight,0.008967239409685135,10.325508117675781,0.0008684550249235334,0.13659142392533874,0.00013659142392533874
262,blocks.1.ln2.weight,0.0006247690762393177,16.35636329650879,3.819730981230005e-05,0.13659142392533874,0.00013659142392533874
262,blocks.1.ln2.bias,0.0006166642997413874,0.11782832443714142,0.005233582864577943,0.13659142392533874,0.00013659142392533874
262,blocks.1.mlp.fc.weight,0.016536859795451164,20.016111373901367,0.0008261774470845741,0.13659142392533874,0.00013659142392533874
262,blocks.1.mlp.proj.weight,0.015003249049186707,11.298676490783691,0.001327876681965671,0.13659142392533874,0.00013659142392533874
262,final_norm.weight,0.0006053174729458988,16.605382919311523,3.645308728423828e-05,0.13659142392533874,0.00013659142392533874
262,final_norm.bias,0.0004922333755530417,0.1967403143644333,0.002501944642818593,0.13659142392533874,0.00013659142392533874
262,lm_head.weight,0.002143232384696603,3.7581489086151123,0.0005702893729896986,0.13659142392533874,0.00013659142392533874
263,token_embedding.weight,0.002475620014593005,85.4913330078125,2.895755543274481e-05,0.13471573238519335,0.00013471573238519336
263,position_embedding.weight,0.002775090280920267,89.36939239501953,3.105190945748099e-05,0.13471573238519335,0.00013471573238519336
263,blocks.0.ln1.weight,0.0005302833742462099,16.421611785888672,3.229179822055334e-05,0.13471573238519335,0.00013471573238519336
263,blocks.0.ln1.bias,0.0005237332079559565,0.17078794538974762,0.003066570106910657,0.13471573238519335,0.00013471573238519336
263,blocks.0.attn.qkv.weight,0.01406880747526884,18.014039993286133,0.0007809912424148904,0.13471573238519335,0.00013471573238519336
263,blocks.0.attn.proj.weight,0.008766833692789078,10.408509254455566,0.0008422756303007964,0.13471573238519335,0.00013471573238519336
263,blocks.0.ln2.weight,0.00047215702943503857,16.09279441833496,2.9339654578391173e-05,0.13471573238519335,0.00013471573238519336
263,blocks.0.ln2.bias,0.0005257967859506607,0.13361971080303192,0.003935024127703733,0.13471573238519335,0.00013471573238519336
263,blocks.0.mlp.fc.weight,0.014112082310020924,19.707229614257812,0.0007160865624567738,0.13471573238519335,0.00013471573238519336
263,blocks.0.mlp.proj.weight,0.014848305843770504,11.243241310119629,0.0013206428141326798,0.13471573238519335,0.00013471573238519336
263,blocks.1.ln1.weight,0.0005649481317959726,16.40031623840332,3.444739257362879e-05,0.13471573238519335,0.00013471573238519336
263,blocks.1.ln1.bias,0.0005200058803893626,0.20431306958198547,0.0025451425180519484,0.13471573238519335,0.00013471573238519336
263,blocks.1.attn.qkv.weight,0.013394045643508434,17.84355354309082,0.0007506377925877874,0.13471573238519335,0.00013471573238519336
263,blocks.1.attn.proj.weight,0.008386055938899517,10.325157165527344,0.0008121964445148858,0.13471573238519335,0.00013471573238519336
263,blocks.1.ln2.weight,0.0005875497590750456,16.356393814086914,3.5921717571325754e-05,0.13471573238519335,0.00013471573238519336
263,blocks.1.ln2.bias,0.0006060090963728726,0.11797158420085907,0.005136907336396714,0.13471573238519335,0.00013471573238519336
263,blocks.1.mlp.fc.weight,0.015562727116048336,20.016387939453125,0.0007774992752499957,0.13471573238519335,0.00013471573238519336
263,blocks.1.mlp.proj.weight,0.013864189386367798,11.299066543579102,0.0012270207749369478,0.13471573238519335,0.00013471573238519336
263,final_norm.weight,0.0005940852570347488,16.6058292388916,3.5775705536182356e-05,0.13471573238519335,0.00013471573238519336
263,final_norm.bias,0.0004399745084811002,0.19684936106204987,0.0022350822278776844,0.13471573238519335,0.00013471573238519336
263,lm_head.weight,0.001961345551535487,3.758589029312134,0.0005218302762656429,0.13471573238519335,0.00013471573238519336
264,token_embedding.weight,0.002267407951876521,85.49162292480469,2.6521989807946728e-05,0.13288745919429026,0.00013288745919429028
264,position_embedding.weight,0.002570060081779957,89.36919403076172,2.8757785159115224e-05,0.13288745919429026,0.00013288745919429028
264,blocks.0.ln1.weight,0.0004771651001647115,16.421592712402344,2.9057175422716785e-05,0.13288745919429026,0.00013288745919429028
264,blocks.0.ln1.bias,0.0004602879926096648,0.17083443701267242,0.0026943513301877563,0.13288745919429026,0.00013288745919429028
264,blocks.0.attn.qkv.weight,0.013031772337853909,18.01426124572754,0.0007234141972346463,0.13288745919429026,0.00013288745919429028
264,blocks.0.attn.proj.weight,0.008371218107640743,10.408681869506836,0.0008042534311826909,0.13288745919429026,0.00013288745919429028
264,blocks.0.ln2.weight,0.00043645978439599276,16.092681884765625,2.7121631280684594e-05,0.13288745919429026,0.00013288745919429028
264,blocks.0.ln2.bias,0.0004928862908855081,0.1335669308900833,0.0036901820502818206,0.13288745919429026,0.00013288745919429028
264,blocks.0.mlp.fc.weight,0.013307207264006138,19.707185745239258,0.0006752464525392794,0.13288745919429026,0.00013288745919429028
264,blocks.0.mlp.proj.weight,0.014011825434863567,11.243103981018066,0.001246259525707379,0.13288745919429026,0.00013288745919429028
264,blocks.1.ln1.weight,0.0005058992537669837,16.40003776550293,3.0847444438884124e-05,0.13288745919429026,0.00013288745919429028
264,blocks.1.ln1.bias,0.0004991862806491554,0.20450396835803986,0.002440961340039881,0.13288745919429026,0.00013288745919429028
264,blocks.1.attn.qkv.weight,0.012370876036584377,17.843246459960938,0.0006933085895743866,0.13288745919429026,0.00013288745919429028
264,blocks.1.attn.proj.weight,0.007910605520009995,10.3247709274292,0.0007661773394888208,0.13288745919429026,0.00013288745919429028
264,blocks.1.ln2.weight,0.0005712156998924911,16.356443405151367,3.492297718662696e-05,0.13288745919429026,0.00013288745919429028
264,blocks.1.ln2.bias,0.00052564189536497,0.11813664436340332,0.004449439868493127,0.13288745919429026,0.00013288745919429028
264,blocks.1.mlp.fc.weight,0.014856363646686077,20.016700744628906,0.0007421984190212642,0.13288745919429026,0.00013288745919429028
264,blocks.1.mlp.proj.weight,0.012932182289659977,11.299520492553711,0.0011444894761845012,0.13288745919429026,0.00013288745919429028
264,final_norm.weight,0.0005706003285013139,16.606290817260742,3.4360492344756005e-05,0.13288745919429026,0.00013288745919429028
264,final_norm.bias,0.0004013871366623789,0.19698065519332886,0.00203769825146736,0.13288745919429026,0.00013288745919429028
264,lm_head.weight,0.0019127344712615013,3.7590291500091553,0.000508837360640402,0.13288745919429026,0.00013288745919429028
265,token_embedding.weight,0.0022109649144113064,85.49185943603516,2.5861701090564305e-05,0.13110681311010813,0.00013110681311010814
265,position_embedding.weight,0.0023505205754190683,89.36902618408203,2.630128888925619e-05,0.13110681311010813,0.00013110681311010814
265,blocks.0.ln1.weight,0.0004452555440366268,16.42154884338379,2.711410161630353e-05,0.13110681311010813,0.00013110681311010814
265,blocks.0.ln1.bias,0.00041535889613442123,0.1708817034959793,0.0024306809192229497,0.13110681311010813,0.00013110681311010814
265,blocks.0.attn.qkv.weight,0.011830482631921768,18.014375686645508,0.0006567245425380651,0.13110681311010813,0.00013110681311010814
265,blocks.0.attn.proj.weight,0.007702241186052561,10.408806800842285,0.000739973498732684,0.13110681311010813,0.00013110681311010814
265,blocks.0.ln2.weight,0.0004002378263976425,16.092578887939453,2.487095630754217e-05,0.13110681311010813,0.00013110681311010814
265,blocks.0.ln2.bias,0.00044171177432872355,0.13351643085479736,0.0033082952524831075,0.13110681311010813,0.00013110681311010814
265,blocks.0.mlp.fc.weight,0.012140505947172642,19.707120895385742,0.0006160466570240924,0.13110681311010813,0.00013110681311010814
265,blocks.0.mlp.proj.weight,0.012692218646407127,11.242989540100098,0.0011289006897264265,0.13110681311010813,0.00013110681311010814
265,blocks.1.ln1.weight,0.00046584283700212836,16.399795532226562,2.840540518244215e-05,0.13110681311010813,0.00013110681311010814
265,blocks.1.ln1.bias,0.00040080680628307164,0.20466060936450958,0.0019583974049801572,0.13110681311010813,0.00013110681311010814
265,blocks.1.attn.qkv.weight,0.011232947930693626,17.843017578125,0.0006295430625178699,0.13110681311010813,0.00013110681311010814
265,blocks.1.attn.proj.weight,0.007252627983689308,10.324464797973633,0.0007024701159436436,0.13110681311010813,0.00013110681311010814
265,blocks.1.ln2.weight,0.0005347994156181812,16.356462478637695,3.2696520798224045e-05,0.13110681311010813,0.00013110681311010814
265,blocks.1.ln2.bias,0.0004600324609782547,0.11826080083847046,0.0038899826291783003,0.13110681311010813,0.00013110681311010814
265,blocks.1.mlp.fc.weight,0.013761311769485474,20.016969680786133,0.00068748227074021,0.13110681311010813,0.00013110681311010814
265,blocks.1.mlp.proj.weight,0.011791722849011421,11.299883842468262,0.0010435260232227912,0.13110681311010813,0.00013110681311010814
265,final_norm.weight,0.000554598867893219,16.60673713684082,3.3396016527704833e-05,0.13110681311010813,0.00013110681311010814
265,final_norm.bias,0.00034495131694711745,0.1970542073249817,0.0017505402276261647,0.13110681311010813,0.00013110681311010814
265,lm_head.weight,0.001910343999043107,3.7594518661499023,0.0005081442899278303,0.13110681311010813,0.00013110681311010814
266,token_embedding.weight,0.0021499977447092533,85.49207305908203,2.5148504039940682e-05,0.12937399745192604,0.00012937399745192605
266,position_embedding.weight,0.002430830616503954,89.36884307861328,2.7199978569328097e-05,0.12937399745192604,0.00012937399745192605
266,blocks.0.ln1.weight,0.0004297694540582597,16.421499252319336,2.6171145974843552e-05,0.12937399745192604,0.00012937399745192605
266,blocks.0.ln1.bias,0.0004086715343873948,0.1709441989660263,0.0023906721424704447,0.12937399745192604,0.00012937399745192605
266,blocks.0.attn.qkv.weight,0.011861965991556644,18.014511108398438,0.0006584672723105925,0.12937399745192604,0.00012937399745192605
266,blocks.0.attn.proj.weight,0.008253584615886211,10.408927917480469,0.0007929332090026845,0.12937399745192604,0.00012937399745192605
266,blocks.0.ln2.weight,0.0003962397458963096,16.092487335205078,2.4622653890765697e-05,0.12937399745192604,0.00012937399745192605
266,blocks.0.ln2.bias,0.0004474399029277265,0.13347186148166656,0.003352316345612919,0.12937399745192604,0.00012937399745192605
266,blocks.0.mlp.fc.weight,0.012616575695574284,19.707075119018555,0.0006402053891497,0.12937399745192604,0.00012937399745192605
266,blocks.0.mlp.proj.weight,0.0135576156899333,11.242919921875,0.0012058803037059316,0.12937399745192604,0.00012937399745192605
266,blocks.1.ln1.weight,0.0005310205742716789,16.399560928344727,3.2380170212596335e-05,0.12937399745192604,0.00012937399745192605
266,blocks.1.ln1.bias,0.0004187080776318908,0.20478379726409912,0.0020446347964231753,0.12937399745192604,0.00012937399745192605
266,blocks.1.attn.qkv.weight,0.012118697166442871,17.842798233032227,0.000679192636052284,0.12937399745192604,0.00012937399745192605
266,blocks.1.attn.proj.weight,0.006986382883042097,10.32418441772461,0.000676700705873402,0.12937399745192604,0.00012937399745192605
266,blocks.1.ln2.weight,0.0005250092945061624,16.356483459472656,3.209793204064763e-05,0.12937399745192604,0.00012937399745192605
266,blocks.1.ln2.bias,0.00038957130163908005,0.11837154626846313,0.0032910890658828843,0.12937399745192604,0.00012937399745192605
266,blocks.1.mlp.fc.weight,0.013950024731457233,20.017215728759766,0.0006969013533392568,0.12937399745192604,0.00012937399745192605
266,blocks.1.mlp.proj.weight,0.011958013288676739,11.300265312194824,0.001058206418903372,0.12937399745192604,0.00012937399745192605
266,final_norm.weight,0.0005701982299797237,16.607179641723633,3.433444102375648e-05,0.12937399745192604,0.00012937399745192605
266,final_norm.bias,0.0003537365701049566,0.19707906246185303,0.001794896757090224,0.12937399745192604,0.00012937399745192605
266,lm_head.weight,0.0018596845911815763,3.7598865032196045,0.0004946118957549987,0.12937399745192604,0.00012937399745192605
267,token_embedding.weight,0.0020065789576619864,85.49227905273438,2.3470879240735188e-05,0.12768921007760786,0.00012768921007760787
267,position_embedding.weight,0.00224956963211298,89.36864471435547,2.5171799788428502e-05,0.12768921007760786,0.00012768921007760787
267,blocks.0.ln1.weight,0.0004065870016347617,16.42144775390625,2.475951010701965e-05,0.12768921007760786,0.00012768921007760787
267,blocks.0.ln1.bias,0.00034660976962186396,0.17101122438907623,0.002026824676906867,0.12768921007760786,0.00012768921007760787
267,blocks.0.attn.qkv.weight,0.0110557209700346,18.01461410522461,0.0006137084538950851,0.12768921007760786,0.00012768921007760787
267,blocks.0.attn.proj.weight,0.007706698030233383,10.409049987792969,0.000740384380829234,0.12768921007760786,0.00012768921007760787
267,blocks.0.ln2.weight,0.000353758514393121,16.092403411865234,2.198295092032469e-05,0.12768921007760786,0.00012768921007760787
267,blocks.0.ln2.bias,0.00038547877920791507,0.13342523574829102,0.002889099479893281,0.12768921007760786,0.00012768921007760787
267,blocks.0.mlp.fc.weight,0.011796296574175358,19.70708656311035,0.0005985814562897501,0.12768921007760786,0.00012768921007760787
267,blocks.0.mlp.proj.weight,0.012862280011177063,11.242867469787598,0.0011440391026346338,0.12768921007760786,0.00012768921007760787
267,blocks.1.ln1.weight,0.0005238540470600128,16.399301528930664,3.194368041442674e-05,0.12768921007760786,0.00012768921007760787
267,blocks.1.ln1.bias,0.0003635646717157215,0.20490986108779907,0.00177426635196521,0.12768921007760786,0.00012768921007760787
267,blocks.1.attn.qkv.weight,0.011680609546601772,17.842504501342773,0.0006546507832306878,0.12768921007760786,0.00012768921007760787
267,blocks.1.attn.proj.weight,0.006535657681524754,10.323829650878906,0.0006330652386314525,0.12768921007760786,0.00012768921007760787
267,blocks.1.ln2.weight,0.0004944122047163546,16.35653305053711,3.0227200543582744e-05,0.12768921007760786,0.00012768921007760787
267,blocks.1.ln2.bias,0.00031346562900580466,0.11842668056488037,0.002646917295224067,0.12768921007760786,0.00012768921007760787
267,blocks.1.mlp.fc.weight,0.01296205259859562,20.017505645751953,0.0006475358532667997,0.12768921007760786,0.00012768921007760787
267,blocks.1.mlp.proj.weight,0.010756270959973335,11.300692558288574,0.0009518240501183371,0.12768921007760786,0.00012768921007760787
267,final_norm.weight,0.0005645095952786505,16.607637405395508,3.399096340429603e-05,0.12768921007760786,0.00012768921007760787
267,final_norm.bias,0.00028837559511885047,0.19711624085903168,0.0014629722739265317,0.12768921007760786,0.00012768921007760787
267,lm_head.weight,0.001683564973063767,3.7603096961975098,0.00044771976488153865,0.12768921007760786,0.00012768921007760787
268,token_embedding.weight,0.00199874653480947,85.49246215820312,2.3379213609625398e-05,0.12605264336101,0.00012605264336101
268,position_embedding.weight,0.0021586271468549967,89.36847686767578,2.4154234496478695e-05,0.12605264336101,0.00012605264336101
268,blocks.0.ln1.weight,0.0003890683874487877,16.421405792236328,2.3692757634228052e-05,0.12605264336101,0.00012605264336101
268,blocks.0.ln1.bias,0.0003518032899592072,0.17109426856040955,0.0020561956453435323,0.12605264336101,0.00012605264336101
268,blocks.0.attn.qkv.weight,0.010694281198084354,18.01470947265625,0.0005936416135001317,0.12605264336101,0.00012605264336101
268,blocks.0.attn.proj.weight,0.007107393816113472,10.409171104431152,0.0006828011322714441,0.12605264336101,0.00012605264336101
268,blocks.0.ln2.weight,0.00033045702730305493,16.092321395874023,2.0535075031981505e-05,0.12605264336101,0.00012605264336101
268,blocks.0.ln2.bias,0.0003858378913719207,0.13337376713752747,0.0028929069010337964,0.12605264336101,0.00012605264336101
268,blocks.0.mlp.fc.weight,0.011034621857106686,19.707012176513672,0.0005599337818574505,0.12605264336101,0.00012605264336101
268,blocks.0.mlp.proj.weight,0.012069575488567352,11.242820739746094,0.0010735362386324818,0.12605264336101,0.00012605264336101
268,blocks.1.ln1.weight,0.0004944172687828541,16.399065017700195,3.014911327256638e-05,0.12605264336101,0.00012605264336101
268,blocks.1.ln1.bias,0.0003214228490833193,0.2050519436597824,0.0015675191531714977,0.12605264336101,0.00012605264336101
268,blocks.1.attn.qkv.weight,0.011033516377210617,17.842247009277344,0.0006183927602545216,0.12605264336101,0.00012605264336101
268,blocks.1.attn.proj.weight,0.006358498707413673,10.32356071472168,0.0006159210841222316,0.12605264336101,0.00012605264336101
268,blocks.1.ln2.weight,0.0004663069557864219,16.3565731048584,2.8508841845843987e-05,0.12605264336101,0.00012605264336101
268,blocks.1.ln2.bias,0.0002850937016773969,0.1184617206454277,0.0024066314428127806,0.12605264336101,0.00012605264336101
268,blocks.1.mlp.fc.weight,0.012233312241733074,20.017799377441406,0.0006111217327674145,0.12605264336101,0.00012605264336101
268,blocks.1.mlp.proj.weight,0.0103044668212533,11.301129341125488,0.0009118085910010616,0.12605264336101,0.00012605264336101
268,final_norm.weight,0.0005675263819284737,16.608112335205078,3.41716367564196e-05,0.12605264336101,0.00012605264336101
268,final_norm.bias,0.00027945562032982707,0.19714531302452087,0.0014175108504540046,0.12605264336101,0.00012605264336101
268,lm_head.weight,0.0016164827393367887,3.7607405185699463,0.00042983096848996116,0.12605264336101,0.00012605264336101
269,token_embedding.weight,0.001889140228740871,85.49263763427734,2.2097110125696003e-05,0.12446448417001603,0.00012446448417001603
269,position_embedding.weight,0.002088099019601941,89.36830139160156,2.33650968753687e-05,0.12446448417001603,0.00012446448417001603
269,blocks.0.ln1.weight,0.0003823128645308316,16.421340942382812,2.328146439881011e-05,0.12446448417001603,0.00012446448417001603
269,blocks.0.ln1.bias,0.0003430043871048838,0.1712139993906021,0.002003366478931207,0.12446448417001603,0.00012446448417001603
269,blocks.0.attn.qkv.weight,0.010237491689622402,18.014801025390625,0.0005682822516436786,0.12446448417001603,0.00012446448417001603
269,blocks.0.attn.proj.weight,0.0066684153862297535,10.4092435836792,0.0006406243962514832,0.12446448417001603,0.00012446448417001603
269,blocks.0.ln2.weight,0.0003151003911625594,16.092239379882812,1.9580891367826178e-05,0.12446448417001603,0.00012446448417001603
269,blocks.0.ln2.bias,0.0003355048829689622,0.13331928849220276,0.0025165517065152037,0.12446448417001603,0.00012446448417001603
269,blocks.0.mlp.fc.weight,0.01065775379538536,19.70697593688965,0.0005408112248939465,0.12446448417001603,0.00012446448417001603
269,blocks.0.mlp.proj.weight,0.011473218910396099,11.242758750915527,0.0010204985417356558,0.12446448417001603,0.00012446448417001603
269,blocks.1.ln1.weight,0.0004938666825182736,16.398839950561523,3.01159523482838e-05,0.12446448417001603,0.00012446448417001603
269,blocks.1.ln1.bias,0.00028055565780960023,0.20516639947891235,0.0013674542153139903,0.12446448417001603,0.00012446448417001603
269,blocks.1.attn.qkv.weight,0.01071332860738039,17.84201431274414,0.0006004551066707477,0.12446448417001603,0.00012446448417001603
269,blocks.1.attn.proj.weight,0.006121814716607332,10.32333755493164,0.0005930073180337148,0.12446448417001603,0.00012446448417001603
269,blocks.1.ln2.weight,0.00045172288082540035,16.356618881225586,2.761713066163498e-05,0.12446448417001603,0.00012446448417001603
269,blocks.1.ln2.bias,0.0002647282090038061,0.11848809570074081,0.0022342177704516583,0.12446448417001603,0.00012446448417001603
269,blocks.1.mlp.fc.weight,0.011651239357888699,20.01812744140625,0.0005820344281447751,0.12446448417001603,0.00012446448417001603
269,blocks.1.mlp.proj.weight,0.009742285124957561,11.301580429077148,0.0008620285619426613,0.12446448417001603,0.00012446448417001603
269,final_norm.weight,0.0005600177682936192,16.608598709106445,3.371854411694163e-05,0.12446448417001603,0.00012446448417001603
269,final_norm.bias,0.00026638174313120544,0.19714970886707306,0.0013511647806158339,0.12446448417001603,0.00012446448417001603
269,lm_head.weight,0.0016456327866762877,3.7611982822418213,0.0004375288573446302,0.12446448417001603,0.00012446448417001603
270,token_embedding.weight,0.0018451156793162227,85.49279022216797,2.1582120252729447e-05,0.12292491384519912,0.00012292491384519912
270,position_embedding.weight,0.002040168968960643,89.36815643310547,2.2828813420670066e-05,0.12292491384519912,0.00012292491384519912
270,blocks.0.ln1.weight,0.00036561343586072326,16.421297073364258,2.226458934560869e-05,0.12292491384519912,0.00012292491384519912
270,blocks.0.ln1.bias,0.00031261082040145993,0.17133505642414093,0.001824558423267247,0.12292491384519912,0.00012292491384519912
270,blocks.0.attn.qkv.weight,0.009841730818152428,18.014911651611328,0.0005463102461161167,0.12292491384519912,0.00012292491384519912
270,blocks.0.attn.proj.weight,0.006415409501641989,10.40930461883545,0.000616314896773489,0.12292491384519912,0.00012292491384519912
270,blocks.0.ln2.weight,0.0003116827574558556,16.09215545654297,1.9368614620803208e-05,0.12292491384519912,0.00012292491384519912
270,blocks.0.ln2.bias,0.0002774829918053001,0.1332855522632599,0.0020818684928066754,0.12292491384519912,0.00012292491384519912
270,blocks.0.mlp.fc.weight,0.010593070648610592,19.706937789916992,0.0005375300192011554,0.12292491384519912,0.00012292491384519912
270,blocks.0.mlp.proj.weight,0.011505726724863052,11.242722511291504,0.0010233932851501386,0.12292491384519912,0.00012292491384519912
270,blocks.1.ln1.weight,0.0004889077972620726,16.398601531982422,2.9813993364526792e-05,0.12292491384519912,0.00012292491384519912
270,blocks.1.ln1.bias,0.0002923118881881237,0.20522958040237427,0.0014243165513158048,0.12292491384519912,0.00012292491384519912
270,blocks.1.attn.qkv.weight,0.010830295272171497,17.84174919128418,0.0006070198138118412,0.12292491384519912,0.00012292491384519912
270,blocks.1.attn.proj.weight,0.005830551031976938,10.323086738586426,0.0005648069399807029,0.12292491384519912,0.00012292491384519912
270,blocks.1.ln2.weight,0.0004382279876153916,16.35668182373047,2.679198582805337e-05,0.12292491384519912,0.00012292491384519912
270,blocks.1.ln2.bias,0.00021775961795356125,0.11851319670677185,0.0018374292821626422,0.12292491384519912,0.00012292491384519912
270,blocks.1.mlp.fc.weight,0.011143645271658897,20.018447875976562,0.0005566687957377275,0.12292491384519912,0.00012292491384519912
270,blocks.1.mlp.proj.weight,0.009208143688738346,11.302064895629883,0.0008147310932799547,0.12292491384519912,0.00012292491384519912
270,final_norm.weight,0.0005637735594063997,16.609085083007812,3.394368543413287e-05,0.12292491384519912,0.00012292491384519912
270,final_norm.bias,0.0002554686216171831,0.19713452458381653,0.0012959101007559357,0.12292491384519912,0.00012292491384519912
270,lm_head.weight,0.0015228866832330823,3.7616701126098633,0.00040484323123595015,0.12292491384519912,0.00012292491384519912
271,token_embedding.weight,0.0018477893900126219,85.49291229248047,2.161336349955086e-05,0.1214341081791165,0.0001214341081791165
271,position_embedding.weight,0.0020764267537742853,89.36798858642578,2.3234569633020178e-05,0.1214341081791165,0.0001214341081791165
271,blocks.0.ln1.weight,0.0004029981209896505,16.42125701904297,2.45412467828917e-05,0.1214341081791165,0.0001214341081791165
271,blocks.0.ln1.bias,0.0003205029061064124,0.17145214974880219,0.0018693431757730538,0.1214341081791165,0.0001214341081791165
271,blocks.0.attn.qkv.weight,0.010089417919516563,18.014978408813477,0.0005600571752325806,0.1214341081791165,0.0001214341081791165
271,blocks.0.attn.proj.weight,0.006554806139320135,10.409377098083496,0.0006297020539803801,0.1214341081791165,0.0001214341081791165
271,blocks.0.ln2.weight,0.0003303188714198768,16.092084884643555,2.0526791511960944e-05,0.1214341081791165,0.0001214341081791165
271,blocks.0.ln2.bias,0.0002658086596056819,0.13325588405132294,0.001994723621369786,0.1214341081791165,0.0001214341081791165
271,blocks.0.mlp.fc.weight,0.010767700150609016,19.706880569458008,0.0005463929267068477,0.1214341081791165,0.0001214341081791165
271,blocks.0.mlp.proj.weight,0.01176548283547163,11.242650985717773,0.0010465043209485908,0.1214341081791165,0.0001214341081791165
271,blocks.1.ln1.weight,0.0004723012389149517,16.398353576660156,2.880174748684229e-05,0.1214341081791165,0.0001214341081791165
271,blocks.1.ln1.bias,0.00031853324617259204,0.20530450344085693,0.0015515161179248168,0.1214341081791165,0.0001214341081791165
271,blocks.1.attn.qkv.weight,0.010791920125484467,17.841449737548828,0.0006048791036734735,0.1214341081791165,0.0001214341081791165
271,blocks.1.attn.proj.weight,0.0061096069402992725,10.322827339172363,0.0005918540279284106,0.1214341081791165,0.0001214341081791165
271,blocks.1.ln2.weight,0.0004640602273866534,16.356773376464844,2.837113510751113e-05,0.1214341081791165,0.0001214341081791165
271,blocks.1.ln2.bias,0.00023870037693995982,0.11849411576986313,0.00201444920186201,0.1214341081791165,0.0001214341081791165
271,blocks.1.mlp.fc.weight,0.011256063356995583,20.01885223388672,0.0005622731625912812,0.1214341081791165,0.0001214341081791165
271,blocks.1.mlp.proj.weight,0.009268415160477161,11.302593231201172,0.0008200255437743777,0.1214341081791165,0.0001214341081791165
271,final_norm.weight,0.0005588085623458028,16.609580993652344,3.364374830161749e-05,0.1214341081791165,0.0001214341081791165
271,final_norm.bias,0.00024530262453481555,0.1971510946750641,0.0012442366852584233,0.1214341081791165,0.0001214341081791165
271,lm_head.weight,0.0014979277038946748,3.762131690979004,0.0003981592955626912,0.1214341081791165,0.0001214341081791165
272,token_embedding.weight,0.0018573034321889281,85.49300384521484,2.172462480732992e-05,0.11999223739623666,0.00011999223739623666
272,position_embedding.weight,0.0019963502418249846,89.36782836914062,2.233857841525348e-05,0.11999223739623666,0.00011999223739623666
272,blocks.0.ln1.weight,0.00038617689278908074,16.421207427978516,2.351696088626757e-05,0.11999223739623666,0.00011999223739623666
272,blocks.0.ln1.bias,0.0003045545017812401,0.17154230177402496,0.0017753900853018664,0.11999223739623666,0.00011999223739623666
272,blocks.0.attn.qkv.weight,0.009616916067898273,18.01505470275879,0.0005338266370306955,0.11999223739623666,0.00011999223739623666
272,blocks.0.attn.proj.weight,0.006629159674048424,10.409411430358887,0.0006368428914927837,0.11999223739623666,0.00011999223739623666
272,blocks.0.ln2.weight,0.0003321339900139719,16.09201431274414,2.063967776556825e-05,0.11999223739623666,0.00011999223739623666
272,blocks.0.ln2.bias,0.0002746248210314661,0.1332477182149887,0.0020610095595506657,0.11999223739623666,0.00011999223739623666
272,blocks.0.mlp.fc.weight,0.010754384100437164,19.706804275512695,0.0005457193337937504,0.11999223739623666,0.00011999223739623666
272,blocks.0.mlp.proj.weight,0.011676585301756859,11.242584228515625,0.0010386033197011234,0.11999223739623666,0.00011999223739623666
272,blocks.1.ln1.weight,0.0004640659608412534,16.398130416870117,2.829993109237636e-05,0.11999223739623666,0.00011999223739623666
272,blocks.1.ln1.bias,0.00032918216311372817,0.20538200438022614,0.0016027799714268371,0.11999223739623666,0.00011999223739623666
272,blocks.1.attn.qkv.weight,0.010828238911926746,17.8411922454834,0.0006069235039304827,0.11999223739623666,0.00011999223739623666
272,blocks.1.attn.proj.weight,0.0061040958389639854,10.322619438171387,0.0005913320621306089,0.11999223739623666,0.00011999223739623666
272,blocks.1.ln2.weight,0.00045527107431553304,16.356861114501953,2.7833645534341733e-05,0.11999223739623666,0.00011999223739623666
272,blocks.1.ln2.bias,0.0002737562754191458,0.11847781389951706,0.0023106121425317005,0.11999223739623666,0.00011999223739623666
272,blocks.1.mlp.fc.weight,0.011317262426018715,20.0191707611084,0.0005653212393794252,0.11999223739623666,0.00011999223739623666
272,blocks.1.mlp.proj.weight,0.009565627202391624,11.30311107635498,0.0008462826860474855,0.11999223739623666,0.00011999223739623666
272,final_norm.weight,0.0005329509149305522,16.610074996948242,3.208600292463694e-05,0.11999223739623666,0.00011999223739623666
272,final_norm.bias,0.00024491874501109123,0.19716154038906097,0.0012422237345404597,0.11999223739623666,0.00011999223739623666
272,lm_head.weight,0.001534423790872097,3.762585401535034,0.00040781102011549965,0.11999223739623666,0.00011999223739623666
273,token_embedding.weight,0.0018698378698900342,85.49311828613281,2.1871209137932505e-05,0.11859946613350275,0.00011859946613350275
273,position_embedding.weight,0.002079211175441742,89.36773681640625,2.326579199060588e-05,0.11859946613350275,0.00011859946613350275
273,blocks.0.ln1.weight,0.0004357508441898972,16.421146392822266,2.6535957585783338e-05,0.11859946613350275,0.00011859946613350275
273,blocks.0.ln1.bias,0.0003129916440229863,0.1716119945049286,0.0018238331471182425,0.11859946613350275,0.00011859946613350275
273,blocks.0.attn.qkv.weight,0.010514598339796066,18.015092849731445,0.0005836549623973893,0.11859946613350275,0.00011859946613350275
273,blocks.0.attn.proj.weight,0.007086663041263819,10.409460067749023,0.0006807906457338072,0.11859946613350275,0.00011859946613350275
273,blocks.0.ln2.weight,0.00034334498923271894,16.091941833496094,2.1336454778752045e-05,0.11859946613350275,0.00011859946613350275
273,blocks.0.ln2.bias,0.0002593753160908818,0.13325604796409607,0.0019464431074739687,0.11859946613350275,0.00011859946613350275
273,blocks.0.mlp.fc.weight,0.011348208412528038,19.70671272277832,0.0005758549673995325,0.11859946613350275,0.00011859946613350275
273,blocks.0.mlp.proj.weight,0.012209348380565643,11.242526054382324,0.0010859968944261745,0.11859946613350275,0.00011859946613350275
273,blocks.1.ln1.weight,0.0004857639432884753,16.397907257080078,2.962353278822874e-05,0.11859946613350275,0.00011859946613350275
273,blocks.1.ln1.bias,0.00032422077492810786,0.20541292428970337,0.0015783854694034047,0.11859946613350275,0.00011859946613350275
273,blocks.1.attn.qkv.weight,0.011226868256926537,17.84090232849121,0.0006292769306290661,0.11859946613350275,0.00011859946613350275
273,blocks.1.attn.proj.weight,0.006355775985866785,10.322385787963867,0.0006157274215886357,0.11859946613350275,0.00011859946613350275
273,blocks.1.ln2.weight,0.00047306905617006123,16.356943130493164,2.892160548557029e-05,0.11859946613350275,0.00011859946613350275
273,blocks.1.ln2.bias,0.00029807438841089606,0.1184835433959961,0.0025157450550930527,0.11859946613350275,0.00011859946613350275
273,blocks.1.mlp.fc.weight,0.011965921148657799,20.01955223083496,0.0005977117275493697,0.11859946613350275,0.00011859946613350275
273,blocks.1.mlp.proj.weight,0.009669486433267593,11.303596496582031,0.0008554345014164815,0.11859946613350275,0.00011859946613350275
273,final_norm.weight,0.0005375703331083059,16.610546112060547,3.2363194411648863e-05,0.11859946613350275,0.00011859946613350275
273,final_norm.bias,0.00026139404508285224,0.19714178144931793,0.0013259190576439355,0.11859946613350275,0.00011859946613350275
273,lm_head.weight,0.0015390899498015642,3.763038396835327,0.00040900192543756993,0.11859946613350275,0.00011859946613350275
274,token_embedding.weight,0.001752884010784328,85.49322509765625,2.050319202231572e-05,0.1172559534215337,0.00011725595342153371
274,position_embedding.weight,0.0019887008238583803,89.36763000488281,2.2253033047309198e-05,0.1172559534215337,0.00011725595342153371
274,blocks.0.ln1.weight,0.0003964527859352529,16.421098709106445,2.4142890372820967e-05,0.1172559534215337,0.00011725595342153371
274,blocks.0.ln1.bias,0.000318899197736755,0.17168493568897247,0.001857467555060399,0.1172559534215337,0.00011725595342153371
274,blocks.0.attn.qkv.weight,0.010085469111800194,18.015155792236328,0.000559832467068977,0.1172559534215337,0.00011725595342153371
274,blocks.0.attn.proj.weight,0.00664443289861083,10.40947151184082,0.0006383064587911231,0.1172559534215337,0.00011725595342153371
274,blocks.0.ln2.weight,0.0003280632372479886,16.091896057128906,2.0386860322940764e-05,0.1172559534215337,0.00011725595342153371
274,blocks.0.ln2.bias,0.0002279801556142047,0.13326714932918549,0.0017107003245740349,0.1172559534215337,0.00011725595342153371
274,blocks.0.mlp.fc.weight,0.010864636860787868,19.706684112548828,0.0005513173499274254,0.1172559534215337,0.00011725595342153371
274,blocks.0.mlp.proj.weight,0.011419269256293774,11.24251937866211,0.0010157215541888335,0.1172559534215337,0.00011725595342153371
274,blocks.1.ln1.weight,0.00045968309859745204,16.397661209106445,2.8033455060172786e-05,0.1172559534215337,0.00011725595342153371
274,blocks.1.ln1.bias,0.0002987184561789036,0.20548191666603088,0.0014537457165291873,0.1172559534215337,0.00011725595342153371
274,blocks.1.attn.qkv.weight,0.010843489319086075,17.84056854248047,0.0006077995380733444,0.1172559534215337,0.00011725595342153371
274,blocks.1.attn.proj.weight,0.005866014864295721,10.322105407714844,0.000568296353562795,0.1172559534215337,0.00011725595342153371
274,blocks.1.ln2.weight,0.00045265298103913665,16.357036590576172,2.767328779467898e-05,0.1172559534215337,0.00011725595342153371
274,blocks.1.ln2.bias,0.0002922982384916395,0.11847998946905136,0.0024670684036946578,0.1172559534215337,0.00011725595342153371
274,blocks.1.mlp.fc.weight,0.011044829152524471,20.019939422607422,0.0005516914371904442,0.1172559534215337,0.00011725595342153371
274,blocks.1.mlp.proj.weight,0.00884920358657837,11.304128646850586,0.000782829341653241,0.1172559534215337,0.00011725595342153371
274,final_norm.weight,0.0005292095011100173,16.61101722717285,3.18589460159181e-05,0.1172559534215337,0.00011725595342153371
274,final_norm.bias,0.00022192668984644115,0.1971583068370819,0.0011256268802749482,0.1172559534215337,0.00011725595342153371
274,lm_head.weight,0.001380058703944087,3.7634973526000977,0.00036669580835237614,0.1172559534215337,0.00011725595342153371
275,token_embedding.weight,0.0018250494031235576,85.49330139160156,2.1347279534380222e-05,0.11596185266646594,0.00011596185266646594
275,position_embedding.weight,0.001978910295292735,89.3674545288086,2.2143523117297575e-05,0.11596185266646594,0.00011596185266646594
275,blocks.0.ln1.weight,0.0004019101324956864,16.42103385925293,2.4475324510045604e-05,0.11596185266646594,0.00011596185266646594
275,blocks.0.ln1.bias,0.0003360018308740109,0.17175574600696564,0.001956277089317454,0.11596185266646594,0.00011596185266646594
275,blocks.0.attn.qkv.weight,0.01033242791891098,18.015165328979492,0.0005735405548729267,0.11596185266646594,0.00011596185266646594
275,blocks.0.attn.proj.weight,0.006918477360159159,10.409464836120605,0.0006646333379360229,0.11596185266646594,0.00011596185266646594
275,blocks.0.ln2.weight,0.00033353001344949007,16.09185218811035,2.0726639143249266e-05,0.11596185266646594,0.00011596185266646594
275,blocks.0.ln2.bias,0.0002800728543661535,0.13326595723628998,0.0021016083940136555,0.11596185266646594,0.00011596185266646594
275,blocks.0.mlp.fc.weight,0.011368779465556145,19.7066593170166,0.0005769003910134421,0.11596185266646594,0.00011596185266646594
275,blocks.0.mlp.proj.weight,0.01218345109373331,11.242491722106934,0.0010836966924133923,0.11596185266646594,0.00011596185266646594
275,blocks.1.ln1.weight,0.0004567024006973952,16.397443771362305,2.785204859156071e-05,0.11596185266646594,0.00011596185266646594
275,blocks.1.ln1.bias,0.00034836962004192173,0.20557478070259094,0.0016946126312264939,0.11596185266646594,0.00011596185266646594
275,blocks.1.attn.qkv.weight,0.011254651471972466,17.840309143066406,0.0006308551820328702,0.11596185266646594,0.00011596185266646594
275,blocks.1.attn.proj.weight,0.00613689748570323,10.321925163269043,0.0005945496977192796,0.11596185266646594,0.00011596185266646594
275,blocks.1.ln2.weight,0.00047349423402920365,16.357126235961914,2.8947275163052502e-05,0.11596185266646594,0.00011596185266646594
275,blocks.1.ln2.bias,0.0003382750728633255,0.11847405135631561,0.0028552671997608484,0.11596185266646594,0.00011596185266646594
275,blocks.1.mlp.fc.weight,0.011458635330200195,20.020282745361328,0.0005723513237021877,0.11596185266646594,0.00011596185266646594
275,blocks.1.mlp.proj.weight,0.009507960639894009,11.304596900939941,0.0008410702940767937,0.11596185266646594,0.00011596185266646594
275,final_norm.weight,0.0005263882922008634,16.61149024963379,3.16882040256705e-05,0.11596185266646594,0.00011596185266646594
275,final_norm.bias,0.0002584759786259383,0.19716998934745789,0.0013109296170277442,0.11596185266646594,0.00011596185266646594
275,lm_head.weight,0.0014291584957391024,3.7639458179473877,0.0003796968832346511,0.11596185266646594,0.00011596185266646594
276,token_embedding.weight,0.0018239357741549611,85.49337768554688,2.1334234575028214e-05,0.11471731163243676,0.00011471731163243675
276,position_embedding.weight,0.001828294014558196,89.36734771728516,2.045818815549958e-05,0.11471731163243676,0.00011471731163243675
276,blocks.0.ln1.weight,0.0003756421501748264,16.420961380004883,2.2875770881003793e-05,0.11471731163243676,0.00011471731163243675
276,blocks.0.ln1.bias,0.00029788221581839025,0.17183372378349304,0.0017335492082565943,0.11471731163243676,0.00011471731163243675
276,blocks.0.attn.qkv.weight,0.009532172232866287,18.01513671875,0.0005291201716468105,0.11471731163243676,0.00011471731163243675
276,blocks.0.attn.proj.weight,0.0064461310394108295,10.409442901611328,0.0006192580237326998,0.11471731163243676,0.00011471731163243675
276,blocks.0.ln2.weight,0.0003117712331004441,16.091798782348633,1.937454210789734e-05,0.11471731163243676,0.00011471731163243675
276,blocks.0.ln2.bias,0.0002422902180114761,0.13327014446258545,0.0018180382334445442,0.11471731163243676,0.00011471731163243675
276,blocks.0.mlp.fc.weight,0.010556751862168312,19.706634521484375,0.0005356953187850872,0.11471731163243676,0.00011471731163243675
276,blocks.0.mlp.proj.weight,0.01131958607584238,11.24242877960205,0.0010068630451437073,0.11471731163243676,0.00011471731163243675
276,blocks.1.ln1.weight,0.0004279751155991107,16.397254943847656,2.6100412359549448e-05,0.11471731163243676,0.00011471731163243675
276,blocks.1.ln1.bias,0.0003091225808020681,0.20565761625766754,0.0015030932791385984,0.11471731163243676,0.00011471731163243675
276,blocks.1.attn.qkv.weight,0.010414441116154194,17.840063095092773,0.0005837670562397443,0.11471731163243676,0.00011471731163243675
276,blocks.1.attn.proj.weight,0.005686901975423098,10.321803092956543,0.0005509601301446266,0.11471731163243676,0.00011471731163243675
276,blocks.1.ln2.weight,0.0004381723119877279,16.357200622558594,2.6787732332597765e-05,0.11471731163243676,0.00011471731163243675
276,blocks.1.ln2.bias,0.0002962423604913056,0.11844892054796219,0.0025010135940314497,0.11471731163243676,0.00011471731163243675
276,blocks.1.mlp.fc.weight,0.010751336812973022,20.020606994628906,0.0005370135289033363,0.11471731163243676,0.00011471731163243675
276,blocks.1.mlp.proj.weight,0.008900660090148449,11.305073738098145,0.000787315527200181,0.11471731163243676,0.00011471731163243675
276,final_norm.weight,0.000523175171110779,16.611949920654297,3.149390490638689e-05,0.11471731163243676,0.00011471731163243675
276,final_norm.bias,0.00022496898600365967,0.1971418857574463,0.0011411526532687697,0.11471731163243676,0.00011471731163243675
276,lm_head.weight,0.0014556095702573657,3.7643868923187256,0.000386679056084051,0.11471731163243676,0.00011471731163243675
277,token_embedding.weight,0.0016785127809271216,85.49346160888672,1.9633229832310674e-05,0.11352247242471242,0.00011352247242471242
277,position_embedding.weight,0.001713488600216806,89.36721801757812,1.9173569886440366e-05,0.11352247242471242,0.00011352247242471242
277,blocks.0.ln1.weight,0.00035828608088195324,16.420888900756836,2.1818921195272085e-05,0.11352247242471242,0.00011352247242471242
277,blocks.0.ln1.bias,0.00029113434720784426,0.17191502451896667,0.0016934782054143914,0.11352247242471242,0.00011352247242471242
277,blocks.0.attn.qkv.weight,0.008915266953408718,18.01510238647461,0.0004948773957622152,0.11352247242471242,0.00011352247242471242
277,blocks.0.attn.proj.weight,0.005856147967278957,10.409428596496582,0.0005625811170124508,0.11352247242471242,0.00011352247242471242
277,blocks.0.ln2.weight,0.0002836165949702263,16.09174919128418,1.762496988977586e-05,0.11352247242471242,0.00011352247242471242
277,blocks.0.ln2.bias,0.00022944698866922408,0.13326890766620636,0.0017216843199629854,0.11352247242471242,0.00011352247242471242
277,blocks.0.mlp.fc.weight,0.009785730391740799,19.706584930419922,0.0004965715991021171,0.11352247242471242,0.00011352247242471242
277,blocks.0.mlp.proj.weight,0.010429397225379944,11.242427825927734,0.0009276819372881652,0.11352247242471242,0.00011352247242471242
277,blocks.1.ln1.weight,0.0003793336218222976,16.397079467773438,2.313421866179345e-05,0.11352247242471242,0.00011352247242471242
277,blocks.1.ln1.bias,0.0002508406469132751,0.20572051405906677,0.0012193273386437002,0.11352247242471242,0.00011352247242471242
277,blocks.1.attn.qkv.weight,0.009517577476799488,17.839881896972656,0.0005335000271730522,0.11352247242471242,0.00011352247242471242
277,blocks.1.attn.proj.weight,0.005349069833755493,10.321678161621094,0.0005182364485694122,0.11352247242471242,0.00011352247242471242
277,blocks.1.ln2.weight,0.00042589998338371515,16.357280731201172,2.6037334101095044e-05,0.11352247242471242,0.00011352247242471242
277,blocks.1.ln2.bias,0.0003308727464172989,0.11843352019786835,0.002793742395410623,0.11352247242471242,0.00011352247242471242
277,blocks.1.mlp.fc.weight,0.010702193714678288,20.02097511291504,0.0005345490743742063,0.11352247242471242,0.00011352247242471242
277,blocks.1.mlp.proj.weight,0.009094959124922752,11.305553436279297,0.0008044682797868528,0.11352247242471242,0.00011352247242471242
277,final_norm.weight,0.000505685864482075,16.612415313720703,3.0440237312414355e-05,0.11352247242471242,0.00011352247242471242
277,final_norm.bias,0.0002431141765555367,0.1971006542444229,0.0012334519004326557,0.11352247242471242,0.00011352247242471242
277,lm_head.weight,0.0014342926442623138,3.7648487091064453,0.000380969530274259,0.11352247242471242,0.00011352247242471242
278,token_embedding.weight,0.0015507020289078355,85.49358367919922,1.8138227012761272e-05,0.11237747147346203,0.00011237747147346202
278,position_embedding.weight,0.001570548745803535,89.36705780029297,1.7574135083569562e-05,0.11237747147346203,0.00011237747147346202
278,blocks.0.ln1.weight,0.00032242556335404515,16.42082405090332,1.963516339707012e-05,0.11237747147346203,0.00011237747147346202
278,blocks.0.ln1.bias,0.0002873219200409949,0.1720024049282074,0.0016704529227905306,0.11237747147346203,0.00011237747147346202
278,blocks.0.attn.qkv.weight,0.008234729990363121,18.015100479125977,0.0004571015299028841,0.11237747147346203,0.00011237747147346202
278,blocks.0.attn.proj.weight,0.005501113831996918,10.40942096710205,0.0005284745279667445,0.11237747147346203,0.00011237747147346202
278,blocks.0.ln2.weight,0.00025583329261280596,16.091707229614258,1.589845558101934e-05,0.11237747147346203,0.00011237747147346202
278,blocks.0.ln2.bias,0.0002324041852261871,0.13326923549175262,0.0017438697263242391,0.11237747147346203,0.00011237747147346202
278,blocks.0.mlp.fc.weight,0.009042182005941868,19.706558227539062,0.0004588412599266244,0.11237747147346203,0.00011237747147346202
278,blocks.0.mlp.proj.weight,0.009802347980439663,11.242415428161621,0.0008719076468108853,0.11237747147346203,0.00011237747147346202
278,blocks.1.ln1.weight,0.0003487809735815972,16.396934509277344,2.1271108534600574e-05,0.11237747147346203,0.00011237747147346202
278,blocks.1.ln1.bias,0.00024814310017973185,0.20577581226825714,0.001205890514746394,0.11237747147346203,0.00011237747147346202
278,blocks.1.attn.qkv.weight,0.008809827268123627,17.839733123779297,0.0004938317858791375,0.11237747147346203,0.00011237747147346202
278,blocks.1.attn.proj.weight,0.00494657177478075,10.321589469909668,0.00047924515785101866,0.11237747147346203,0.00011237747147346202
278,blocks.1.ln2.weight,0.0003969781391788274,16.357351303100586,2.4269096617345056e-05,0.11237747147346203,0.00011237747147346202
278,blocks.1.ln2.bias,0.00034524756483733654,0.11839606612920761,0.0029160391567203425,0.11237747147346203,0.00011237747147346202
278,blocks.1.mlp.fc.weight,0.01009118091315031,20.021270751953125,0.0005040229982487694,0.11237747147346203,0.00011237747147346202
278,blocks.1.mlp.proj.weight,0.008507678285241127,11.306023597717285,0.0007524907596122563,0.11237747147346203,0.00011237747147346202
278,final_norm.weight,0.000497886270750314,16.61285400390625,2.9969941987885644e-05,0.11237747147346203,0.00011237747147346202
278,final_norm.bias,0.0002276334271300584,0.19703905284404755,0.0011552706118064342,0.11237747147346203,0.00011237747147346202
278,lm_head.weight,0.001348255667835474,3.7652854919433594,0.00035807528292874463,0.11237747147346203,0.00011237747147346202
279,token_embedding.weight,0.0014537823153659701,85.49365997314453,1.7004562862586755e-05,0.11128243951817937,0.00011128243951817938
279,position_embedding.weight,0.0015263285022228956,89.36689758300781,1.7079349776075186e-05,0.11128243951817937,0.00011128243951817938
279,blocks.0.ln1.weight,0.00030027044704183936,16.4207706451416,1.8286014312651146e-05,0.11128243951817937,0.00011128243951817938
279,blocks.0.ln1.bias,0.00027075852267444134,0.1720980554819107,0.0015732805458765198,0.11128243951817937,0.00011128243951817938
279,blocks.0.attn.qkv.weight,0.007979241199791431,18.01511573791504,0.0004429192304880778,0.11128243951817937,0.00011128243951817938
279,blocks.0.attn.proj.weight,0.005134108942002058,10.409417152404785,0.0004932177149625982,0.11128243951817937,0.00011128243951817938
279,blocks.0.ln2.weight,0.0002480312541592866,16.091663360595703,1.5413649204633204e-05,0.11128243951817937,0.00011128243951817938
279,blocks.0.ln2.bias,0.00022367325436789542,0.13326974213123322,0.0016783498698899097,0.11128243951817937,0.00011128243951817938
279,blocks.0.mlp.fc.weight,0.008489856496453285,19.706518173217773,0.0004308146381734258,0.11128243951817937,0.00011128243951817938
279,blocks.0.mlp.proj.weight,0.009062863886356354,11.24240493774414,0.0008061321342312429,0.11128243951817937,0.00011128243951817938
279,blocks.1.ln1.weight,0.00033412667107768357,16.396806716918945,2.0377545265133648e-05,0.11128243951817937,0.00011128243951817938
279,blocks.1.ln1.bias,0.00022402378090191633,0.20584434270858765,0.0010883164334420249,0.11128243951817937,0.00011128243951817938
279,blocks.1.attn.qkv.weight,0.008291419595479965,17.83957862854004,0.00046477665017349444,0.11128243951817937,0.00011128243951817938
279,blocks.1.attn.proj.weight,0.0050520142540335655,10.321535110473633,0.0004894634567397456,0.11128243951817937,0.00011128243951817938
279,blocks.1.ln2.weight,0.0003654767060652375,16.357418060302734,2.2343178166496723e-05,0.11128243951817937,0.00011128243951817938
279,blocks.1.ln2.bias,0.0003301696269772947,0.11834508925676346,0.002789888697943041,0.11128243951817937,0.00011128243951817938
279,blocks.1.mlp.fc.weight,0.009534122422337532,20.02153778076172,0.00047619331375725783,0.11128243951817937,0.00011128243951817938
279,blocks.1.mlp.proj.weight,0.008013589307665825,11.306472778320312,0.0007087612082727372,0.11128243951817937,0.00011128243951817938
279,final_norm.weight,0.00048071297351270914,16.6132869720459,2.8935452347361774e-05,0.11128243951817937,0.00011128243951817938
279,final_norm.bias,0.0001959596702363342,0.19698335230350494,0.0009948032051633059,0.11128243951817937,0.00011128243951817938
279,lm_head.weight,0.0013029121328145266,3.7657089233398438,0.00034599385118131093,0.11128243951817937,0.00011128243951817938
280,token_embedding.weight,0.0016760437283664942,85.4937515258789,1.960428333594809e-05,0.11023750159275521,0.00011023750159275521
280,position_embedding.weight,0.0015358001692220569,89.36676025390625,1.7185362486662477e-05,0.11023750159275521,0.00011023750159275521
280,blocks.0.ln1.weight,0.00030784725095145404,16.420713424682617,1.8747495494848482e-05,0.11023750159275521,0.00011023750159275521
280,blocks.0.ln1.bias,0.0002119012497132644,0.17219369113445282,0.0012305982194584376,0.11023750159275521,0.00011023750159275521
280,blocks.0.attn.qkv.weight,0.00804428942501545,18.015111923217773,0.0004465300831491127,0.11023750159275521,0.00011023750159275521
280,blocks.0.attn.proj.weight,0.005047408398240805,10.409407615661621,0.00048488911037033176,0.11023750159275521,0.00011023750159275521
280,blocks.0.ln2.weight,0.00025670957984402776,16.091611862182617,1.595300595382323e-05,0.11023750159275521,0.00011023750159275521
280,blocks.0.ln2.bias,0.00019824989431072026,0.13327454030513763,0.001487530130325952,0.11023750159275521,0.00011023750159275521
280,blocks.0.mlp.fc.weight,0.008485273458063602,19.70642852783203,0.00043058403231611167,0.11023750159275521,0.00011023750159275521
280,blocks.0.mlp.proj.weight,0.008857334963977337,11.24235725402832,0.0007878538961037572,0.11023750159275521,0.00011023750159275521
280,blocks.1.ln1.weight,0.00032229407224804163,16.396677017211914,1.965606030476197e-05,0.11023750159275521,0.00011023750159275521
280,blocks.1.ln1.bias,0.00020940060494467616,0.20587925612926483,0.0010171039515131301,0.11023750159275521,0.00011023750159275521
280,blocks.1.attn.qkv.weight,0.008071037009358406,17.839454650878906,0.00045242621858736665,0.11023750159275521,0.00011023750159275521
280,blocks.1.attn.proj.weight,0.0047782170586287975,10.321441650390625,0.0004629408585037632,0.11023750159275521,0.00011023750159275521
280,blocks.1.ln2.weight,0.0003483383625280112,16.35749053955078,2.129534244178485e-05,0.11023750159275521,0.00011023750159275521
280,blocks.1.ln2.bias,0.0003039674775209278,0.11832088977098465,0.0025690093956080057,0.11023750159275521,0.00011023750159275521
280,blocks.1.mlp.fc.weight,0.008991396054625511,20.021888732910156,0.00044907831496665074,0.11023750159275521,0.00011023750159275521
280,blocks.1.mlp.proj.weight,0.007634704001247883,11.306936264038086,0.0006752230509629315,0.11023750159275521,0.00011023750159275521
280,final_norm.weight,0.0004829640965908766,16.61370277404785,2.9070226135577817e-05,0.11023750159275521,0.00011023750159275521
280,final_norm.bias,0.00019298717961646616,0.19692550599575043,0.0009800009330414047,0.11023750159275521,0.00011023750159275521
280,lm_head.weight,0.001283974968828261,3.7661194801330566,0.00034092783715469304,0.11023750159275521,0.00011023750159275521
281,token_embedding.weight,0.0015313767362385988,85.49386596679688,1.7912124091257256e-05,0.10924277701119998,0.00010924277701119999
281,position_embedding.weight,0.0014324953081086278,89.36661529541016,1.602942332965568e-05,0.10924277701119998,0.00010924277701119999
281,blocks.0.ln1.weight,0.00029321142937988043,16.420639038085938,1.7856273967157408e-05,0.10924277701119998,0.00010924277701119999
281,blocks.0.ln1.bias,0.00018749821174424142,0.17225369811058044,0.0010885003561594715,0.10924277701119998,0.00010924277701119999
281,blocks.0.attn.qkv.weight,0.007466256618499756,18.015085220336914,0.00041444470160323285,0.10924277701119998,0.00010924277701119999
281,blocks.0.attn.proj.weight,0.004930808674544096,10.409388542175293,0.00047368859895714977,0.10924277701119998,0.00010924277701119999
281,blocks.0.ln2.weight,0.0002453664783388376,16.091567993164062,1.5248139798623585e-05,0.10924277701119998,0.00010924277701119999
281,blocks.0.ln2.bias,0.00017543947615195066,0.13330131769180298,0.0013161120924269959,0.10924277701119998,0.00010924277701119999
281,blocks.0.mlp.fc.weight,0.008133726194500923,19.706382751464844,0.00041274577364513554,0.10924277701119998,0.00010924277701119999
281,blocks.0.mlp.proj.weight,0.008437921293079853,11.242347717285156,0.0007505479731876433,0.10924277701119998,0.00010924277701119999
281,blocks.1.ln1.weight,0.00030724192038178444,16.396541595458984,1.8738214921301224e-05,0.10924277701119998,0.00010924277701119999
281,blocks.1.ln1.bias,0.00018864034791477025,0.20586250722408295,0.0009163414477825115,0.10924277701119998,0.00010924277701119999
281,blocks.1.attn.qkv.weight,0.00765052018687129,17.839271545410156,0.00042885832907449937,0.10924277701119998,0.00010924277701119999
281,blocks.1.attn.proj.weight,0.004578983411192894,10.321318626403809,0.00044364325692635613,0.10924277701119998,0.00010924277701119999
281,blocks.1.ln2.weight,0.00034448259975761175,16.357576370239258,2.105951346095119e-05,0.10924277701119998,0.00010924277701119999
281,blocks.1.ln2.bias,0.0002881720138248056,0.11829975992441177,0.002435947579323057,0.10924277701119998,0.00010924277701119999
281,blocks.1.mlp.fc.weight,0.008778978139162064,20.022197723388672,0.00043846226375572026,0.10924277701119998,0.00010924277701119999
281,blocks.1.mlp.proj.weight,0.0072687771171331406,11.307412147521973,0.0006428329508379559,0.10924277701119998,0.00010924277701119999
281,final_norm.weight,0.00048226796207018197,16.61412811279297,2.90275817542784e-05,0.10924277701119998,0.00010924277701119999
281,final_norm.bias,0.0002024008717853576,0.19685989618301392,0.0010281467973353206,0.10924277701119998,0.00010924277701119999
281,lm_head.weight,0.0013052253052592278,3.766547441482544,0.0003465309611884601,0.10924277701119998,0.00010924277701119999
282,token_embedding.weight,0.0014678328298032284,85.49395751953125,1.7168848798090583e-05,0.10829837935402056,0.00010829837935402057
282,position_embedding.weight,0.0014206431806087494,89.36644744873047,1.589682952792497e-05,0.10829837935402056,0.00010829837935402057
282,blocks.0.ln1.weight,0.00028938986361026764,16.42056655883789,1.7623622338079095e-05,0.10829837935402056,0.00010829837935402057
282,blocks.0.ln1.bias,0.0002153066743630916,0.1723168045282364,0.001249481586844081,0.10829837935402056,0.00010829837935402057
282,blocks.0.attn.qkv.weight,0.007340013049542904,18.015018463134766,0.00040743855270328005,0.10829837935402056,0.00010829837935402057
282,blocks.0.attn.proj.weight,0.005014326889067888,10.409375190734863,0.0004817125713299814,0.10829837935402056,0.00010829837935402057
282,blocks.0.ln2.weight,0.00026293157134205103,16.091533660888672,1.6339745911298925e-05,0.10829837935402056,0.00010829837935402057
282,blocks.0.ln2.bias,0.0002516078529879451,0.13330964744091034,0.0018873941820120946,0.10829837935402056,0.00010829837935402057
282,blocks.0.mlp.fc.weight,0.00836261548101902,19.706331253051758,0.0004243618649069216,0.10829837935402056,0.00010829837935402057
282,blocks.0.mlp.proj.weight,0.008691433817148209,11.242338180541992,0.000773098414010565,0.10829837935402056,0.00010829837935402057
282,blocks.1.ln1.weight,0.0002835736086126417,16.396419525146484,1.7294849535761133e-05,0.10829837935402056,0.00010829837935402057
282,blocks.1.ln1.bias,0.00022231353796087205,0.2058386206626892,0.0010800380280632587,0.10829837935402056,0.00010829837935402057
282,blocks.1.attn.qkv.weight,0.007689173799008131,17.839115142822266,0.00043102887881193546,0.10829837935402056,0.00010829837935402057
282,blocks.1.attn.proj.weight,0.004654895514249802,10.321208953857422,0.0004510029333830745,0.10829837935402056,0.00010829837935402057
282,blocks.1.ln2.weight,0.00036438924144022167,16.3576717376709,2.2276351260982288e-05,0.10829837935402056,0.00010829837935402057
282,blocks.1.ln2.bias,0.00036829549935646355,0.1182762086391449,0.003113859529239746,0.10829837935402056,0.00010829837935402057
282,blocks.1.mlp.fc.weight,0.009299444034695625,20.022571563720703,0.00046444803581299266,0.10829837935402056,0.00010829837935402057
282,blocks.1.mlp.proj.weight,0.007843229919672012,11.307897567749023,0.0006936063819715525,0.10829837935402056,0.00010829837935402057
282,final_norm.weight,0.0004666060849558562,16.61454963684082,2.8084184955647776e-05,0.10829837935402056,0.00010829837935402057
282,final_norm.bias,0.0002469175960868597,0.1968214362859726,0.001254525933480361,0.10829837935402056,0.00010829837935402057
282,lm_head.weight,0.0012753402115777135,3.7669472694396973,0.00033856067535744175,0.10829837935402056,0.00010829837935402057
283,token_embedding.weight,0.0014079504180699587,85.4940185546875,1.6468408455608226e-05,0.10740441645525128,0.00010740441645525128
283,position_embedding.weight,0.0013246933231130242,89.36630249023438,1.4823185990690028e-05,0.10740441645525128,0.00010740441645525128
283,blocks.0.ln1.weight,0.0002766227116808295,16.420488357543945,1.684619273541435e-05,0.10740441645525128,0.00010740441645525128
283,blocks.0.ln1.bias,0.00019016407895833254,0.17235755920410156,0.0011033115103007557,0.10740441645525128,0.00010740441645525128
283,blocks.0.attn.qkv.weight,0.006893301382660866,18.014991760253906,0.00038264249434013224,0.10740441645525128,0.00010740441645525128
283,blocks.0.attn.proj.weight,0.004913290962576866,10.4093599319458,0.00047200702009522717,0.10740441645525128,0.00010740441645525128
283,blocks.0.ln2.weight,0.0002545070310588926,16.091503143310547,1.5816237227326944e-05,0.10740441645525128,0.00010740441645525128
283,blocks.0.ln2.bias,0.00021687024855054915,0.1333213448524475,0.0016266731241643424,0.10740441645525128,0.00010740441645525128
283,blocks.0.mlp.fc.weight,0.008023535832762718,19.706317901611328,0.0004071555058038646,0.10740441645525128,0.00010740441645525128
283,blocks.0.mlp.proj.weight,0.008199837990105152,11.24233341217041,0.0007293715360930029,0.10740441645525128,0.00010740441645525128
283,blocks.1.ln1.weight,0.00026300520403310657,16.396339416503906,1.6040483021982328e-05,0.10740441645525128,0.00010740441645525128
283,blocks.1.ln1.bias,0.00017992572975344956,0.2058350294828415,0.0008741258968633137,0.10740441645525128,0.00010740441645525128
283,blocks.1.attn.qkv.weight,0.007289344910532236,17.839065551757812,0.00040861696983974345,0.10740441645525128,0.00010740441645525128
283,blocks.1.attn.proj.weight,0.004575734958052635,10.321185111999512,0.00044333425942844464,0.10740441645525128,0.00010740441645525128
283,blocks.1.ln2.weight,0.0003372377541381866,16.357744216918945,2.0616397326310942e-05,0.10740441645525128,0.00010740441645525128
283,blocks.1.ln2.bias,0.0002910250623244792,0.11821359395980835,0.002461857833549697,0.10740441645525128,0.00010740441645525128
283,blocks.1.mlp.fc.weight,0.008942414075136185,20.022869110107422,0.0004466100250648726,0.10740441645525128,0.00010740441645525128
283,blocks.1.mlp.proj.weight,0.007669525686651468,11.308302879333496,0.0006782207523524367,0.10740441645525128,0.00010740441645525128
283,final_norm.weight,0.00045823113759979606,16.61495018005371,2.7579446982024427e-05,0.10740441645525128,0.00010740441645525128
283,final_norm.bias,0.0002074021758744493,0.19675403833389282,0.0010541190291679422,0.10740441645525128,0.00010740441645525128
283,lm_head.weight,0.0012974559795111418,3.7673354148864746,0.0003443961942926431,0.10740441645525128,0.00010740441645525128
284,token_embedding.weight,0.001409824239090085,85.49405670166016,1.649031866635815e-05,0.10656099039014086,0.00010656099039014087
284,position_embedding.weight,0.0014306895900517702,89.36615753173828,1.6009299600283773e-05,0.10656099039014086,0.00010656099039014087
284,blocks.0.ln1.weight,0.00030992025858722627,16.4204044342041,1.887409410828128e-05,0.10656099039014086,0.00010656099039014087
284,blocks.0.ln1.bias,0.0001457821490475908,0.17240174114704132,0.0008455955727408095,0.10656099039014086,0.00010656099039014087
284,blocks.0.attn.qkv.weight,0.0076524619944393635,18.014942169189453,0.00042478415542886237,0.10656099039014086,0.00010656099039014087
284,blocks.0.attn.proj.weight,0.0050896848551929,10.409322738647461,0.0004889544673541116,0.10656099039014086,0.00010656099039014087
284,blocks.0.ln2.weight,0.0002522350405342877,16.091468811035156,1.5675078732483083e-05,0.10656099039014086,0.00010656099039014087
284,blocks.0.ln2.bias,0.0002012285403907299,0.1333315372467041,0.0015092343832868766,0.10656099039014086,0.00010656099039014087
284,blocks.0.mlp.fc.weight,0.008329730480909348,19.70624351501465,0.00042269499382580495,0.10656099039014086,0.00010656099039014087
284,blocks.0.mlp.proj.weight,0.008338136598467827,11.242325782775879,0.0007416736322693798,0.10656099039014086,0.00010656099039014087
284,blocks.1.ln1.weight,0.00028512132121250033,16.396270751953125,1.7389400646395115e-05,0.10656099039014086,0.00010656099039014087
284,blocks.1.ln1.bias,0.00018725593690760434,0.20583473145961761,0.0009097392630428458,0.10656099039014086,0.00010656099039014087
284,blocks.1.attn.qkv.weight,0.00758965453132987,17.839031219482422,0.00042545216934429753,0.10656099039014086,0.00010656099039014087
284,blocks.1.attn.proj.weight,0.004739053081721067,10.321196556091309,0.00045915733277298546,0.10656099039014086,0.00010656099039014087
284,blocks.1.ln2.weight,0.00036450254265218973,16.35781478881836,2.228308287860851e-05,0.10656099039014086,0.00010656099039014087
284,blocks.1.ln2.bias,0.00024142206530086696,0.11818996071815491,0.002042661354922846,0.10656099039014086,0.00010656099039014087
284,blocks.1.mlp.fc.weight,0.009137551300227642,20.023141860961914,0.0004563495261471527,0.10656099039014086,0.00010656099039014087
284,blocks.1.mlp.proj.weight,0.0076135857962071896,11.308696746826172,0.0006732505050454463,0.10656099039014086,0.00010656099039014087
284,final_norm.weight,0.0004568812146317214,16.615346908569336,2.7497542912935404e-05,0.10656099039014086,0.00010656099039014087
284,final_norm.bias,0.00016700354171916842,0.1966722309589386,0.0008491465261976228,0.10656099039014086,0.00010656099039014087
284,lm_head.weight,0.0012301721144467592,3.7677395343780518,0.00032650136858504994,0.10656099039014086,0.00010656099039014087
285,token_embedding.weight,0.0013080926146358252,85.49404907226562,1.530039375641359e-05,0.10576819746349743,0.00010576819746349742
285,position_embedding.weight,0.0014237374998629093,89.3659896850586,1.593153620163995e-05,0.10576819746349743,0.00010576819746349742
285,blocks.0.ln1.weight,0.00030548012000508606,16.420330047607422,1.860377465735401e-05,0.10576819746349743,0.00010576819746349742
285,blocks.0.ln1.bias,0.00013556063640862703,0.17238286137580872,0.0007863927731905283,0.10576819746349743,0.00010576819746349742
285,blocks.0.attn.qkv.weight,0.007459910120815039,18.014875411987305,0.00041409723632341726,0.10576819746349743,0.00010576819746349742
285,blocks.0.attn.proj.weight,0.005083699710667133,10.409300804138184,0.0004883805172241383,0.10576819746349743,0.00010576819746349742
285,blocks.0.ln2.weight,0.0002434194611851126,16.091459274291992,1.5127245890867639e-05,0.10576819746349743,0.00010576819746349742
285,blocks.0.ln2.bias,0.00017538420797791332,0.13336274027824402,0.0013150915136467792,0.10576819746349743,0.00010576819746349742
285,blocks.0.mlp.fc.weight,0.008104786276817322,19.706268310546875,0.00041127960652394025,0.10576819746349743,0.00010576819746349742
285,blocks.0.mlp.proj.weight,0.008084561675786972,11.242393493652344,0.0007191139218130856,0.10576819746349743,0.00010576819746349742
285,blocks.1.ln1.weight,0.000254583777859807,16.396162033081055,1.552703476253411e-05,0.10576819746349743,0.00010576819746349742
285,blocks.1.ln1.bias,0.00018623918003868312,0.20584110915660858,0.0009047715531696021,0.10576819746349743,0.00010576819746349742
285,blocks.1.attn.qkv.weight,0.007231485098600388,17.838897705078125,0.00040537735112082773,0.10576819746349743,0.00010576819746349742
285,blocks.1.attn.proj.weight,0.004677626769989729,10.321124076843262,0.00045320904343007745,0.10576819746349743,0.00010576819746349742
285,blocks.1.ln2.weight,0.0003698317159432918,16.357946395874023,2.2608688584317167e-05,0.10576819746349743,0.00010576819746349742
285,blocks.1.ln2.bias,0.0002729168045334518,0.11819732934236526,0.002308992986978782,0.10576819746349743,0.00010576819746349742
285,blocks.1.mlp.fc.weight,0.009165064431726933,20.023590087890625,0.0004577133466824762,0.10576819746349743,0.00010576819746349742
285,blocks.1.mlp.proj.weight,0.00749429315328598,11.309253692626953,0.0006626691165457901,0.10576819746349743,0.00010576819746349742
285,final_norm.weight,0.00045478050014935434,16.615751266479492,2.7370444637480715e-05,0.10576819746349743,0.00010576819746349742
285,final_norm.bias,0.0001787398650776595,0.19665560126304626,0.0009088979105032883,0.10576819746349743,0.00010576819746349742
285,lm_head.weight,0.0011815886246040463,3.7681326866149902,0.00031357404923688714,0.10576819746349743,0.00010576819746349742
286,token_embedding.weight,0.0014080750988796353,85.49407958984375,1.646985505469891e-05,0.10502612819869217,0.00010502612819869217
286,position_embedding.weight,0.0014692357508465648,89.3658676147461,1.6440681325675537e-05,0.10502612819869217,0.00010502612819869217
286,blocks.0.ln1.weight,0.00030837810481898487,16.42024803161621,1.8780356071674583e-05,0.10502612819869217,0.00010502612819869217
286,blocks.0.ln1.bias,0.0001863772631622851,0.1723923683166504,0.0010811224706819163,0.10502612819869217,0.00010502612819869217
286,blocks.0.attn.qkv.weight,0.007783602923154831,18.01479148864746,0.0004320673335608386,0.10502612819869217,0.00010502612819869217
286,blocks.0.attn.proj.weight,0.005147315561771393,10.409242630004883,0.0004944947240381967,0.10502612819869217,0.00010502612819869217
286,blocks.0.ln2.weight,0.00025393301621079445,16.09143829345703,1.5780628902143e-05,0.10502612819869217,0.00010502612819869217
286,blocks.0.ln2.bias,0.00022545328829437494,0.13338243961334229,0.0016902771380268898,0.10502612819869217,0.00010502612819869217
286,blocks.0.mlp.fc.weight,0.008511309511959553,19.706266403198242,0.0004319087815933399,0.10502612819869217,0.00010502612819869217
286,blocks.0.mlp.proj.weight,0.008557279594242573,11.242400169372559,0.000761161270309007,0.10502612819869217,0.00010502612819869217
286,blocks.1.ln1.weight,0.0002590717049315572,16.39609718322754,1.5800815403592508e-05,0.10502612819869217,0.00010502612819869217
286,blocks.1.ln1.bias,0.00022606593847740442,0.20582763850688934,0.0010983264449625377,0.10502612819869217,0.00010502612819869217
286,blocks.1.attn.qkv.weight,0.007372182793915272,17.838857650756836,0.00041326540848326605,0.10502612819869217,0.00010502612819869217
286,blocks.1.attn.proj.weight,0.004772996064275503,10.321175575256348,0.00046244694022235867,0.10502612819869217,0.00010502612819869217
286,blocks.1.ln2.weight,0.00039095879765227437,16.35806655883789,2.3900061553486244e-05,0.10502612819869217,0.00010502612819869217
286,blocks.1.ln2.bias,0.000352530914824456,0.11820103973150253,0.002982468814337495,0.10502612819869217,0.00010502612819869217
286,blocks.1.mlp.fc.weight,0.009801053442060947,20.023988723754883,0.000489465589362486,0.10502612819869217,0.00010502612819869217
286,blocks.1.mlp.proj.weight,0.008542568422853947,11.309767723083496,0.0007553266019263696,0.10502612819869217,0.00010502612819869217
286,final_norm.weight,0.00042669818503782153,16.616140365600586,2.567974124250683e-05,0.10502612819869217,0.00010502612819869217
286,final_norm.bias,0.0002465124998707324,0.19664405286312103,0.0012535975346331474,0.10502612819869217,0.00010502612819869217
286,lm_head.weight,0.0012684789253398776,3.7685039043426514,0.00033660013563414486,0.10502612819869217,0.00010502612819869217
287,token_embedding.weight,0.0013815477723255754,85.49407958984375,1.615957244002753e-05,0.10433486732732289,0.00010433486732732288
287,position_embedding.weight,0.0013662590645253658,89.3657455444336,1.5288397765853495e-05,0.10433486732732289,0.00010433486732732288
287,blocks.0.ln1.weight,0.0002862796245608479,16.420167922973633,1.7434634402264157e-05,0.10433486732732289,0.00010433486732732288
287,blocks.0.ln1.bias,0.00018227833788841963,0.17239467799663544,0.0010573315835824106,0.10433486732732289,0.00010433486732732288
287,blocks.0.attn.qkv.weight,0.007171285338699818,18.014719009399414,0.00039807922260445524,0.10433486732732289,0.00010433486732732288
287,blocks.0.attn.proj.weight,0.00482544768601656,10.40918254852295,0.00046357604581551137,0.10433486732732289,0.00010433486732732288
287,blocks.0.ln2.weight,0.00023831728321965784,16.091413497924805,1.4810214357512914e-05,0.10433486732732289,0.00010433486732732288
287,blocks.0.ln2.bias,0.00020811632566619664,0.13341499865055084,0.0015599170091044141,0.10433486732732289,0.00010433486732732288
287,blocks.0.mlp.fc.weight,0.007999589666724205,19.70624542236328,0.0004059418471286067,0.10433486732732289,0.00010433486732732288
287,blocks.0.mlp.proj.weight,0.007999581284821033,11.242431640625,0.0007115525840436065,0.10433486732732289,0.00010433486732732288
287,blocks.1.ln1.weight,0.0002549548808019608,16.396034240722656,1.5549789483161516e-05,0.10433486732732289,0.00010433486732732288
287,blocks.1.ln1.bias,0.00021806947188451886,0.20578578114509583,0.0010596916398694345,0.10433486732732289,0.00010433486732732288
287,blocks.1.attn.qkv.weight,0.0069506727159023285,17.838815689086914,0.00038963756546652855,0.10433486732732289,0.00010433486732732288
287,blocks.1.attn.proj.weight,0.004487320780754089,10.321218490600586,0.00043476657187716797,0.10433486732732289,0.00010433486732732288
287,blocks.1.ln2.weight,0.00036125199403613806,16.358163833618164,2.2083896316877322e-05,0.10433486732732289,0.00010433486732732288
287,blocks.1.ln2.bias,0.0003270736488047987,0.1181800365447998,0.002767587981562721,0.10433486732732289,0.00010433486732732288
287,blocks.1.mlp.fc.weight,0.00912395864725113,20.024307250976562,0.0004556441595154663,0.10433486732732289,0.00010433486732732288
287,blocks.1.mlp.proj.weight,0.007843300700187683,11.310220718383789,0.0006934701714033202,0.10433486732732289,0.00010433486732732288
287,final_norm.weight,0.00042335395119152963,16.61648941040039,2.5477941864574814e-05,0.10433486732732289,0.00010433486732732288
287,final_norm.bias,0.00021702831145375967,0.19660155475139618,0.0011038992632946842,0.10433486732732289,0.00010433486732732288
287,lm_head.weight,0.0013401584001258016,3.768850088119507,0.0003555881419507792,0.10433486732732289,0.00010433486732732288
288,token_embedding.weight,0.00133016356267035,85.4941177368164,1.5558538971828294e-05,0.10369449377953928,0.00010369449377953928
288,position_embedding.weight,0.0013923868536949158,89.36560821533203,1.55807908825491e-05,0.10369449377953928,0.00010369449377953928
288,blocks.0.ln1.weight,0.00028080170159228146,16.42008399963379,1.7101112369371984e-05,0.10369449377953928,0.00010369449377953928
288,blocks.0.ln1.bias,0.0001639947440708056,0.17239683866500854,0.0009512630587647801,0.10369449377953928,0.00010369449377953928
288,blocks.0.attn.qkv.weight,0.007236488629132509,18.014610290527344,0.00040170109219277893,0.10369449377953928,0.00010369449377953928
288,blocks.0.attn.proj.weight,0.004752709995955229,10.409119606018066,0.0004565909679053911,0.10369449377953928,0.00010369449377953928
288,blocks.0.ln2.weight,0.0002375281328568235,16.091394424438477,1.4761190148696359e-05,0.10369449377953928,0.00010369449377953928
288,blocks.0.ln2.bias,0.00022730488853994757,0.1334449052810669,0.0017033613089947925,0.10369449377953928,0.00010369449377953928
288,blocks.0.mlp.fc.weight,0.008025964722037315,19.70625114440918,0.00040728013985115273,0.10369449377953928,0.00010369449377953928
288,blocks.0.mlp.proj.weight,0.008092543110251427,11.242461204528809,0.0007198195273283027,0.10369449377953928,0.00010369449377953928
288,blocks.1.ln1.weight,0.00024486618349328637,16.395971298217773,1.4934533553366746e-05,0.10369449377953928,0.00010369449377953928
288,blocks.1.ln1.bias,0.00022190554591361433,0.20575197041034698,0.0010785099431610424,0.10369449377953928,0.00010369449377953928
288,blocks.1.attn.qkv.weight,0.006977390497922897,17.83879852294922,0.00039113567480154274,0.10369449377953928,0.00010369449377953928
288,blocks.1.attn.proj.weight,0.004460969474166632,10.321255683898926,0.00043221189463654844,0.10369449377953928,0.00010369449377953928
288,blocks.1.ln2.weight,0.00039001560071483254,16.358245849609375,2.384214079556226e-05,0.10369449377953928,0.00010369449377953928
288,blocks.1.ln2.bias,0.00039562623715028167,0.11816118657588959,0.0033481911329050562,0.10369449377953928,0.00010369449377953928
288,blocks.1.mlp.fc.weight,0.00953623652458191,20.024599075317383,0.00047622609015607906,0.10369449377953928,0.00010369449377953928
288,blocks.1.mlp.proj.weight,0.00807145331054926,11.310598373413086,0.0007136185941781349,0.10369449377953928,0.00010369449377953928
288,final_norm.weight,0.00041450015851296484,16.61683464050293,2.4944591884101132e-05,0.10369449377953928,0.00010369449377953928
288,final_norm.bias,0.00023493893968407065,0.19653423130512238,0.001195409767157198,0.10369449377953928,0.00010369449377953928
288,lm_head.weight,0.0013089909916743636,3.7692203521728516,0.0003472842841144639,0.10369449377953928,0.00010369449377953928
289,token_embedding.weight,0.001265616388991475,85.49413299560547,1.4803546683800104e-05,0.10310508067503046,0.00010310508067503047
289,position_embedding.weight,0.0013505774550139904,89.365478515625,1.5112966186130087e-05,0.10310508067503046,0.00010310508067503047
289,blocks.0.ln1.weight,0.0002776682667899877,16.4200382232666,1.6910330110957042e-05,0.10310508067503046,0.00010310508067503047
289,blocks.0.ln1.bias,0.0001927130506373942,0.17237848043441772,0.0011179646679249785,0.10310508067503046,0.00010310508067503047
289,blocks.0.attn.qkv.weight,0.007194940932095051,18.014631271362305,0.0003993942936557566,0.10310508067503046,0.00010310508067503047
289,blocks.0.attn.proj.weight,0.004804911091923714,10.409087181091309,0.00046160734446067884,0.10310508067503046,0.00010310508067503047
289,blocks.0.ln2.weight,0.00023389043053612113,16.091384887695312,1.4535133686035743e-05,0.10310508067503046,0.00010310508067503047
289,blocks.0.ln2.bias,0.00024542378378100693,0.13348837196826935,0.0018385405422242057,0.10310508067503046,0.00010310508067503047
289,blocks.0.mlp.fc.weight,0.007885786704719067,19.70625877380371,0.0004001666067230147,0.10310508067503046,0.00010310508067503047
289,blocks.0.mlp.proj.weight,0.008086830377578735,11.242536544799805,0.0007193065679931946,0.10310508067503046,0.00010310508067503047
289,blocks.1.ln1.weight,0.00023133509967010468,16.395906448364258,1.4109320542821822e-05,0.10310508067503046,0.00010310508067503047
289,blocks.1.ln1.bias,0.00023359873739536852,0.20569388568401337,0.0011356620378745086,0.10310508067503046,0.00010310508067503047
289,blocks.1.attn.qkv.weight,0.0068947989493608475,17.83875274658203,0.0003865067837033354,0.10310508067503046,0.00010310508067503047
289,blocks.1.attn.proj.weight,0.004469914361834526,10.32127857208252,0.0004330775814853528,0.10310508067503046,0.00010310508067503047
289,blocks.1.ln2.weight,0.0003843935264740139,16.358335494995117,2.3498327601337975e-05,0.10310508067503046,0.00010310508067503047
289,blocks.1.ln2.bias,0.00048197314026765525,0.11812779307365417,0.004080099422183048,0.10310508067503046,0.00010310508067503047
289,blocks.1.mlp.fc.weight,0.009530797600746155,20.024877548217773,0.00047594785924640656,0.10310508067503046,0.00010310508067503047
289,blocks.1.mlp.proj.weight,0.008194932714104652,11.310985565185547,0.0007245109338064562,0.10310508067503046,0.00010310508067503047
289,final_norm.weight,0.0004173319321125746,16.617162704467773,2.5114511997908257e-05,0.10310508067503046,0.00010310508067503047
289,final_norm.bias,0.0002700656477827579,0.19649732112884521,0.0013743986240112595,0.10310508067503046,0.00010310508067503047
289,lm_head.weight,0.0012789263855665922,3.7695727348327637,0.0003392762192246152,0.10310508067503046,0.00010310508067503047
290,token_embedding.weight,0.0013123031239956617,85.494140625,1.5349626470330362e-05,0.10256669531467591,0.0001025666953146759
290,position_embedding.weight,0.001349316444247961,89.36531066894531,1.5098883830287372e-05,0.10256669531467591,0.0001025666953146759
290,blocks.0.ln1.weight,0.0002919030957855284,16.41999626159668,1.7777293681133034e-05,0.10256669531467591,0.0001025666953146759
290,blocks.0.ln1.bias,0.0002157837589038536,0.17236191034317017,0.0012519225301749048,0.10256669531467591,0.0001025666953146759
290,blocks.0.attn.qkv.weight,0.007419401314109564,18.01459503173828,0.00041185501539377277,0.10256669531467591,0.0001025666953146759
290,blocks.0.attn.proj.weight,0.004712830763310194,10.409071922302246,0.000452761859893785,0.10256669531467591,0.0001025666953146759
290,blocks.0.ln2.weight,0.0002306871465407312,16.09138298034668,1.4336067125023884e-05,0.10256669531467591,0.0001025666953146759
290,blocks.0.ln2.bias,0.00023818155750632286,0.1335379034280777,0.001783625108603129,0.10256669531467591,0.0001025666953146759
290,blocks.0.mlp.fc.weight,0.00764796556904912,19.70632553100586,0.0003880969872853999,0.10256669531467591,0.0001025666953146759
290,blocks.0.mlp.proj.weight,0.007886937819421291,11.242647171020508,0.0007015196420777371,0.10256669531467591,0.0001025666953146759
290,blocks.1.ln1.weight,0.00022534413437824696,16.3958740234375,1.3743953756665203e-05,0.10256669531467591,0.0001025666953146759
290,blocks.1.ln1.bias,0.00023268209770321846,0.20565930008888245,0.0011313959427146053,0.10256669531467591,0.0001025666953146759
290,blocks.1.attn.qkv.weight,0.006726711057126522,17.838781356811523,0.00037708355310704184,0.10256669531467591,0.0001025666953146759
290,blocks.1.attn.proj.weight,0.004725515842437744,10.32132339477539,0.00045784011039023563,0.10256669531467591,0.0001025666953146759
290,blocks.1.ln2.weight,0.0003553499118424952,16.358413696289062,2.1722761047612174e-05,0.10256669531467591,0.0001025666953146759
290,blocks.1.ln2.bias,0.00046266952995210886,0.11805595457553864,0.003919069831010926,0.10256669531467591,0.0001025666953146759
290,blocks.1.mlp.fc.weight,0.009143214672803879,20.025171279907227,0.00045658609082547543,0.10256669531467591,0.0001025666953146759
290,blocks.1.mlp.proj.weight,0.008031660690903664,11.311325073242188,0.0007100548025007668,0.10256669531467591,0.0001025666953146759
290,final_norm.weight,0.00041245753527618945,16.617488861083984,2.4820689739837107e-05,0.10256669531467591,0.0001025666953146759
290,final_norm.bias,0.0002567496558185667,0.19647279381752014,0.0013067949553143914,0.10256669531467591,0.0001025666953146759
290,lm_head.weight,0.0012683810200542212,3.7699172496795654,0.00033644797380146587,0.10256669531467591,0.0001025666953146759
291,token_embedding.weight,0.0014139284612610936,85.49412536621094,1.653831131910604e-05,0.1020793991728608,0.0001020793991728608
291,position_embedding.weight,0.0013991985470056534,89.36518096923828,1.5657088497222164e-05,0.1020793991728608,0.0001020793991728608
291,blocks.0.ln1.weight,0.00029979716055095196,16.419946670532227,1.8258108053965823e-05,0.1020793991728608,0.0001020793991728608
291,blocks.0.ln1.bias,0.00020382700313348323,0.17237542569637299,0.0011824597520723602,0.1020793991728608,0.0001020793991728608
291,blocks.0.attn.qkv.weight,0.007639651652425528,18.01456069946289,0.0004240820400717783,0.1020793991728608,0.0001020793991728608
291,blocks.0.attn.proj.weight,0.004870786797255278,10.409043312072754,0.00046793798922956824,0.1020793991728608,0.0001020793991728608
291,blocks.0.ln2.weight,0.0002287343959324062,16.09136390686035,1.4214730165593605e-05,0.1020793991728608,0.0001020793991728608
291,blocks.0.ln2.bias,0.00018827123858500272,0.13357749581336975,0.0014094532723284458,0.1020793991728608,0.0001020793991728608
291,blocks.0.mlp.fc.weight,0.007666297722607851,19.706308364868164,0.00038902759363467165,0.1020793991728608,0.0001020793991728608
291,blocks.0.mlp.proj.weight,0.007920024916529655,11.242694854736328,0.0007044596530334894,0.1020793991728608,0.0001020793991728608
291,blocks.1.ln1.weight,0.00024936345289461315,16.395843505859375,1.5208943218168865e-05,0.1020793991728608,0.0001020793991728608
291,blocks.1.ln1.bias,0.00021721498342230916,0.2056199014186859,0.0010563908547886948,0.1020793991728608,0.0001020793991728608
291,blocks.1.attn.qkv.weight,0.006968365516513586,17.838794708251953,0.0003906298396544547,0.1020793991728608,0.0001020793991728608
291,blocks.1.attn.proj.weight,0.0047740638256073,10.321375846862793,0.00046254141855108644,0.1020793991728608,0.0001020793991728608
291,blocks.1.ln2.weight,0.0003579115145839751,16.358484268188477,2.1879259026459182e-05,0.1020793991728608,0.0001020793991728608
291,blocks.1.ln2.bias,0.00039783178362995386,0.11799520254135132,0.003371592870372526,0.1020793991728608,0.0001020793991728608
291,blocks.1.mlp.fc.weight,0.009027126245200634,20.025428771972656,0.00045078316913915164,0.1020793991728608,0.0001020793991728608
291,blocks.1.mlp.proj.weight,0.007553386967629194,11.311662673950195,0.0006677521408964342,0.1020793991728608,0.0001020793991728608
291,final_norm.weight,0.00040039102896116674,16.61781883239746,2.4094078350436443e-05,0.1020793991728608,0.0001020793991728608
291,final_norm.bias,0.00022720621200278401,0.1964506059885025,0.0011565564323834407,0.1020793991728608,0.0001020793991728608
291,lm_head.weight,0.0013004445936530828,3.7702574729919434,0.0003449219590355326,0.1020793991728608,0.0001020793991728608
292,token_embedding.weight,0.0013280004495754838,85.4941177368164,1.5533237662777708e-05,0.1016432478904569,0.0001016432478904569
292,position_embedding.weight,0.0013489711564034224,89.36505889892578,1.5095062578419257e-05,0.1016432478904569,0.0001016432478904569
292,blocks.0.ln1.weight,0.00029508242732845247,16.419891357421875,1.797103408939766e-05,0.1016432478904569,0.0001016432478904569
292,blocks.0.ln1.bias,0.00019730502390302718,0.17239460349082947,0.0011444965208112115,0.1016432478904569,0.0001016432478904569
292,blocks.0.attn.qkv.weight,0.007291344925761223,18.01449203491211,0.0004047488495168325,0.1016432478904569,0.0001016432478904569
292,blocks.0.attn.proj.weight,0.004990661982446909,10.408987998962402,0.000479456983036575,0.1016432478904569,0.0001016432478904569
292,blocks.0.ln2.weight,0.00022567379346583039,16.09135627746582,1.4024535258214858e-05,0.1016432478904569,0.0001016432478904569
292,blocks.0.ln2.bias,0.0002030038886005059,0.13362231850624084,0.0015192363885641255,0.1016432478904569,0.0001016432478904569
292,blocks.0.mlp.fc.weight,0.007513074669986963,19.706344604492188,0.000381251562416803,0.1016432478904569,0.0001016432478904569
292,blocks.0.mlp.proj.weight,0.007932770997285843,11.242773056030273,0.0007055884662752528,0.1016432478904569,0.0001016432478904569
292,blocks.1.ln1.weight,0.0002459694223944098,16.39579963684082,1.5001977813982896e-05,0.1016432478904569,0.0001016432478904569
292,blocks.1.ln1.bias,0.0002395402261754498,0.20560845732688904,0.0011650309976960183,0.1016432478904569,0.0001016432478904569
292,blocks.1.attn.qkv.weight,0.0069465902633965015,17.838764190673828,0.0003894098374274052,0.1016432478904569,0.0001016432478904569
292,blocks.1.attn.proj.weight,0.004566720686852932,10.321392059326172,0.00044245201234518615,0.1016432478904569,0.0001016432478904569
292,blocks.1.ln2.weight,0.0003517327713780105,16.358562469482422,2.1501447455065882e-05,0.1016432478904569,0.0001016432478904569
292,blocks.1.ln2.bias,0.00039175822166725993,0.1179637759923935,0.0033210044216387255,0.1016432478904569,0.0001016432478904569
292,blocks.1.mlp.fc.weight,0.008954966440796852,20.025691986083984,0.0004471738827811436,0.1016432478904569,0.0001016432478904569
292,blocks.1.mlp.proj.weight,0.0074036275036633015,11.312015533447266,0.0006544923388561187,0.1016432478904569,0.0001016432478904569
292,final_norm.weight,0.00042020290857180953,16.618146896362305,2.528578614645453e-05,0.1016432478904569,0.0001016432478904569
292,final_norm.bias,0.00022959354100748897,0.1964220553636551,0.0011688786199760073,0.1016432478904569,0.0001016432478904569
292,lm_head.weight,0.0012923118192702532,3.7706077098846436,0.00034273303369165576,0.1016432478904569,0.0001016432478904569
293,token_embedding.weight,0.0012984249042347074,85.4941177368164,1.5187301051889215e-05,0.10125829126846894,0.00010125829126846895
293,position_embedding.weight,0.0013943014200776815,89.36489868164062,1.5602338733072554e-05,0.10125829126846894,0.00010125829126846895
293,blocks.0.ln1.weight,0.00030403523123823106,16.41983985900879,1.851633352388652e-05,0.10125829126846894,0.00010125829126846895
293,blocks.0.ln1.bias,0.00022518755577038974,0.17241472005844116,0.0013060808015275887,0.10125829126846894,0.00010125829126846895
293,blocks.0.attn.qkv.weight,0.0076752398163080215,18.014482498168945,0.0004260594117587188,0.10125829126846894,0.00010125829126846895
293,blocks.0.attn.proj.weight,0.005598113406449556,10.40895938873291,0.0005378168169729483,0.10125829126846894,0.00010125829126846895
293,blocks.0.ln2.weight,0.00025445042410865426,16.091360092163086,1.581285998518935e-05,0.10125829126846894,0.00010125829126846895
293,blocks.0.ln2.bias,0.0002473588683642447,0.13365717232227325,0.001850696554959011,0.10125829126846894,0.00010125829126846895
293,blocks.0.mlp.fc.weight,0.008203878998756409,19.70639419555664,0.0004163054345378815,0.10125829126846894,0.00010125829126846895
293,blocks.0.mlp.proj.weight,0.008534487336874008,11.24289321899414,0.0007591006310061528,0.10125829126846894,0.00010125829126846895
293,blocks.1.ln1.weight,0.00025830132653936744,16.3957576751709,1.575415614555668e-05,0.10125829126846894,0.00010125829126846895
293,blocks.1.ln1.bias,0.0002531787322368473,0.20558618009090424,0.001231496845379721,0.10125829126846894,0.00010125829126846895
293,blocks.1.attn.qkv.weight,0.0072862692177295685,17.838769912719727,0.00040845132558909073,0.10125829126846894,0.00010125829126846895
293,blocks.1.attn.proj.weight,0.004830669146031141,10.321423530578613,0.0004680235368424871,0.10125829126846894,0.00010125829126846895
293,blocks.1.ln2.weight,0.000363220926374197,16.35865592956543,2.2203592271765805e-05,0.10125829126846894,0.00010125829126846895
293,blocks.1.ln2.bias,0.0004039680352434516,0.11794114857912064,0.003425166196079777,0.10125829126846894,0.00010125829126846895
293,blocks.1.mlp.fc.weight,0.009462394751608372,20.026012420654297,0.0004725051873956014,0.10125829126846894,0.00010125829126846895
293,blocks.1.mlp.proj.weight,0.007686912082135677,11.312406539916992,0.0006795116543072366,0.10125829126846894,0.00010125829126846895
293,final_norm.weight,0.00043931195978075266,16.61849594116211,2.643512152580553e-05,0.10125829126846894,0.00010125829126846895
293,final_norm.bias,0.00023020147636998445,0.1964116245508194,0.0011720359062009095,0.10125829126846894,0.00010125829126846895
293,lm_head.weight,0.0012737034121528268,3.7709615230560303,0.00033776621807593126,0.10125829126846894,0.00010125829126846895
294,token_embedding.weight,0.0012389571638777852,85.49409484863281,1.4491727949998685e-05,0.10092457326234866,0.00010092457326234867
294,position_embedding.weight,0.00130193040240556,89.36475372314453,1.4568723665249236e-05,0.10092457326234866,0.00010092457326234867
294,blocks.0.ln1.weight,0.0002787535486277193,16.419828414916992,1.6976641995507206e-05,0.10092457326234866,0.00010092457326234867
294,blocks.0.ln1.bias,0.0002221613540314138,0.1724664866924286,0.0012881421677379057,0.10092457326234866,0.00010092457326234867
294,blocks.0.attn.qkv.weight,0.007135535124689341,18.014490127563477,0.0003960997549284539,0.10092457326234866,0.00010092457326234867
294,blocks.0.attn.proj.weight,0.005191260017454624,10.4089937210083,0.0004987283263488469,0.10092457326234866,0.00010092457326234867
294,blocks.0.ln2.weight,0.00023492638138122857,16.09136199951172,1.4599533674548038e-05,0.10092457326234866,0.00010092457326234867
294,blocks.0.ln2.bias,0.00022712584177497774,0.13368099927902222,0.0016990136444089273,0.10092457326234866,0.00010092457326234867
294,blocks.0.mlp.fc.weight,0.0076009416952729225,19.70648193359375,0.0003857076935845748,0.10092457326234866,0.00010092457326234867
294,blocks.0.mlp.proj.weight,0.007760684937238693,11.24304485321045,0.000690265407508531,0.10092457326234866,0.00010092457326234867
294,blocks.1.ln1.weight,0.0002328305708942935,16.39572525024414,1.4200687517059506e-05,0.10092457326234866,0.00010092457326234867
294,blocks.1.ln1.bias,0.00025396569981239736,0.2056136578321457,0.0012351596799979555,0.10092457326234866,0.00010092457326234867
294,blocks.1.attn.qkv.weight,0.006684054620563984,17.83880043029785,0.00037469193327659237,0.10092457326234866,0.00010092457326234867
294,blocks.1.attn.proj.weight,0.004599765874445438,10.321434020996094,0.00044565182174182826,0.10092457326234866,0.00010092457326234867
294,blocks.1.ln2.weight,0.0003263794060330838,16.35873794555664,1.995138054777111e-05,0.10092457326234866,0.00010092457326234867
294,blocks.1.ln2.bias,0.00033045437885448337,0.11788920313119888,0.0028030928199923246,0.10092457326234866,0.00010092457326234867
294,blocks.1.mlp.fc.weight,0.00880176667124033,20.026304244995117,0.0004395102842522523,0.10092457326234866,0.00010092457326234867
294,blocks.1.mlp.proj.weight,0.007190512493252754,11.312780380249023,0.0006356096601862819,0.10092457326234866,0.00010092457326234867
294,final_norm.weight,0.00042631165706552565,16.61885643005371,2.5652285935544496e-05,0.10092457326234866,0.00010092457326234867
294,final_norm.bias,0.00018326174176763743,0.19638706743717194,0.0009331660386717332,0.10092457326234866,0.00010092457326234867
294,lm_head.weight,0.0012195060262456536,3.771318197250366,0.0003233633341080742,0.10092457326234866,0.00010092457326234867
295,token_embedding.weight,0.0012079209554940462,85.49405670166016,1.412871259237575e-05,0.10064213197697547,0.00010064213197697547
295,position_embedding.weight,0.0012817677343264222,89.36458587646484,1.4343128452453062e-05,0.10064213197697547,0.00010064213197697547
295,blocks.0.ln1.weight,0.000289380201138556,16.41980743408203,1.762384865354035e-05,0.10064213197697547,0.00010064213197697547
295,blocks.0.ln1.bias,0.0001919920468935743,0.17253142595291138,0.001112794644987525,0.10064213197697547,0.00010064213197697547
295,blocks.0.attn.qkv.weight,0.007103457115590572,18.014493942260742,0.0003943189932705223,0.10064213197697547,0.00010064213197697547
295,blocks.0.attn.proj.weight,0.005399436689913273,10.409004211425781,0.0005187274959487371,0.10064213197697547,0.00010064213197697547
295,blocks.0.ln2.weight,0.00023809204867575318,16.091365814208984,1.479626101505309e-05,0.10064213197697547,0.00010064213197697547
295,blocks.0.ln2.bias,0.0001798343291739002,0.13370893895626068,0.001344968635428206,0.10064213197697547,0.00010064213197697547
295,blocks.0.mlp.fc.weight,0.007619609124958515,19.706579208374023,0.000386653058574483,0.10064213197697547,0.00010064213197697547
295,blocks.0.mlp.proj.weight,0.007897709496319294,11.243173599243164,0.0007024448592388743,0.10064213197697547,0.00010064213197697547
295,blocks.1.ln1.weight,0.00023729962413199246,16.395709991455078,1.4473275280890612e-05,0.10064213197697547,0.00010064213197697547
295,blocks.1.ln1.bias,0.0002244713541585952,0.20563308894634247,0.0010916110598138062,0.10064213197697547,0.00010064213197697547
295,blocks.1.attn.qkv.weight,0.006883325986564159,17.838808059692383,0.00038586243898867717,0.10064213197697547,0.00010064213197697547
295,blocks.1.attn.proj.weight,0.004662410821765661,10.321489334106445,0.000451718804413108,0.10064213197697547,0.00010064213197697547
295,blocks.1.ln2.weight,0.0003317088703624904,16.35881233215332,2.027707535408881e-05,0.10064213197697547,0.00010064213197697547
295,blocks.1.ln2.bias,0.0002624985354486853,0.11787155270576477,0.0022269880172166444,0.10064213197697547,0.00010064213197697547
295,blocks.1.mlp.fc.weight,0.008810263127088547,20.02658462524414,0.00043992838978557,0.10064213197697547,0.00010064213197697547
295,blocks.1.mlp.proj.weight,0.0070946235209703445,11.31311321258545,0.0006271150467297713,0.10064213197697547,0.00010064213197697547
295,final_norm.weight,0.0004278338747099042,16.619216918945312,2.5743323334456462e-05,0.10064213197697547,0.00010064213197697547
295,final_norm.bias,0.0001520518708275631,0.19633257389068604,0.000774460741860635,0.10064213197697547,0.00010064213197697547
295,lm_head.weight,0.0011769040720537305,3.77170467376709,0.0003120350541332162,0.10064213197697547,0.00010064213197697547
296,token_embedding.weight,0.0011725968215614557,85.49400329589844,1.3715544673970101e-05,0.10041099966230578,0.00010041099966230578
296,position_embedding.weight,0.0013408102095127106,89.36445617675781,1.5003842320269361e-05,0.10041099966230578,0.00010041099966230578
296,blocks.0.ln1.weight,0.0002896104415412992,16.41977310180664,1.7637907646203484e-05,0.10041099966230578,0.00010041099966230578
296,blocks.0.ln1.bias,0.00016337836859747767,0.17257629334926605,0.0009467022696210076,0.10041099966230578,0.00010041099966230578
296,blocks.0.attn.qkv.weight,0.0072290911339223385,18.014482498168945,0.00040129330024643936,0.10041099966230578,0.00010041099966230578
296,blocks.0.attn.proj.weight,0.005490376614034176,10.408979415893555,0.0005274654118011174,0.10041099966230578,0.00010041099966230578
296,blocks.0.ln2.weight,0.00025148014537990093,16.091367721557617,1.5628264155754592e-05,0.10041099966230578,0.00010041099966230578
296,blocks.0.ln2.bias,0.00014362201909534633,0.133732870221138,0.0010739470322949165,0.10041099966230578,0.00010041099966230578
296,blocks.0.mlp.fc.weight,0.007768915966153145,19.706607818603516,0.0003942289833777839,0.10041099966230578,0.00010041099966230578
296,blocks.0.mlp.proj.weight,0.00799435842782259,11.243306159973145,0.0007110327081799375,0.10041099966230578,0.00010041099966230578
296,blocks.1.ln1.weight,0.00023628934286534786,16.395687103271484,1.4411676764567306e-05,0.10041099966230578,0.00010041099966230578
296,blocks.1.ln1.bias,0.00017816336185205728,0.20563426613807678,0.0008664089171381579,0.10041099966230578,0.00010041099966230578
296,blocks.1.attn.qkv.weight,0.0069880117662250996,17.838863372802734,0.00039172965340822575,0.10041099966230578,0.00010041099966230578
296,blocks.1.attn.proj.weight,0.004766643978655338,10.32151985168457,0.00046181609367121595,0.10041099966230578,0.00010041099966230578
296,blocks.1.ln2.weight,0.00035503425169736147,16.358917236328125,2.1702796497369514e-05,0.10041099966230578,0.00010041099966230578
296,blocks.1.ln2.bias,0.00022272751084528863,0.11786458641290665,0.0018896898349359446,0.10041099966230578,0.00010041099966230578
296,blocks.1.mlp.fc.weight,0.009046943858265877,20.026906967163086,0.00045173944599129337,0.10041099966230578,0.00010041099966230578
296,blocks.1.mlp.proj.weight,0.00709307286888361,11.313538551330566,0.0006269544083578323,0.10041099966230578,0.00010041099966230578
296,final_norm.weight,0.00043382917647249997,16.619583129882812,2.6103493275497875e-05,0.10041099966230578,0.00010041099966230578
296,final_norm.bias,0.00014534076035488397,0.1963152289390564,0.0007403437886077745,0.10041099966230578,0.00010041099966230578
296,lm_head.weight,0.0011550148483365774,3.7720744609832764,0.0003062014974209153,0.10041099966230578,0.00010041099966230578
297,token_embedding.weight,0.001194956712424755,85.49394989013672,1.3977090939888849e-05,0.10023120270969045,0.00010023120270969045
297,position_embedding.weight,0.0013365006307139993,89.36433410644531,1.4955637996720558e-05,0.10023120270969045,0.00010023120270969045
297,blocks.0.ln1.weight,0.00029500669916160405,16.41972541809082,1.796660368245595e-05,0.10023120270969045,0.00010023120270969045
297,blocks.0.ln1.bias,0.0002025511785177514,0.1725766509771347,0.0011736881980831488,0.10023120270969045,0.00010023120270969045
297,blocks.0.attn.qkv.weight,0.007504431996494532,18.01445198059082,0.0004165784229561666,0.10023120270969045,0.00010023120270969045
297,blocks.0.attn.proj.weight,0.005725419148802757,10.40890884399414,0.000550049888476613,0.10023120270969045,0.00010023120270969045
297,blocks.0.ln2.weight,0.0002595930709503591,16.09137535095215,1.613243525109757e-05,0.10023120270969045,0.00010023120270969045
297,blocks.0.ln2.bias,0.00021032361837569624,0.1337529569864273,0.0015724782697362461,0.10023120270969045,0.00010023120270969045
297,blocks.0.mlp.fc.weight,0.00849640928208828,19.706649780273438,0.0004311442775317824,0.10023120270969045,0.00010023120270969045
297,blocks.0.mlp.proj.weight,0.008461903780698776,11.243446350097656,0.0007526076540245622,0.10023120270969045,0.00010023120270969045
297,blocks.1.ln1.weight,0.0002473638451192528,16.395652770996094,1.50871605159158e-05,0.10023120270969045,0.00010023120270969045
297,blocks.1.ln1.bias,0.00024649823899380863,0.20560722053050995,0.001198879292062761,0.10023120270969045,0.00010023120270969045
297,blocks.1.attn.qkv.weight,0.007420977111905813,17.838878631591797,0.00041600020187161337,0.10023120270969045,0.00010023120270969045
297,blocks.1.attn.proj.weight,0.005114635452628136,10.321526527404785,0.0004955309119293277,0.10023120270969045,0.00010023120270969045
297,blocks.1.ln2.weight,0.00038882423541508615,16.35906219482422,2.3768125017464697e-05,0.10023120270969045,0.00010023120270969045
297,blocks.1.ln2.bias,0.000325974979205057,0.11787199229001999,0.002765499868707074,0.10023120270969045,0.00010023120270969045
297,blocks.1.mlp.fc.weight,0.009756096638739109,20.027332305908203,0.0004871391001916169,0.10023120270969045,0.00010023120270969045
297,blocks.1.mlp.proj.weight,0.007802043575793505,11.314085006713867,0.0006895867912573594,0.10023120270969045,0.00010023120270969045
297,final_norm.weight,0.0004197968519292772,16.619953155517578,2.5258606206713985e-05,0.10023120270969045,0.00010023120270969045
297,final_norm.bias,0.00022005919890943915,0.19636011123657227,0.0011206919649948345,0.10023120270969045,0.00010023120270969045
297,lm_head.weight,0.0011663209879770875,3.772429943084717,0.0003091696878598831,0.10023120270969045,0.00010023120270969045
298,token_embedding.weight,0.0011357022449374199,85.49390411376953,1.3284014301488567e-05,0.10010276164886145,0.00010010276164886145
298,position_embedding.weight,0.0012596328742802143,89.36418914794922,1.4095499397356833e-05,0.10010276164886145,0.00010010276164886145
298,blocks.0.ln1.weight,0.0002704680373426527,16.419700622558594,1.647216618377605e-05,0.10010276164886145,0.00010010276164886145
298,blocks.0.ln1.bias,0.0001963146060006693,0.1725633144378662,0.0011376381280055758,0.10010276164886145,0.00010010276164886145
298,blocks.0.attn.qkv.weight,0.006963461637496948,18.01445198059082,0.00038654862468195836,0.10010276164886145,0.00010010276164886145
298,blocks.0.attn.proj.weight,0.005310916341841221,10.408870697021484,0.000510229831499438,0.10010276164886145,0.00010010276164886145
298,blocks.0.ln2.weight,0.0002426347491564229,16.091400146484375,1.5078535549898579e-05,0.10010276164886145,0.00010010276164886145
298,blocks.0.ln2.bias,0.00018702063243836164,0.13380208611488342,0.0013977407816824817,0.10010276164886145,0.00010010276164886145
298,blocks.0.mlp.fc.weight,0.007924743928015232,19.70676612854004,0.00040213314941297927,0.10010276164886145,0.00010010276164886145
298,blocks.0.mlp.proj.weight,0.007920421659946442,11.243671417236328,0.0007044337535339111,0.10010276164886145,0.00010010276164886145
298,blocks.1.ln1.weight,0.00023043918190523982,16.39561653137207,1.405492629473821e-05,0.10010276164886145,0.00010010276164886145
298,blocks.1.ln1.bias,0.0002345279062865302,0.20555269718170166,0.0011409624368882616,0.10010276164886145,0.00010010276164886145
298,blocks.1.attn.qkv.weight,0.0068833050318062305,17.838899612426758,0.00038585928400039124,0.10010276164886145,0.00010010276164886145
298,blocks.1.attn.proj.weight,0.004795704502612352,10.321514129638672,0.00046463187884816397,0.10010276164886145,0.00010010276164886145
298,blocks.1.ln2.weight,0.00036618855665437877,16.35919761657715,2.2384261455665113e-05,0.10010276164886145,0.00010010276164886145
298,blocks.1.ln2.bias,0.00029547244776040316,0.11784739792346954,0.002507246260539215,0.10010276164886145,0.00010010276164886145
298,blocks.1.mlp.fc.weight,0.00912842620164156,20.02772331237793,0.00045578951033337745,0.10010276164886145,0.00010010276164886145
298,blocks.1.mlp.proj.weight,0.0073463199660182,11.314607620239258,0.000649277483814521,0.10010276164886145,0.00010010276164886145
298,final_norm.weight,0.00042135955300182104,16.620304107666016,2.5352096464194428e-05,0.10010276164886145,0.00010010276164886145
298,final_norm.bias,0.00020763874636031687,0.196418896317482,0.0010571220501292427,0.10010276164886145,0.00010010276164886145
298,lm_head.weight,0.0011948250466957688,3.7727646827697754,0.000316697474441547,0.10010276164886145,0.00010010276164886145
299,token_embedding.weight,0.0011766426032409072,85.4938735961914,1.3762887956141348e-05,0.10002569114558753,0.00010002569114558753
299,position_embedding.weight,0.0012716572964563966,89.36405944824219,1.423007531560157e-05,0.10002569114558753,0.00010002569114558753
299,blocks.0.ln1.weight,0.0002666083164513111,16.419681549072266,1.6237118585674314e-05,0.10002569114558753,0.00010002569114558753
299,blocks.0.ln1.bias,0.0002240883040940389,0.1725497841835022,0.0012986878259692758,0.10002569114558753,0.00010002569114558753
299,blocks.0.attn.qkv.weight,0.007025738246738911,18.014450073242188,0.00039000570198777375,0.10002569114558753,0.00010002569114558753
299,blocks.0.attn.proj.weight,0.005458975210785866,10.408848762512207,0.000524455233747464,0.10002569114558753,0.00010002569114558753
299,blocks.0.ln2.weight,0.00023825233802199364,16.091426849365234,1.48061660567644e-05,0.10002569114558753,0.00010002569114558753
299,blocks.0.ln2.bias,0.00020326435333117843,0.1338416486978531,0.0015186928381951427,0.10002569114558753,0.00010002569114558753
299,blocks.0.mlp.fc.weight,0.008002636022865772,19.706857681274414,0.00040608381875460156,0.10002569114558753,0.00010002569114558753
299,blocks.0.mlp.proj.weight,0.008196803741157055,11.243877410888672,0.0007290015215941849,0.10002569114558753,0.00010002569114558753
299,blocks.1.ln1.weight,0.0002312193246325478,16.395570755004883,1.4102548065425054e-05,0.10002569114558753,0.00010002569114558753
299,blocks.1.ln1.bias,0.00030095753027126193,0.20550069212913513,0.0014645085967918683,0.10002569114558753,0.00010002569114558753
299,blocks.1.attn.qkv.weight,0.007243289612233639,17.83887481689453,0.0004060396009603355,0.10002569114558753,0.00010002569114558753
299,blocks.1.attn.proj.weight,0.004907965660095215,10.321479797363281,0.00047550988389751295,0.10002569114558753,0.00010002569114558753
299,blocks.1.ln2.weight,0.0004002144851256162,16.359336853027344,2.4463979727364736e-05,0.10002569114558753,0.00010002569114558753
299,blocks.1.ln2.bias,0.00035748755908571184,0.11783011257648468,0.003033923597846257,0.10002569114558753,0.00010002569114558753
299,blocks.1.mlp.fc.weight,0.009662835858762264,20.028106689453125,0.00048246376997034213,0.10002569114558753,0.00010002569114558753
299,blocks.1.mlp.proj.weight,0.007819326594471931,11.31513500213623,0.0006910502254719009,0.10002569114558753,0.00010002569114558753
299,final_norm.weight,0.0004204826254863292,16.62066650390625,2.5298782415704e-05,0.10002569114558753,0.00010002569114558753
299,final_norm.bias,0.0002589056093711406,0.19646193087100983,0.0013178411116187762,0.10002569114558753,0.00010002569114558753
299,lm_head.weight,0.0011836482444778085,3.773130178451538,0.0003137045870395212,0.10002569114558753,0.00010002569114558753
300,token_embedding.weight,0.0011287829838693142,85.49382019042969,1.3203094461740508e-05,0.1,0.0001
300,position_embedding.weight,0.0012056500418111682,89.36392974853516,1.3491461769908542e-05,0.1,0.0001
300,blocks.0.ln1.weight,0.0002481967967469245,16.419675827026367,1.5115815888300538e-05,0.1,0.0001
300,blocks.0.ln1.bias,0.00020717708684969693,0.17252473533153534,0.0012008543960399093,0.1,0.0001
300,blocks.0.attn.qkv.weight,0.006579511798918247,18.014467239379883,0.00036523488102578887,0.1,0.0001
300,blocks.0.attn.proj.weight,0.005139498505741358,10.408843040466309,0.0004937627059760734,0.1,0.0001
300,blocks.0.ln2.weight,0.0002219349698862061,16.09145164489746,1.379210370722315e-05,0.1,0.0001
300,blocks.0.ln2.bias,0.00018132122932001948,0.13388198614120483,0.0013543362669226188,0.1,0.0001
300,blocks.0.mlp.fc.weight,0.007459919434040785,19.706958770751953,0.00037854239818637227,0.1,0.0001
300,blocks.0.mlp.proj.weight,0.007792288437485695,11.244107246398926,0.0006930108604202958,0.1,0.0001
300,blocks.1.ln1.weight,0.00021809007739648223,16.395524978637695,1.3301805076728324e-05,0.1,0.0001
300,blocks.1.ln1.bias,0.00028370803920552135,0.20541566610336304,0.001381141198166362,0.1,0.0001
300,blocks.1.attn.qkv.weight,0.006890999618917704,17.83885383605957,0.0003862916128046191,0.1,0.0001
300,blocks.1.attn.proj.weight,0.004811067134141922,10.321435928344727,0.00046612381916059795,0.1,0.0001
300,blocks.1.ln2.weight,0.0003796617966145277,16.359493255615234,2.3207430125269278e-05,0.1,0.0001
300,blocks.1.ln2.bias,0.00033370163873769343,0.11780624836683273,0.002832631064659312,0.1,0.0001
300,blocks.1.mlp.fc.weight,0.009289301000535488,20.02857780456543,0.00046380232741326087,0.1,0.0001
300,blocks.1.mlp.proj.weight,0.007598429918289185,11.315693855285645,0.0006714948296996591,0.1,0.0001
300,final_norm.weight,0.00041426782263442874,16.621013641357422,2.4924341654085245e-05,0.1,0.0001
300,final_norm.bias,0.000255335500696674,0.19654551148414612,0.0012991164171966903,0.1,0.0001
300,lm_head.weight,0.0011708542006090283,3.7734744548797607,0.00031028544504775943,0.1,0.0001
