step,train_loss,probe_loss,curve_loss,lr,lr_multiplier,schedule,width,seed,base_lr
1,3.4419162273406982,3.4589593410491943,3.4589593410491943,0.00016666666666666666,0.16666666666666666,cosine,256,10,0.001
2,3.650416851043701,,3.650416851043701,0.0003333333333333333,0.3333333333333333,cosine,256,10,0.001
3,3.483672618865967,,3.483672618865967,0.0005,0.5,cosine,256,10,0.001
4,3.2958991527557373,,3.2958991527557373,0.0006666666666666666,0.6666666666666666,cosine,256,10,0.001
5,2.892960786819458,,2.892960786819458,0.0008333333333333334,0.8333333333333334,cosine,256,10,0.001
6,2.6829769611358643,,2.6829769611358643,0.001,1.0,cosine,256,10,0.001
7,2.8788440227508545,,2.8788440227508545,0.0009999743088544126,0.9999743088544125,cosine,256,10,0.001
8,2.744805097579956,,2.744805097579956,0.0009998972383511385,0.9998972383511385,cosine,256,10,0.001
9,2.5087082386016846,,2.5087082386016846,0.0009997687972903096,0.9997687972903095,cosine,256,10,0.001
10,2.536996603012085,2.2398259043693542,2.2398259043693542,0.0009995890003376942,0.9995890003376942,cosine,256,10,0.001
11,2.2955727577209473,,2.2955727577209473,0.0009993578680230245,0.9993578680230245,cosine,256,10,0.001
12,2.4432477951049805,,2.4432477951049805,0.0009990754267376514,0.9990754267376514,cosine,256,10,0.001
13,2.268630266189575,,2.268630266189575,0.000998741708731531,0.998741708731531,cosine,256,10,0.001
14,2.379692554473877,,2.379692554473877,0.0009983567521095432,0.9983567521095431,cosine,256,10,0.001
15,2.0560595989227295,,2.0560595989227295,0.0009979206008271391,0.9979206008271392,cosine,256,10,0.001
16,2.083481550216675,,2.083481550216675,0.000997433304685324,0.9974333046853241,cosine,256,10,0.001
17,2.0582799911499023,,2.0582799911499023,0.0009968949193249696,0.9968949193249695,cosine,256,10,0.001
18,2.1436667442321777,,2.1436667442321777,0.0009963055062204608,0.9963055062204608,cosine,256,10,0.001
19,1.8251780271530151,,1.8251780271530151,0.000995665132672677,0.9956651326726771,cosine,256,10,0.001
20,1.9541507959365845,1.7612468600273132,1.7612468600273132,0.000994973871801308,0.9949738718013078,cosine,256,10,0.001
21,1.9453701972961426,,1.9453701972961426,0.0009942318025365027,0.9942318025365027,cosine,256,10,0.001
22,1.9517979621887207,,1.9517979621887207,0.0009934390096098592,0.9934390096098591,cosine,256,10,0.001
23,1.5858399868011475,,1.5858399868011475,0.0009925955835447487,0.9925955835447487,cosine,256,10,0.001
24,1.7753475904464722,,1.7753475904464722,0.0009917016206459795,0.9917016206459794,cosine,256,10,0.001
25,1.9960732460021973,,1.9960732460021973,0.0009907572229888,0.9907572229888,cosine,256,10,0.001
26,1.5012505054473877,,1.5012505054473877,0.0009897624984072447,0.9897624984072447,cosine,256,10,0.001
27,1.6412562131881714,,1.6412562131881714,0.0009887175604818205,0.9887175604818206,cosine,256,10,0.001
28,1.718597412109375,,1.718597412109375,0.000987622528526538,0.987622528526538,cosine,256,10,0.001
29,1.8371607065200806,,1.8371607065200806,0.0009864775275752876,0.9864775275752876,cosine,256,10,0.001
30,1.3932673931121826,1.5014806687831879,1.5014806687831879,0.0009852826883675633,0.9852826883675633,cosine,256,10,0.001
31,1.7144967317581177,,1.7144967317581177,0.000984038147333534,0.9840381473335341,cosine,256,10,0.001
32,1.7340514659881592,,1.7340514659881592,0.0009827440465784664,0.9827440465784664,cosine,256,10,0.001
33,1.8108901977539062,,1.8108901977539062,0.0009814005338664973,0.9814005338664973,cosine,256,10,0.001
34,1.425794243812561,,1.425794243812561,0.0009800077626037633,0.9800077626037633,cosine,256,10,0.001
35,1.7343723773956299,,1.7343723773956299,0.0009785658918208835,0.9785658918208835,cosine,256,10,0.001
36,1.622032642364502,,1.622032642364502,0.000977075086154801,0.9770750861548009,cosine,256,10,0.001
37,1.474578857421875,,1.474578857421875,0.000975535515829984,0.975535515829984,cosine,256,10,0.001
38,1.3165860176086426,,1.3165860176086426,0.00097394735663899,0.97394735663899,cosine,256,10,0.001
39,1.6366556882858276,,1.6366556882858276,0.0009723107899223921,0.9723107899223922,cosine,256,10,0.001
40,1.6226370334625244,1.4498473107814789,1.4498473107814789,0.000970626002548074,0.970626002548074,cosine,256,10,0.001
41,1.2202649116516113,,1.2202649116516113,0.0009688931868898919,0.9688931868898919,cosine,256,10,0.001
42,1.6354012489318848,,1.6354012489318848,0.0009671125408057098,0.9671125408057097,cosine,256,10,0.001
43,1.4579168558120728,,1.4579168558120728,0.0009652842676148067,0.9652842676148067,cosine,256,10,0.001
44,1.7134730815887451,,1.7134730815887451,0.0009634085760746613,0.9634085760746612,cosine,256,10,0.001
45,1.111527681350708,,1.111527681350708,0.0009614856803571156,0.9614856803571156,cosine,256,10,0.001
46,1.474850058555603,,1.474850058555603,0.00095951580002392,0.95951580002392,cosine,256,10,0.001
47,1.4289352893829346,,1.4289352893829346,0.000957499160001663,0.9574991600016629,cosine,256,10,0.001
48,1.2708215713500977,,1.2708215713500977,0.0009554359905560886,0.9554359905560885,cosine,256,10,0.001
49,1.2573941946029663,,1.2573941946029663,0.000953326527265804,0.953326527265804,cosine,256,10,0.001
50,1.5030429363250732,1.4241068065166473,1.4241068065166473,0.0009511710109953803,0.9511710109953803,cosine,256,10,0.001
51,1.441314935684204,,1.441314935684204,0.0009489696878678501,0.9489696878678501,cosine,256,10,0.001
52,1.1142076253890991,,1.1142076253890991,0.000946722809236604,0.946722809236604,cosine,256,10,0.001
53,1.4471486806869507,,1.4471486806869507,0.0009444306316566914,0.9444306316566914,cosine,256,10,0.001
54,1.4091037511825562,,1.4091037511825562,0.0009420934168555253,0.9420934168555253,cosine,256,10,0.001
55,1.3171435594558716,,1.3171435594558716,0.0009397114317029974,0.9397114317029974,cosine,256,10,0.001
56,0.9922854900360107,,0.9922854900360107,0.0009372849481810073,0.9372849481810073,cosine,256,10,0.001
57,1.5123450756072998,,1.5123450756072998,0.0009348142433524058,0.9348142433524058,cosine,256,10,0.001
58,1.272565484046936,,1.272565484046936,0.0009322995993293593,0.9322995993293592,cosine,256,10,0.001
59,1.1913646459579468,,1.1913646459579468,0.0009297413032411375,0.9297413032411375,cosine,256,10,0.001
60,0.966882050037384,1.2550197839736938,1.2550197839736938,0.0009271396472013282,0.9271396472013282,cosine,256,10,0.001
61,1.439050316810608,,1.439050316810608,0.0009244949282744832,0.9244949282744832,cosine,256,10,0.001
62,1.2949873208999634,,1.2949873208999634,0.0009218074484421977,0.9218074484421978,cosine,256,10,0.001
63,0.939625084400177,,0.939625084400177,0.0009190775145686302,0.9190775145686302,cosine,256,10,0.001
64,1.2846457958221436,,1.2846457958221436,0.0009163054383654632,0.9163054383654632,cosine,256,10,0.001
65,1.131738305091858,,1.131738305091858,0.0009134915363563116,0.9134915363563115,cosine,256,10,0.001
66,1.2386752367019653,,1.2386752367019653,0.0009106361298405805,0.9106361298405805,cosine,256,10,0.001
67,0.854451060295105,,0.854451060295105,0.000907739544856779,0.907739544856779,cosine,256,10,0.001
68,1.2343015670776367,,1.2343015670776367,0.0009048021121452915,0.9048021121452915,cosine,256,10,0.001
69,1.1817946434020996,,1.1817946434020996,0.0009018241671106134,0.9018241671106134,cosine,256,10,0.001
70,0.8628487586975098,1.167201429605484,1.167201429605484,0.0008988060497830534,0.8988060497830533,cosine,256,10,0.001
71,0.7232171893119812,,0.7232171893119812,0.0008957481047799075,0.8957481047799075,cosine,256,10,0.001
72,1.3225637674331665,,1.3225637674331665,0.0008926506812661105,0.8926506812661105,cosine,256,10,0.001
73,1.035460352897644,,1.035460352897644,0.0008895141329143666,0.8895141329143665,cosine,256,10,0.001
74,0.7148758769035339,,0.7148758769035339,0.0008863388178647659,0.8863388178647659,cosine,256,10,0.001
75,0.8849214911460876,,0.8849214911460876,0.000883125098683892,0.883125098683892,cosine,256,10,0.001
76,0.9286593198776245,,0.9286593198776245,0.0008798733423234219,0.8798733423234218,cosine,256,10,0.001
77,1.048206090927124,,1.048206090927124,0.0008765839200782269,0.8765839200782269,cosine,256,10,0.001
78,0.7515804171562195,,0.7515804171562195,0.0008732572075439775,0.8732572075439774,cosine,256,10,0.001
79,1.1148990392684937,,1.1148990392684937,0.0008698935845742558,0.8698935845742558,cosine,256,10,0.001
80,0.8927800059318542,1.0609718263149261,1.0609718263149261,0.0008664934352371838,0.8664934352371838,cosine,256,10,0.001
81,0.9048198461532593,,0.9048198461532593,0.0008630571477715689,0.8630571477715689,cosine,256,10,0.001
82,0.7940100431442261,,0.7940100431442261,0.0008595851145425734,0.8595851145425734,cosine,256,10,0.001
83,1.151340365409851,,1.151340365409851,0.0008560777319969136,0.8560777319969136,cosine,256,10,0.001
84,1.0426126718521118,,1.0426126718521118,0.0008525354006175926,0.8525354006175926,cosine,256,10,0.001
85,0.4961840510368347,,0.4961840510368347,0.0008489585248781707,0.8489585248781707,cosine,256,10,0.001
86,0.8046990633010864,,0.8046990633010864,0.0008453475131965832,0.8453475131965832,cosine,256,10,0.001
87,1.033157229423523,,1.033157229423523,0.0008417027778885047,0.8417027778885048,cosine,256,10,0.001
88,0.8557840585708618,,0.8557840585708618,0.0008380247351202708,0.8380247351202708,cosine,256,10,0.001
89,0.6112480759620667,,0.6112480759620667,0.0008343138048613576,0.8343138048613576,cosine,256,10,0.001
90,1.0233514308929443,1.1311106532812119,1.1311106532812119,0.0008305704108364302,0.8305704108364301,cosine,256,10,0.001
91,0.8845985531806946,,0.8845985531806946,0.0008267949804769588,0.8267949804769588,cosine,256,10,0.001
92,0.5882641077041626,,0.5882641077041626,0.0008229879448724149,0.8229879448724149,cosine,256,10,0.001
93,0.48292285203933716,,0.48292285203933716,0.0008191497387210473,0.8191497387210472,cosine,256,10,0.001
94,1.0479627847671509,,1.0479627847671509,0.000815280800280247,0.815280800280247,cosine,256,10,0.001
95,0.895410418510437,,0.895410418510437,0.0008113815713165063,0.8113815713165062,cosine,256,10,0.001
96,0.4897921085357666,,0.4897921085357666,0.0008074524970549763,0.8074524970549763,cosine,256,10,0.001
97,0.7404467463493347,,0.7404467463493347,0.0008034940261286298,0.8034940261286299,cosine,256,10,0.001
98,0.7073915004730225,,0.7073915004730225,0.0007995066105270354,0.7995066105270353,cosine,256,10,0.001
99,0.6724013686180115,,0.6724013686180115,0.0007954907055447469,0.7954907055447469,cosine,256,10,0.001
100,0.6714500784873962,1.1003397554159164,1.1003397554159164,0.0007914467697293183,0.7914467697293183,cosine,256,10,0.001
101,1.0933035612106323,,1.0933035612106323,0.0007873752648289441,0.7873752648289442,cosine,256,10,0.001
102,0.916157603263855,,0.916157603263855,0.0007832766557397363,0.7832766557397364,cosine,256,10,0.001
103,0.5305402874946594,,0.5305402874946594,0.0007791514104526405,0.7791514104526405,cosine,256,10,0.001
104,0.5805956125259399,,0.5805956125259399,0.0007750000000000001,0.775,cosine,256,10,0.001
105,0.8391322493553162,,0.8391322493553162,0.0007708228984017721,0.7708228984017721,cosine,256,10,0.001
106,0.9728279709815979,,0.9728279709815979,0.0007666205826114025,0.7666205826114024,cosine,256,10,0.001
107,0.5412285327911377,,0.5412285327911377,0.0007623935324613654,0.7623935324613653,cosine,256,10,0.001
108,0.5367329716682434,,0.5367329716682434,0.000758142230608376,0.7581422306083759,cosine,256,10,0.001
109,0.9726766347885132,,0.9726766347885132,0.0007538671624782777,0.7538671624782777,cosine,256,10,0.001
110,0.9696372151374817,1.0899682641029358,1.0899682641029358,0.000749568816210616,0.749568816210616,cosine,256,10,0.001
111,0.39907771348953247,,0.39907771348953247,0.0007452476826029011,0.7452476826029011,cosine,256,10,0.001
112,0.7456245422363281,,0.7456245422363281,0.0007409042550545667,0.7409042550545667,cosine,256,10,0.001
113,0.7198989987373352,,0.7198989987373352,0.000736539029510633,0.736539029510633,cosine,256,10,0.001
114,0.5113251805305481,,0.5113251805305481,0.0007321525044050772,0.7321525044050772,cosine,256,10,0.001
115,0.4030528664588928,,0.4030528664588928,0.0007277451806039224,0.7277451806039223,cosine,256,10,0.001
116,0.9450355172157288,,0.9450355172157288,0.0007233175613480459,0.7233175613480458,cosine,256,10,0.001
117,0.5832244157791138,,0.5832244157791138,0.0007188701521957184,0.7188701521957184,cosine,256,10,0.001
118,0.5758919715881348,,0.5758919715881348,0.0007144034609648779,0.7144034609648778,cosine,256,10,0.001
119,0.39383065700531006,,0.39383065700531006,0.000709917997675145,0.709917997675145,cosine,256,10,0.001
120,0.5550132393836975,1.001747503876686,1.001747503876686,0.0007054142744895884,0.7054142744895884,cosine,256,10,0.001
121,0.8120458126068115,,0.8120458126068115,0.000700892805656244,0.700892805656244,cosine,256,10,0.001
122,0.5010572075843811,,0.5010572075843811,0.0006963541074493962,0.6963541074493962,cosine,256,10,0.001
123,0.6313477754592896,,0.6313477754592896,0.0006917986981106295,0.6917986981106294,cosine,256,10,0.001
124,0.5595006346702576,,0.5595006346702576,0.0006872270977896524,0.6872270977896523,cosine,256,10,0.001
125,0.4650737941265106,,0.4650737941265106,0.000682639828484907,0.6826398284849069,cosine,256,10,0.001
126,0.3193715512752533,,0.3193715512752533,0.0006780374139839646,0.6780374139839646,cosine,256,10,0.001
127,0.631702184677124,,0.631702184677124,0.0006734203798037187,0.6734203798037187,cosine,256,10,0.001
128,0.923374354839325,,0.923374354839325,0.0006687892531303794,0.6687892531303794,cosine,256,10,0.001
129,0.410931795835495,,0.410931795835495,0.0006641445627592783,0.6641445627592782,cosine,256,10,0.001
130,0.49986952543258667,0.9593311250209808,0.9593311250209808,0.000659486839034489,0.6594868390344889,cosine,256,10,0.001
131,0.9037280082702637,,0.9037280082702637,0.0006548166137882704,0.6548166137882704,cosine,256,10,0.001
132,0.8023288249969482,,0.8023288249969482,0.0006501344202803415,0.6501344202803414,cosine,256,10,0.001
133,0.56365966796875,,0.56365966796875,0.0006454407931369917,0.6454407931369917,cosine,256,10,0.001
134,0.6228621006011963,,0.6228621006011963,0.000640736268290035,0.6407362682900349,cosine,256,10,0.001
135,0.6931679248809814,,0.6931679248809814,0.0006360213829156176,0.6360213829156176,cosine,256,10,0.001
136,0.6540611982345581,,0.6540611982345581,0.0006312966753728795,0.6312966753728795,cosine,256,10,0.001
137,0.3090246915817261,,0.3090246915817261,0.0006265626851424847,0.6265626851424847,cosine,256,10,0.001
138,0.4969688951969147,,0.4969688951969147,0.0006218199527650207,0.6218199527650207,cosine,256,10,0.001
139,0.5696825981140137,,0.5696825981140137,0.0006170690197792785,0.6170690197792785,cosine,256,10,0.001
140,0.5062147974967957,0.9391468577086926,0.9391468577086926,0.0006123104286604183,0.6123104286604183,cosine,256,10,0.001
141,0.587925910949707,,0.587925910949707,0.0006075447227580277,0.6075447227580277,cosine,256,10,0.001
142,0.4426709711551666,,0.4426709711551666,0.0006027724462340809,0.6027724462340809,cosine,256,10,0.001
143,0.5048114657402039,,0.5048114657402039,0.0005979941440008041,0.5979941440008041,cosine,256,10,0.001
144,0.3215540945529938,,0.3215540945529938,0.0005932103616584568,0.5932103616584568,cosine,256,10,0.001
145,0.5057159662246704,,0.5057159662246704,0.0005884216454330329,0.5884216454330329,cosine,256,10,0.001
146,0.565040111541748,,0.565040111541748,0.000583628542113891,0.5836285421138909,cosine,256,10,0.001
147,0.46467065811157227,,0.46467065811157227,0.0005788315989913209,0.5788315989913209,cosine,256,10,0.001
148,0.33085882663726807,,0.33085882663726807,0.0005740313637940521,0.5740313637940521,cosine,256,10,0.001
149,0.6195184588432312,,0.6195184588432312,0.0005692283846267126,0.5692283846267125,cosine,256,10,0.001
150,0.634472131729126,0.7331169210374355,0.7331169210374355,0.0005644232099072449,0.5644232099072449,cosine,256,10,0.001
151,0.4753991365432739,,0.4753991365432739,0.0005596163883042857,0.5596163883042857,cosine,256,10,0.001
152,0.4453590512275696,,0.4453590512275696,0.0005548084686745181,0.554808468674518,cosine,256,10,0.001
153,0.5880982875823975,,0.5880982875823975,0.00055,0.55,cosine,256,10,0.001
154,0.4977598786354065,,0.4977598786354065,0.0005451915313254822,0.5451915313254821,cosine,256,10,0.001
155,0.3784545063972473,,0.3784545063972473,0.0005403836116957143,0.5403836116957144,cosine,256,10,0.001
156,0.4727274179458618,,0.4727274179458618,0.0005355767900927552,0.5355767900927552,cosine,256,10,0.001
157,0.6179815530776978,,0.6179815530776978,0.0005307716153732876,0.5307716153732875,cosine,256,10,0.001
158,0.32910916209220886,,0.32910916209220886,0.0005259686362059481,0.525968636205948,cosine,256,10,0.001
159,0.26161617040634155,,0.26161617040634155,0.0005211684010086792,0.5211684010086792,cosine,256,10,0.001
160,0.6049998998641968,0.6780670844018459,0.6780670844018459,0.0005163714578861091,0.516371457886109,cosine,256,10,0.001
161,0.6073954701423645,,0.6073954701423645,0.0005115783545669671,0.5115783545669671,cosine,256,10,0.001
162,0.4467100203037262,,0.4467100203037262,0.0005067896383415433,0.5067896383415432,cosine,256,10,0.001
163,0.23024258017539978,,0.23024258017539978,0.0005020058559991959,0.5020058559991959,cosine,256,10,0.001
164,0.43268996477127075,,0.43268996477127075,0.0004972275537659192,0.4972275537659192,cosine,256,10,0.001
165,0.4738921523094177,,0.4738921523094177,0.0004924552772419723,0.49245527724197224,cosine,256,10,0.001
166,0.5129013657569885,,0.5129013657569885,0.0004876895713395816,0.4876895713395816,cosine,256,10,0.001
167,0.4572610855102539,,0.4572610855102539,0.00048293098022072144,0.48293098022072145,cosine,256,10,0.001
168,0.5400855541229248,,0.5400855541229248,0.0004781800472349794,0.4781800472349794,cosine,256,10,0.001
169,0.4508855938911438,,0.4508855938911438,0.0004734373148575154,0.4734373148575154,cosine,256,10,0.001
170,0.36645030975341797,0.763030543923378,0.763030543923378,0.0004687033246271206,0.4687033246271206,cosine,256,10,0.001
171,0.3773401975631714,,0.3773401975631714,0.0004639786170843826,0.4639786170843826,cosine,256,10,0.001
172,0.5917173624038696,,0.5917173624038696,0.00045926373170996514,0.45926373170996515,cosine,256,10,0.001
173,0.559884786605835,,0.559884786605835,0.00045455920686300854,0.45455920686300855,cosine,256,10,0.001
174,0.28530454635620117,,0.28530454635620117,0.0004498655797196586,0.44986557971965857,cosine,256,10,0.001
175,0.48727139830589294,,0.48727139830589294,0.00044518338621172973,0.4451833862117297,cosine,256,10,0.001
176,0.3781646192073822,,0.3781646192073822,0.00044051316096551117,0.4405131609655112,cosine,256,10,0.001
177,0.26587623357772827,,0.26587623357772827,0.00043585543724072173,0.43585543724072173,cosine,256,10,0.001
178,0.28726404905319214,,0.28726404905319214,0.0004312107468696206,0.4312107468696206,cosine,256,10,0.001
179,0.36645814776420593,,0.36645814776420593,0.0004265796201962815,0.4265796201962815,cosine,256,10,0.001
180,0.3091830909252167,0.6427786126732826,0.6427786126732826,0.00042196258601603546,0.4219625860160354,cosine,256,10,0.001
181,0.2659493684768677,,0.2659493684768677,0.00041736017151509306,0.4173601715150931,cosine,256,10,0.001
182,0.283510684967041,,0.283510684967041,0.0004127729022103478,0.4127729022103478,cosine,256,10,0.001
183,0.4895247220993042,,0.4895247220993042,0.0004082013018893708,0.40820130188937076,cosine,256,10,0.001
184,0.30007949471473694,,0.30007949471473694,0.0004036458925506039,0.4036458925506039,cosine,256,10,0.001
185,0.18047136068344116,,0.18047136068344116,0.0003991071943437561,0.3991071943437561,cosine,256,10,0.001
186,0.4043407142162323,,0.4043407142162323,0.0003945857255104116,0.3945857255104116,cosine,256,10,0.001
187,0.34428635239601135,,0.34428635239601135,0.00039008200232485514,0.3900820023248551,cosine,256,10,0.001
188,0.36376953125,,0.36376953125,0.00038559653903512224,0.38559653903512225,cosine,256,10,0.001
189,0.3273441791534424,,0.3273441791534424,0.0003811298478042817,0.3811298478042817,cosine,256,10,0.001
190,0.3387988805770874,0.6529679670929909,0.6529679670929909,0.00037668243865195415,0.37668243865195417,cosine,256,10,0.001
191,0.45049676299095154,,0.45049676299095154,0.00037225481939607766,0.37225481939607763,cosine,256,10,0.001
192,0.214569091796875,,0.214569091796875,0.0003678474955949228,0.3678474955949228,cosine,256,10,0.001
193,0.35787877440452576,,0.35787877440452576,0.0003634609704893671,0.3634609704893671,cosine,256,10,0.001
194,0.3758922815322876,,0.3758922815322876,0.00035909574494543306,0.35909574494543306,cosine,256,10,0.001
195,0.3733093738555908,,0.3733093738555908,0.0003547523173970989,0.3547523173970989,cosine,256,10,0.001
196,0.3002539575099945,,0.3002539575099945,0.000350431183789384,0.350431183789384,cosine,256,10,0.001
197,0.5807888507843018,,0.5807888507843018,0.0003461328375217223,0.3461328375217223,cosine,256,10,0.001
198,0.3786461353302002,,0.3786461353302002,0.0003418577693916243,0.34185776939162427,cosine,256,10,0.001
199,0.2869921922683716,,0.2869921922683716,0.00033760646753863466,0.33760646753863466,cosine,256,10,0.001
200,0.32938897609710693,0.6355712115764618,0.6355712115764618,0.0003333794173885978,0.33337941738859783,cosine,256,10,0.001
201,0.23751145601272583,,0.23751145601272583,0.0003291771015982281,0.3291771015982281,cosine,256,10,0.001
202,0.31880372762680054,,0.31880372762680054,0.00032500000000000015,0.3250000000000001,cosine,256,10,0.001
203,0.35950809717178345,,0.35950809717178345,0.00032084858954735965,0.3208485895473596,cosine,256,10,0.001
204,0.3715876042842865,,0.3715876042842865,0.0003167233442602637,0.3167233442602637,cosine,256,10,0.001
205,0.2270253300666809,,0.2270253300666809,0.00031262473517105593,0.31262473517105593,cosine,256,10,0.001
206,0.37164783477783203,,0.37164783477783203,0.00030855323027068174,0.3085532302706817,cosine,256,10,0.001
207,0.15413165092468262,,0.15413165092468262,0.00030450929445525316,0.30450929445525315,cosine,256,10,0.001
208,0.3963986039161682,,0.3963986039161682,0.0003004933894729647,0.3004933894729647,cosine,256,10,0.001
209,0.2849481999874115,,0.2849481999874115,0.0002965059738713701,0.2965059738713701,cosine,256,10,0.001
210,0.18067842721939087,0.5276727378368378,0.5276727378368378,0.0002925475029450237,0.29254750294502374,cosine,256,10,0.001
211,0.18763568997383118,,0.18763568997383118,0.00028861842868349374,0.28861842868349374,cosine,256,10,0.001
212,0.25497233867645264,,0.25497233867645264,0.0002847191997197531,0.2847191997197531,cosine,256,10,0.001
213,0.2330569326877594,,0.2330569326877594,0.00028085026127895287,0.28085026127895285,cosine,256,10,0.001
214,0.23270829021930695,,0.23270829021930695,0.0002770120551275851,0.2770120551275851,cosine,256,10,0.001
215,0.30707424879074097,,0.30707424879074097,0.00027320501952304133,0.2732050195230413,cosine,256,10,0.001
216,0.31697458028793335,,0.31697458028793335,0.00026942958916356994,0.26942958916356996,cosine,256,10,0.001
217,0.32707446813583374,,0.32707446813583374,0.00026568619513864244,0.26568619513864244,cosine,256,10,0.001
218,0.2950064539909363,,0.2950064539909363,0.0002619752648797292,0.2619752648797292,cosine,256,10,0.001
219,0.30985692143440247,,0.30985692143440247,0.0002582972221114953,0.2582972221114953,cosine,256,10,0.001
220,0.44063201546669006,0.5072797164320946,0.5072797164320946,0.0002546524868034169,0.25465248680341684,cosine,256,10,0.001
221,0.23914991319179535,,0.23914991319179535,0.0002510414751218293,0.2510414751218293,cosine,256,10,0.001
222,0.1770036518573761,,0.1770036518573761,0.00024746459938240745,0.24746459938240742,cosine,256,10,0.001
223,0.23695558309555054,,0.23695558309555054,0.0002439222680030862,0.2439222680030862,cosine,256,10,0.001
224,0.4379119277000427,,0.4379119277000427,0.0002404148854574266,0.24041488545742662,cosine,256,10,0.001
225,0.2497871071100235,,0.2497871071100235,0.00023694285222843116,0.23694285222843114,cosine,256,10,0.001
226,0.2774369716644287,,0.2774369716644287,0.00023350656476281615,0.23350656476281614,cosine,256,10,0.001
227,0.37391364574432373,,0.37391364574432373,0.0002301064154257443,0.2301064154257443,cosine,256,10,0.001
228,0.27766191959381104,,0.27766191959381104,0.00022674279245602264,0.22674279245602263,cosine,256,10,0.001
229,0.2501060962677002,,0.2501060962677002,0.00022341607992177316,0.22341607992177315,cosine,256,10,0.001
230,0.41959065198898315,0.4935847669839859,0.4935847669839859,0.0002201266576765783,0.2201266576765783,cosine,256,10,0.001
231,0.4314132332801819,,0.4314132332801819,0.00021687490131610816,0.21687490131610815,cosine,256,10,0.001
232,0.1831967681646347,,0.1831967681646347,0.0002136611821352341,0.2136611821352341,cosine,256,10,0.001
233,0.21048863232135773,,0.21048863232135773,0.00021048586708563355,0.21048586708563355,cosine,256,10,0.001
234,0.2821328639984131,,0.2821328639984131,0.00020734931873388952,0.2073493187338895,cosine,256,10,0.001
235,0.4287460148334503,,0.4287460148334503,0.00020425189522009263,0.20425189522009263,cosine,256,10,0.001
236,0.865669846534729,,0.865669846534729,0.00020119395021694675,0.20119395021694675,cosine,256,10,0.001
237,0.7039881944656372,,0.7039881944656372,0.00019817583288938664,0.19817583288938664,cosine,256,10,0.001
238,0.789849042892456,,0.789849042892456,0.00019519788785470852,0.1951978878547085,cosine,256,10,0.001
239,0.5139447450637817,,0.5139447450637817,0.0001922604551432211,0.1922604551432211,cosine,256,10,0.001
240,0.6441282033920288,0.35098370909690857,0.35098370909690857,0.00018936387015941957,0.18936387015941958,cosine,256,10,0.001
241,0.7248579263687134,,0.7248579263687134,0.00018650846364368852,0.1865084636436885,cosine,256,10,0.001
242,0.5277161002159119,,0.5277161002159119,0.00018369456163453682,0.18369456163453682,cosine,256,10,0.001
243,0.5449703931808472,,0.5449703931808472,0.00018092248543136985,0.18092248543136985,cosine,256,10,0.001
244,0.6610527038574219,,0.6610527038574219,0.00017819255155780234,0.17819255155780234,cosine,256,10,0.001
245,0.7131337523460388,,0.7131337523460388,0.00017550507172551684,0.17550507172551683,cosine,256,10,0.001
246,0.3414917290210724,,0.3414917290210724,0.00017286035279867173,0.17286035279867173,cosine,256,10,0.001
247,0.33578839898109436,,0.33578839898109436,0.00017025869675886253,0.17025869675886252,cosine,256,10,0.001
248,0.43684396147727966,,0.43684396147727966,0.00016770040067064075,0.16770040067064074,cosine,256,10,0.001
249,0.21989284455776215,,0.21989284455776215,0.00016518575664759428,0.16518575664759427,cosine,256,10,0.001
250,0.2146465927362442,0.24531682580709457,0.24531682580709457,0.00016271505181899272,0.1627150518189927,cosine,256,10,0.001
251,0.46373119950294495,,0.46373119950294495,0.00016028856829700258,0.16028856829700258,cosine,256,10,0.001
252,0.3221505284309387,,0.3221505284309387,0.0001579065831444748,0.15790658314447478,cosine,256,10,0.001
253,0.4078812301158905,,0.4078812301158905,0.0001555693683433085,0.1555693683433085,cosine,256,10,0.001
254,0.12596425414085388,,0.12596425414085388,0.00015327719076339594,0.15327719076339594,cosine,256,10,0.001
255,0.2842652499675751,,0.2842652499675751,0.00015103031213214996,0.15103031213214996,cosine,256,10,0.001
256,0.3369303345680237,,0.3369303345680237,0.00014882898900461976,0.14882898900461974,cosine,256,10,0.001
257,0.2266705185174942,,0.2266705185174942,0.00014667347273419608,0.14667347273419606,cosine,256,10,0.001
258,0.29049253463745117,,0.29049253463745117,0.00014456400944391147,0.14456400944391146,cosine,256,10,0.001
259,0.3276703357696533,,0.3276703357696533,0.00014250083999833716,0.14250083999833715,cosine,256,10,0.001
260,0.3504461646080017,0.23847586661577225,0.23847586661577225,0.0001404841999760801,0.14048419997608008,cosine,256,10,0.001
261,0.25361111760139465,,0.25361111760139465,0.00013851431964288444,0.13851431964288444,cosine,256,10,0.001
262,0.4983519911766052,,0.4983519911766052,0.00013659142392533874,0.13659142392533874,cosine,256,10,0.001
263,0.2529011070728302,,0.2529011070728302,0.00013471573238519336,0.13471573238519335,cosine,256,10,0.001
264,0.31194478273391724,,0.31194478273391724,0.00013288745919429028,0.13288745919429026,cosine,256,10,0.001
265,0.20181620121002197,,0.20181620121002197,0.00013110681311010814,0.13110681311010813,cosine,256,10,0.001
266,0.23642320930957794,,0.23642320930957794,0.00012937399745192605,0.12937399745192604,cosine,256,10,0.001
267,0.19988369941711426,,0.19988369941711426,0.00012768921007760787,0.12768921007760786,cosine,256,10,0.001
268,0.14573661983013153,,0.14573661983013153,0.00012605264336101,0.12605264336101,cosine,256,10,0.001
269,0.2024661898612976,,0.2024661898612976,0.00012446448417001603,0.12446448417001603,cosine,256,10,0.001
270,0.15986862778663635,0.2238257322460413,0.2238257322460413,0.00012292491384519912,0.12292491384519912,cosine,256,10,0.001
271,0.23206086456775665,,0.23206086456775665,0.0001214341081791165,0.1214341081791165,cosine,256,10,0.001
272,0.19061319530010223,,0.19061319530010223,0.00011999223739623666,0.11999223739623666,cosine,256,10,0.001
273,0.29464834928512573,,0.29464834928512573,0.00011859946613350275,0.11859946613350275,cosine,256,10,0.001
274,0.17680853605270386,,0.17680853605270386,0.00011725595342153371,0.1172559534215337,cosine,256,10,0.001
275,0.2378687858581543,,0.2378687858581543,0.00011596185266646594,0.11596185266646594,cosine,256,10,0.001
276,0.10661047697067261,,0.10661047697067261,0.00011471731163243675,0.11471731163243676,cosine,256,10,0.001
277,0.28713953495025635,,0.28713953495025635,0.00011352247242471242,0.11352247242471242,cosine,256,10,0.001
278,0.1768224984407425,,0.1768224984407425,0.00011237747147346202,0.11237747147346203,cosine,256,10,0.001
279,0.24049727618694305,,0.24049727618694305,0.00011128243951817938,0.11128243951817937,cosine,256,10,0.001
280,0.12970580160617828,0.20663197711110115,0.20663197711110115,0.00011023750159275521,0.11023750159275521,cosine,256,10,0.001
281,0.23934084177017212,,0.23934084177017212,0.00010924277701119999,0.10924277701119998,cosine,256,10,0.001
282,0.2940928339958191,,0.2940928339958191,0.00010829837935402057,0.10829837935402056,cosine,256,10,0.001
283,0.15049228072166443,,0.15049228072166443,0.00010740441645525128,0.10740441645525128,cosine,256,10,0.001
284,0.19823160767555237,,0.19823160767555237,0.00010656099039014087,0.10656099039014086,cosine,256,10,0.001
285,0.23010948300361633,,0.23010948300361633,0.00010576819746349742,0.10576819746349743,cosine,256,10,0.001
286,0.36986586451530457,,0.36986586451530457,0.00010502612819869217,0.10502612819869217,cosine,256,10,0.001
287,0.14867861568927765,,0.14867861568927765,0.00010433486732732288,0.10433486732732289,cosine,256,10,0.001
288,0.37749573588371277,,0.37749573588371277,0.00010369449377953928,0.10369449377953928,cosine,256,10,0.001
289,0.25250303745269775,,0.25250303745269775,0.00010310508067503047,0.10310508067503046,cosine,256,10,0.001
290,0.12900380790233612,0.18858246318995953,0.18858246318995953,0.0001025666953146759,0.10256669531467591,cosine,256,10,0.001
291,0.20939598977565765,,0.20939598977565765,0.0001020793991728608,0.1020793991728608,cosine,256,10,0.001
292,0.15466903150081635,,0.15466903150081635,0.0001016432478904569,0.1016432478904569,cosine,256,10,0.001
293,0.22747786343097687,,0.22747786343097687,0.00010125829126846895,0.10125829126846894,cosine,256,10,0.001
294,0.16309979557991028,,0.16309979557991028,0.00010092457326234867,0.10092457326234866,cosine,256,10,0.001
295,0.18050435185432434,,0.18050435185432434,0.00010064213197697547,0.10064213197697547,cosine,256,10,0.001
296,0.2255638688802719,,0.2255638688802719,0.00010041099966230578,0.10041099966230578,cosine,256,10,0.001
297,0.2880019545555115,,0.2880019545555115,0.00010023120270969045,0.10023120270969045,cosine,256,10,0.001
298,0.10103029757738113,,0.10103029757738113,0.00010010276164886145,0.10010276164886145,cosine,256,10,0.001
299,0.2715771794319153,,0.2715771794319153,0.00010002569114558753,0.10002569114558753,cosine,256,10,0.001
300,0.19113463163375854,0.17832403257489204,0.17832403257489204,0.0001,0.1,cosine,256,10,0.001
1,3.4637770652770996,3.392329752445221,3.392329752445221,0.00016666666666666666,0.16666666666666666,cosine,256,11,0.001
2,3.4360437393188477,,3.4360437393188477,0.0003333333333333333,0.3333333333333333,cosine,256,11,0.001
3,3.3996734619140625,,3.3996734619140625,0.0005,0.5,cosine,256,11,0.001
4,3.2917823791503906,,3.2917823791503906,0.0006666666666666666,0.6666666666666666,cosine,256,11,0.001
5,3.060009241104126,,3.060009241104126,0.0008333333333333334,0.8333333333333334,cosine,256,11,0.001
6,2.7945196628570557,,2.7945196628570557,0.001,1.0,cosine,256,11,0.001
7,2.654517412185669,,2.654517412185669,0.0009999743088544126,0.9999743088544125,cosine,256,11,0.001
8,2.763272523880005,,2.763272523880005,0.0009998972383511385,0.9998972383511385,cosine,256,11,0.001
9,2.4726526737213135,,2.4726526737213135,0.0009997687972903096,0.9997687972903095,cosine,256,11,0.001
10,2.5273361206054688,2.202564775943756,2.202564775943756,0.0009995890003376942,0.9995890003376942,cosine,256,11,0.001
11,2.3916513919830322,,2.3916513919830322,0.0009993578680230245,0.9993578680230245,cosine,256,11,0.001
12,2.6256320476531982,,2.6256320476531982,0.0009990754267376514,0.9990754267376514,cosine,256,11,0.001
13,2.2544891834259033,,2.2544891834259033,0.000998741708731531,0.998741708731531,cosine,256,11,0.001
14,2.359017848968506,,2.359017848968506,0.0009983567521095432,0.9983567521095431,cosine,256,11,0.001
15,1.8665066957473755,,1.8665066957473755,0.0009979206008271391,0.9979206008271392,cosine,256,11,0.001
16,2.3004448413848877,,2.3004448413848877,0.000997433304685324,0.9974333046853241,cosine,256,11,0.001
17,2.144582748413086,,2.144582748413086,0.0009968949193249696,0.9968949193249695,cosine,256,11,0.001
18,2.124793529510498,,2.124793529510498,0.0009963055062204608,0.9963055062204608,cosine,256,11,0.001
19,1.956613540649414,,1.956613540649414,0.000995665132672677,0.9956651326726771,cosine,256,11,0.001
20,1.8901346921920776,1.7437605261802673,1.7437605261802673,0.000994973871801308,0.9949738718013078,cosine,256,11,0.001
21,2.0494768619537354,,2.0494768619537354,0.0009942318025365027,0.9942318025365027,cosine,256,11,0.001
22,2.0866587162017822,,2.0866587162017822,0.0009934390096098592,0.9934390096098591,cosine,256,11,0.001
23,1.7077605724334717,,1.7077605724334717,0.0009925955835447487,0.9925955835447487,cosine,256,11,0.001
24,1.7742384672164917,,1.7742384672164917,0.0009917016206459795,0.9917016206459794,cosine,256,11,0.001
25,1.8291409015655518,,1.8291409015655518,0.0009907572229888,0.9907572229888,cosine,256,11,0.001
26,1.6244091987609863,,1.6244091987609863,0.0009897624984072447,0.9897624984072447,cosine,256,11,0.001
27,1.623175024986267,,1.623175024986267,0.0009887175604818205,0.9887175604818206,cosine,256,11,0.001
28,1.7900640964508057,,1.7900640964508057,0.000987622528526538,0.987622528526538,cosine,256,11,0.001
29,1.8446266651153564,,1.8446266651153564,0.0009864775275752876,0.9864775275752876,cosine,256,11,0.001
30,1.539847731590271,1.4754159450531006,1.4754159450531006,0.0009852826883675633,0.9852826883675633,cosine,256,11,0.001
31,1.7351417541503906,,1.7351417541503906,0.000984038147333534,0.9840381473335341,cosine,256,11,0.001
32,1.7463786602020264,,1.7463786602020264,0.0009827440465784664,0.9827440465784664,cosine,256,11,0.001
33,1.7898300886154175,,1.7898300886154175,0.0009814005338664973,0.9814005338664973,cosine,256,11,0.001
34,1.5217933654785156,,1.5217933654785156,0.0009800077626037633,0.9800077626037633,cosine,256,11,0.001
35,1.7084466218948364,,1.7084466218948364,0.0009785658918208835,0.9785658918208835,cosine,256,11,0.001
36,1.7226667404174805,,1.7226667404174805,0.000977075086154801,0.9770750861548009,cosine,256,11,0.001
37,1.5522327423095703,,1.5522327423095703,0.000975535515829984,0.975535515829984,cosine,256,11,0.001
38,1.4125734567642212,,1.4125734567642212,0.00097394735663899,0.97394735663899,cosine,256,11,0.001
39,1.556947112083435,,1.556947112083435,0.0009723107899223921,0.9723107899223922,cosine,256,11,0.001
40,1.6243484020233154,1.4105976819992065,1.4105976819992065,0.000970626002548074,0.970626002548074,cosine,256,11,0.001
41,1.3528709411621094,,1.3528709411621094,0.0009688931868898919,0.9688931868898919,cosine,256,11,0.001
42,1.625054121017456,,1.625054121017456,0.0009671125408057098,0.9671125408057097,cosine,256,11,0.001
43,1.4848151206970215,,1.4848151206970215,0.0009652842676148067,0.9652842676148067,cosine,256,11,0.001
44,1.6395812034606934,,1.6395812034606934,0.0009634085760746613,0.9634085760746612,cosine,256,11,0.001
45,1.1408498287200928,,1.1408498287200928,0.0009614856803571156,0.9614856803571156,cosine,256,11,0.001
46,1.525691270828247,,1.525691270828247,0.00095951580002392,0.95951580002392,cosine,256,11,0.001
47,1.538013219833374,,1.538013219833374,0.000957499160001663,0.9574991600016629,cosine,256,11,0.001
48,1.2499446868896484,,1.2499446868896484,0.0009554359905560886,0.9554359905560885,cosine,256,11,0.001
49,1.1514002084732056,,1.1514002084732056,0.000953326527265804,0.953326527265804,cosine,256,11,0.001
50,1.4609382152557373,1.3772610127925873,1.3772610127925873,0.0009511710109953803,0.9511710109953803,cosine,256,11,0.001
51,1.7166800498962402,,1.7166800498962402,0.0009489696878678501,0.9489696878678501,cosine,256,11,0.001
52,1.1292110681533813,,1.1292110681533813,0.000946722809236604,0.946722809236604,cosine,256,11,0.001
53,1.333062767982483,,1.333062767982483,0.0009444306316566914,0.9444306316566914,cosine,256,11,0.001
54,1.4189424514770508,,1.4189424514770508,0.0009420934168555253,0.9420934168555253,cosine,256,11,0.001
55,1.3740400075912476,,1.3740400075912476,0.0009397114317029974,0.9397114317029974,cosine,256,11,0.001
56,1.0035691261291504,,1.0035691261291504,0.0009372849481810073,0.9372849481810073,cosine,256,11,0.001
57,1.4271973371505737,,1.4271973371505737,0.0009348142433524058,0.9348142433524058,cosine,256,11,0.001
58,1.2942613363265991,,1.2942613363265991,0.0009322995993293593,0.9322995993293592,cosine,256,11,0.001
59,1.1358065605163574,,1.1358065605163574,0.0009297413032411375,0.9297413032411375,cosine,256,11,0.001
60,1.059553623199463,1.261091336607933,1.261091336607933,0.0009271396472013282,0.9271396472013282,cosine,256,11,0.001
61,1.4067096710205078,,1.4067096710205078,0.0009244949282744832,0.9244949282744832,cosine,256,11,0.001
62,1.4759069681167603,,1.4759069681167603,0.0009218074484421977,0.9218074484421978,cosine,256,11,0.001
63,0.8679820895195007,,0.8679820895195007,0.0009190775145686302,0.9190775145686302,cosine,256,11,0.001
64,1.094571828842163,,1.094571828842163,0.0009163054383654632,0.9163054383654632,cosine,256,11,0.001
65,1.2027215957641602,,1.2027215957641602,0.0009134915363563116,0.9134915363563115,cosine,256,11,0.001
66,1.2171088457107544,,1.2171088457107544,0.0009106361298405805,0.9106361298405805,cosine,256,11,0.001
67,0.9728456735610962,,0.9728456735610962,0.000907739544856779,0.907739544856779,cosine,256,11,0.001
68,1.1465797424316406,,1.1465797424316406,0.0009048021121452915,0.9048021121452915,cosine,256,11,0.001
69,1.125502347946167,,1.125502347946167,0.0009018241671106134,0.9018241671106134,cosine,256,11,0.001
70,1.041182041168213,1.1928598135709763,1.1928598135709763,0.0008988060497830534,0.8988060497830533,cosine,256,11,0.001
71,0.9136413335800171,,0.9136413335800171,0.0008957481047799075,0.8957481047799075,cosine,256,11,0.001
72,1.4080740213394165,,1.4080740213394165,0.0008926506812661105,0.8926506812661105,cosine,256,11,0.001
73,1.063865065574646,,1.063865065574646,0.0008895141329143666,0.8895141329143665,cosine,256,11,0.001
74,0.7380183339118958,,0.7380183339118958,0.0008863388178647659,0.8863388178647659,cosine,256,11,0.001
75,0.8647652864456177,,0.8647652864456177,0.000883125098683892,0.883125098683892,cosine,256,11,0.001
76,1.0906879901885986,,1.0906879901885986,0.0008798733423234219,0.8798733423234218,cosine,256,11,0.001
77,1.0643311738967896,,1.0643311738967896,0.0008765839200782269,0.8765839200782269,cosine,256,11,0.001
78,0.7703342437744141,,0.7703342437744141,0.0008732572075439775,0.8732572075439774,cosine,256,11,0.001
79,1.1438912153244019,,1.1438912153244019,0.0008698935845742558,0.8698935845742558,cosine,256,11,0.001
80,0.8754557371139526,1.1194861680269241,1.1194861680269241,0.0008664934352371838,0.8664934352371838,cosine,256,11,0.001
81,0.8288108706474304,,0.8288108706474304,0.0008630571477715689,0.8630571477715689,cosine,256,11,0.001
82,0.8090760111808777,,0.8090760111808777,0.0008595851145425734,0.8595851145425734,cosine,256,11,0.001
83,1.1210875511169434,,1.1210875511169434,0.0008560777319969136,0.8560777319969136,cosine,256,11,0.001
84,1.1357731819152832,,1.1357731819152832,0.0008525354006175926,0.8525354006175926,cosine,256,11,0.001
85,0.6849086284637451,,0.6849086284637451,0.0008489585248781707,0.8489585248781707,cosine,256,11,0.001
86,0.8296971917152405,,0.8296971917152405,0.0008453475131965832,0.8453475131965832,cosine,256,11,0.001
87,0.9057546854019165,,0.9057546854019165,0.0008417027778885047,0.8417027778885048,cosine,256,11,0.001
88,1.0484939813613892,,1.0484939813613892,0.0008380247351202708,0.8380247351202708,cosine,256,11,0.001
89,0.5548835396766663,,0.5548835396766663,0.0008343138048613576,0.8343138048613576,cosine,256,11,0.001
90,0.8685667514801025,1.0591204166412354,1.0591204166412354,0.0008305704108364302,0.8305704108364301,cosine,256,11,0.001
91,0.8381797671318054,,0.8381797671318054,0.0008267949804769588,0.8267949804769588,cosine,256,11,0.001
92,0.7693871259689331,,0.7693871259689331,0.0008229879448724149,0.8229879448724149,cosine,256,11,0.001
93,0.5392383337020874,,0.5392383337020874,0.0008191497387210473,0.8191497387210472,cosine,256,11,0.001
94,0.9915152192115784,,0.9915152192115784,0.000815280800280247,0.815280800280247,cosine,256,11,0.001
95,0.806830644607544,,0.806830644607544,0.0008113815713165063,0.8113815713165062,cosine,256,11,0.001
96,0.3917837142944336,,0.3917837142944336,0.0008074524970549763,0.8074524970549763,cosine,256,11,0.001
97,0.6069138050079346,,0.6069138050079346,0.0008034940261286298,0.8034940261286299,cosine,256,11,0.001
98,0.8591139912605286,,0.8591139912605286,0.0007995066105270354,0.7995066105270353,cosine,256,11,0.001
99,0.8521132469177246,,0.8521132469177246,0.0007954907055447469,0.7954907055447469,cosine,256,11,0.001
100,0.623568058013916,0.9589449241757393,0.9589449241757393,0.0007914467697293183,0.7914467697293183,cosine,256,11,0.001
101,1.0750174522399902,,1.0750174522399902,0.0007873752648289441,0.7873752648289442,cosine,256,11,0.001
102,0.8377135992050171,,0.8377135992050171,0.0007832766557397363,0.7832766557397364,cosine,256,11,0.001
103,0.750878632068634,,0.750878632068634,0.0007791514104526405,0.7791514104526405,cosine,256,11,0.001
104,0.5574383735656738,,0.5574383735656738,0.0007750000000000001,0.775,cosine,256,11,0.001
105,0.9746913909912109,,0.9746913909912109,0.0007708228984017721,0.7708228984017721,cosine,256,11,0.001
106,1.0177481174468994,,1.0177481174468994,0.0007666205826114025,0.7666205826114024,cosine,256,11,0.001
107,0.4667174220085144,,0.4667174220085144,0.0007623935324613654,0.7623935324613653,cosine,256,11,0.001
108,0.490426242351532,,0.490426242351532,0.000758142230608376,0.7581422306083759,cosine,256,11,0.001
109,0.7522398233413696,,0.7522398233413696,0.0007538671624782777,0.7538671624782777,cosine,256,11,0.001
110,0.8242191076278687,0.9428631812334061,0.9428631812334061,0.000749568816210616,0.749568816210616,cosine,256,11,0.001
111,0.5480327010154724,,0.5480327010154724,0.0007452476826029011,0.7452476826029011,cosine,256,11,0.001
112,0.6826364398002625,,0.6826364398002625,0.0007409042550545667,0.7409042550545667,cosine,256,11,0.001
113,0.8499215245246887,,0.8499215245246887,0.000736539029510633,0.736539029510633,cosine,256,11,0.001
114,0.7738483548164368,,0.7738483548164368,0.0007321525044050772,0.7321525044050772,cosine,256,11,0.001
115,0.6462634801864624,,0.6462634801864624,0.0007277451806039224,0.7277451806039223,cosine,256,11,0.001
116,0.7270832061767578,,0.7270832061767578,0.0007233175613480459,0.7233175613480458,cosine,256,11,0.001
117,0.7728338241577148,,0.7728338241577148,0.0007188701521957184,0.7188701521957184,cosine,256,11,0.001
118,0.5565420985221863,,0.5565420985221863,0.0007144034609648779,0.7144034609648778,cosine,256,11,0.001
119,0.4931541085243225,,0.4931541085243225,0.000709917997675145,0.709917997675145,cosine,256,11,0.001
120,0.7654184699058533,0.9794737547636032,0.9794737547636032,0.0007054142744895884,0.7054142744895884,cosine,256,11,0.001
121,0.9340027570724487,,0.9340027570724487,0.000700892805656244,0.700892805656244,cosine,256,11,0.001
122,0.4881161153316498,,0.4881161153316498,0.0006963541074493962,0.6963541074493962,cosine,256,11,0.001
123,0.6468353867530823,,0.6468353867530823,0.0006917986981106295,0.6917986981106294,cosine,256,11,0.001
124,0.5176823139190674,,0.5176823139190674,0.0006872270977896524,0.6872270977896523,cosine,256,11,0.001
125,0.6417925953865051,,0.6417925953865051,0.000682639828484907,0.6826398284849069,cosine,256,11,0.001
126,0.4970434606075287,,0.4970434606075287,0.0006780374139839646,0.6780374139839646,cosine,256,11,0.001
127,0.6349180340766907,,0.6349180340766907,0.0006734203798037187,0.6734203798037187,cosine,256,11,0.001
128,0.5394613742828369,,0.5394613742828369,0.0006687892531303794,0.6687892531303794,cosine,256,11,0.001
129,0.41797471046447754,,0.41797471046447754,0.0006641445627592783,0.6641445627592782,cosine,256,11,0.001
130,0.5718547105789185,0.9638144373893738,0.9638144373893738,0.000659486839034489,0.6594868390344889,cosine,256,11,0.001
131,0.5850287675857544,,0.5850287675857544,0.0006548166137882704,0.6548166137882704,cosine,256,11,0.001
132,0.9529399871826172,,0.9529399871826172,0.0006501344202803415,0.6501344202803414,cosine,256,11,0.001
133,0.46376755833625793,,0.46376755833625793,0.0006454407931369917,0.6454407931369917,cosine,256,11,0.001
134,0.6021435856819153,,0.6021435856819153,0.000640736268290035,0.6407362682900349,cosine,256,11,0.001
135,0.592077910900116,,0.592077910900116,0.0006360213829156176,0.6360213829156176,cosine,256,11,0.001
136,0.7104527950286865,,0.7104527950286865,0.0006312966753728795,0.6312966753728795,cosine,256,11,0.001
137,0.4087074100971222,,0.4087074100971222,0.0006265626851424847,0.6265626851424847,cosine,256,11,0.001
138,0.5623055696487427,,0.5623055696487427,0.0006218199527650207,0.6218199527650207,cosine,256,11,0.001
139,0.815845251083374,,0.815845251083374,0.0006170690197792785,0.6170690197792785,cosine,256,11,0.001
140,0.5211343765258789,0.8002564311027527,0.8002564311027527,0.0006123104286604183,0.6123104286604183,cosine,256,11,0.001
141,0.3922231197357178,,0.3922231197357178,0.0006075447227580277,0.6075447227580277,cosine,256,11,0.001
142,0.5569007992744446,,0.5569007992744446,0.0006027724462340809,0.6027724462340809,cosine,256,11,0.001
143,0.6340792179107666,,0.6340792179107666,0.0005979941440008041,0.5979941440008041,cosine,256,11,0.001
144,0.4105219841003418,,0.4105219841003418,0.0005932103616584568,0.5932103616584568,cosine,256,11,0.001
145,0.7204660773277283,,0.7204660773277283,0.0005884216454330329,0.5884216454330329,cosine,256,11,0.001
146,0.45588451623916626,,0.45588451623916626,0.000583628542113891,0.5836285421138909,cosine,256,11,0.001
147,0.4879886507987976,,0.4879886507987976,0.0005788315989913209,0.5788315989913209,cosine,256,11,0.001
148,0.4286547899246216,,0.4286547899246216,0.0005740313637940521,0.5740313637940521,cosine,256,11,0.001
149,0.6340420246124268,,0.6340420246124268,0.0005692283846267126,0.5692283846267125,cosine,256,11,0.001
150,0.5200828313827515,0.7659836336970329,0.7659836336970329,0.0005644232099072449,0.5644232099072449,cosine,256,11,0.001
151,0.4695144593715668,,0.4695144593715668,0.0005596163883042857,0.5596163883042857,cosine,256,11,0.001
152,0.40078485012054443,,0.40078485012054443,0.0005548084686745181,0.554808468674518,cosine,256,11,0.001
153,0.5440789461135864,,0.5440789461135864,0.00055,0.55,cosine,256,11,0.001
154,0.4805591106414795,,0.4805591106414795,0.0005451915313254822,0.5451915313254821,cosine,256,11,0.001
155,0.4077538251876831,,0.4077538251876831,0.0005403836116957143,0.5403836116957144,cosine,256,11,0.001
156,0.34787264466285706,,0.34787264466285706,0.0005355767900927552,0.5355767900927552,cosine,256,11,0.001
157,0.3812558650970459,,0.3812558650970459,0.0005307716153732876,0.5307716153732875,cosine,256,11,0.001
158,0.47005003690719604,,0.47005003690719604,0.0005259686362059481,0.525968636205948,cosine,256,11,0.001
159,0.3128089904785156,,0.3128089904785156,0.0005211684010086792,0.5211684010086792,cosine,256,11,0.001
160,0.5911003351211548,0.7628244459629059,0.7628244459629059,0.0005163714578861091,0.516371457886109,cosine,256,11,0.001
161,0.40549135208129883,,0.40549135208129883,0.0005115783545669671,0.5115783545669671,cosine,256,11,0.001
162,0.4180485010147095,,0.4180485010147095,0.0005067896383415433,0.5067896383415432,cosine,256,11,0.001
163,0.30500954389572144,,0.30500954389572144,0.0005020058559991959,0.5020058559991959,cosine,256,11,0.001
164,0.43009692430496216,,0.43009692430496216,0.0004972275537659192,0.4972275537659192,cosine,256,11,0.001
165,0.6717112064361572,,0.6717112064361572,0.0004924552772419723,0.49245527724197224,cosine,256,11,0.001
166,0.37125301361083984,,0.37125301361083984,0.0004876895713395816,0.4876895713395816,cosine,256,11,0.001
167,0.4981120228767395,,0.4981120228767395,0.00048293098022072144,0.48293098022072145,cosine,256,11,0.001
168,0.36203131079673767,,0.36203131079673767,0.0004781800472349794,0.4781800472349794,cosine,256,11,0.001
169,0.48792508244514465,,0.48792508244514465,0.0004734373148575154,0.4734373148575154,cosine,256,11,0.001
170,0.35082995891571045,0.727913711220026,0.727913711220026,0.0004687033246271206,0.4687033246271206,cosine,256,11,0.001
171,0.38592293858528137,,0.38592293858528137,0.0004639786170843826,0.4639786170843826,cosine,256,11,0.001
172,0.49087095260620117,,0.49087095260620117,0.00045926373170996514,0.45926373170996515,cosine,256,11,0.001
173,0.541477620601654,,0.541477620601654,0.00045455920686300854,0.45455920686300855,cosine,256,11,0.001
174,0.29111289978027344,,0.29111289978027344,0.0004498655797196586,0.44986557971965857,cosine,256,11,0.001
175,0.38089197874069214,,0.38089197874069214,0.00044518338621172973,0.4451833862117297,cosine,256,11,0.001
176,0.3580549955368042,,0.3580549955368042,0.00044051316096551117,0.4405131609655112,cosine,256,11,0.001
177,0.31131085753440857,,0.31131085753440857,0.00043585543724072173,0.43585543724072173,cosine,256,11,0.001
178,0.3447633385658264,,0.3447633385658264,0.0004312107468696206,0.4312107468696206,cosine,256,11,0.001
179,0.3773902654647827,,0.3773902654647827,0.0004265796201962815,0.4265796201962815,cosine,256,11,0.001
180,0.33162155747413635,0.7053707465529442,0.7053707465529442,0.00042196258601603546,0.4219625860160354,cosine,256,11,0.001
181,0.1910649836063385,,0.1910649836063385,0.00041736017151509306,0.4173601715150931,cosine,256,11,0.001
182,0.32682478427886963,,0.32682478427886963,0.0004127729022103478,0.4127729022103478,cosine,256,11,0.001
183,0.3157014846801758,,0.3157014846801758,0.0004082013018893708,0.40820130188937076,cosine,256,11,0.001
184,0.2965489625930786,,0.2965489625930786,0.0004036458925506039,0.4036458925506039,cosine,256,11,0.001
185,0.2561798095703125,,0.2561798095703125,0.0003991071943437561,0.3991071943437561,cosine,256,11,0.001
186,0.31617242097854614,,0.31617242097854614,0.0003945857255104116,0.3945857255104116,cosine,256,11,0.001
187,0.38423165678977966,,0.38423165678977966,0.00039008200232485514,0.3900820023248551,cosine,256,11,0.001
188,0.22937756776809692,,0.22937756776809692,0.00038559653903512224,0.38559653903512225,cosine,256,11,0.001
189,0.27304956316947937,,0.27304956316947937,0.0003811298478042817,0.3811298478042817,cosine,256,11,0.001
190,0.3874635398387909,0.6409681737422943,0.6409681737422943,0.00037668243865195415,0.37668243865195417,cosine,256,11,0.001
191,0.4255058765411377,,0.4255058765411377,0.00037225481939607766,0.37225481939607763,cosine,256,11,0.001
192,0.17909830808639526,,0.17909830808639526,0.0003678474955949228,0.3678474955949228,cosine,256,11,0.001
193,0.30642440915107727,,0.30642440915107727,0.0003634609704893671,0.3634609704893671,cosine,256,11,0.001
194,0.41387033462524414,,0.41387033462524414,0.00035909574494543306,0.35909574494543306,cosine,256,11,0.001
195,0.2861107587814331,,0.2861107587814331,0.0003547523173970989,0.3547523173970989,cosine,256,11,0.001
196,0.2536114454269409,,0.2536114454269409,0.000350431183789384,0.350431183789384,cosine,256,11,0.001
197,0.5845113396644592,,0.5845113396644592,0.0003461328375217223,0.3461328375217223,cosine,256,11,0.001
198,0.3250344693660736,,0.3250344693660736,0.0003418577693916243,0.34185776939162427,cosine,256,11,0.001
199,0.21638253331184387,,0.21638253331184387,0.00033760646753863466,0.33760646753863466,cosine,256,11,0.001
200,0.41472649574279785,0.6157814227044582,0.6157814227044582,0.0003333794173885978,0.33337941738859783,cosine,256,11,0.001
201,0.3171837329864502,,0.3171837329864502,0.0003291771015982281,0.3291771015982281,cosine,256,11,0.001
202,0.30577829480171204,,0.30577829480171204,0.00032500000000000015,0.3250000000000001,cosine,256,11,0.001
203,0.28690198063850403,,0.28690198063850403,0.00032084858954735965,0.3208485895473596,cosine,256,11,0.001
204,0.21955272555351257,,0.21955272555351257,0.0003167233442602637,0.3167233442602637,cosine,256,11,0.001
205,0.3085331618785858,,0.3085331618785858,0.00031262473517105593,0.31262473517105593,cosine,256,11,0.001
206,0.2901926338672638,,0.2901926338672638,0.00030855323027068174,0.3085532302706817,cosine,256,11,0.001
207,0.16838406026363373,,0.16838406026363373,0.00030450929445525316,0.30450929445525315,cosine,256,11,0.001
208,0.4012467563152313,,0.4012467563152313,0.0003004933894729647,0.3004933894729647,cosine,256,11,0.001
209,0.33318623900413513,,0.33318623900413513,0.0002965059738713701,0.2965059738713701,cosine,256,11,0.001
210,0.14328071475028992,0.5940628126263618,0.5940628126263618,0.0002925475029450237,0.29254750294502374,cosine,256,11,0.001
211,0.21644547581672668,,0.21644547581672668,0.00028861842868349374,0.28861842868349374,cosine,256,11,0.001
212,0.29566991329193115,,0.29566991329193115,0.0002847191997197531,0.2847191997197531,cosine,256,11,0.001
213,0.3174518942832947,,0.3174518942832947,0.00028085026127895287,0.28085026127895285,cosine,256,11,0.001
214,0.27835482358932495,,0.27835482358932495,0.0002770120551275851,0.2770120551275851,cosine,256,11,0.001
215,0.2885436713695526,,0.2885436713695526,0.00027320501952304133,0.2732050195230413,cosine,256,11,0.001
216,0.3729139268398285,,0.3729139268398285,0.00026942958916356994,0.26942958916356996,cosine,256,11,0.001
217,0.3052693009376526,,0.3052693009376526,0.00026568619513864244,0.26568619513864244,cosine,256,11,0.001
218,0.2799782156944275,,0.2799782156944275,0.0002619752648797292,0.2619752648797292,cosine,256,11,0.001
219,0.2785007655620575,,0.2785007655620575,0.0002582972221114953,0.2582972221114953,cosine,256,11,0.001
220,0.3915860056877136,0.5351825580000877,0.5351825580000877,0.0002546524868034169,0.25465248680341684,cosine,256,11,0.001
221,0.1855221390724182,,0.1855221390724182,0.0002510414751218293,0.2510414751218293,cosine,256,11,0.001
222,0.21988795697689056,,0.21988795697689056,0.00024746459938240745,0.24746459938240742,cosine,256,11,0.001
223,0.2863377034664154,,0.2863377034664154,0.0002439222680030862,0.2439222680030862,cosine,256,11,0.001
224,0.3938584327697754,,0.3938584327697754,0.0002404148854574266,0.24041488545742662,cosine,256,11,0.001
225,0.4521750807762146,,0.4521750807762146,0.00023694285222843116,0.23694285222843114,cosine,256,11,0.001
226,0.3101482689380646,,0.3101482689380646,0.00023350656476281615,0.23350656476281614,cosine,256,11,0.001
227,0.33110174536705017,,0.33110174536705017,0.0002301064154257443,0.2301064154257443,cosine,256,11,0.001
228,0.25763049721717834,,0.25763049721717834,0.00022674279245602264,0.22674279245602263,cosine,256,11,0.001
229,0.12438198924064636,,0.12438198924064636,0.00022341607992177316,0.22341607992177315,cosine,256,11,0.001
230,0.42091625928878784,0.4769846796989441,0.4769846796989441,0.0002201266576765783,0.2201266576765783,cosine,256,11,0.001
231,0.5754246711730957,,0.5754246711730957,0.00021687490131610816,0.21687490131610815,cosine,256,11,0.001
232,0.16468140482902527,,0.16468140482902527,0.0002136611821352341,0.2136611821352341,cosine,256,11,0.001
233,0.11574530601501465,,0.11574530601501465,0.00021048586708563355,0.21048586708563355,cosine,256,11,0.001
234,0.35667601227760315,,0.35667601227760315,0.00020734931873388952,0.2073493187338895,cosine,256,11,0.001
235,0.377602219581604,,0.377602219581604,0.00020425189522009263,0.20425189522009263,cosine,256,11,0.001
236,1.0576945543289185,,1.0576945543289185,0.00020119395021694675,0.20119395021694675,cosine,256,11,0.001
237,1.0823007822036743,,1.0823007822036743,0.00019817583288938664,0.19817583288938664,cosine,256,11,0.001
238,0.823209285736084,,0.823209285736084,0.00019519788785470852,0.1951978878547085,cosine,256,11,0.001
239,0.5115742683410645,,0.5115742683410645,0.0001922604551432211,0.1922604551432211,cosine,256,11,0.001
240,0.41010379791259766,0.30874720215797424,0.30874720215797424,0.00018936387015941957,0.18936387015941958,cosine,256,11,0.001
241,0.7121725678443909,,0.7121725678443909,0.00018650846364368852,0.1865084636436885,cosine,256,11,0.001
242,0.39778661727905273,,0.39778661727905273,0.00018369456163453682,0.18369456163453682,cosine,256,11,0.001
243,0.4385145902633667,,0.4385145902633667,0.00018092248543136985,0.18092248543136985,cosine,256,11,0.001
244,0.9967858195304871,,0.9967858195304871,0.00017819255155780234,0.17819255155780234,cosine,256,11,0.001
245,0.6036243438720703,,0.6036243438720703,0.00017550507172551684,0.17550507172551683,cosine,256,11,0.001
246,0.26053106784820557,,0.26053106784820557,0.00017286035279867173,0.17286035279867173,cosine,256,11,0.001
247,0.25177067518234253,,0.25177067518234253,0.00017025869675886253,0.17025869675886252,cosine,256,11,0.001
248,0.41482287645339966,,0.41482287645339966,0.00016770040067064075,0.16770040067064074,cosine,256,11,0.001
249,0.29299354553222656,,0.29299354553222656,0.00016518575664759428,0.16518575664759427,cosine,256,11,0.001
250,0.20844069123268127,0.23810316249728203,0.23810316249728203,0.00016271505181899272,0.1627150518189927,cosine,256,11,0.001
251,0.4539303779602051,,0.4539303779602051,0.00016028856829700258,0.16028856829700258,cosine,256,11,0.001
252,0.41187989711761475,,0.41187989711761475,0.0001579065831444748,0.15790658314447478,cosine,256,11,0.001
253,0.2923080325126648,,0.2923080325126648,0.0001555693683433085,0.1555693683433085,cosine,256,11,0.001
254,0.12922422587871552,,0.12922422587871552,0.00015327719076339594,0.15327719076339594,cosine,256,11,0.001
255,0.31157317757606506,,0.31157317757606506,0.00015103031213214996,0.15103031213214996,cosine,256,11,0.001
256,0.3495446741580963,,0.3495446741580963,0.00014882898900461976,0.14882898900461974,cosine,256,11,0.001
257,0.23887625336647034,,0.23887625336647034,0.00014667347273419608,0.14667347273419606,cosine,256,11,0.001
258,0.3649527132511139,,0.3649527132511139,0.00014456400944391147,0.14456400944391146,cosine,256,11,0.001
259,0.28852182626724243,,0.28852182626724243,0.00014250083999833716,0.14250083999833715,cosine,256,11,0.001
260,0.3076867461204529,0.21611759066581726,0.21611759066581726,0.0001404841999760801,0.14048419997608008,cosine,256,11,0.001
261,0.18695199489593506,,0.18695199489593506,0.00013851431964288444,0.13851431964288444,cosine,256,11,0.001
262,0.3083176016807556,,0.3083176016807556,0.00013659142392533874,0.13659142392533874,cosine,256,11,0.001
263,0.30041390657424927,,0.30041390657424927,0.00013471573238519336,0.13471573238519335,cosine,256,11,0.001
264,0.37518513202667236,,0.37518513202667236,0.00013288745919429028,0.13288745919429026,cosine,256,11,0.001
265,0.2037598192691803,,0.2037598192691803,0.00013110681311010814,0.13110681311010813,cosine,256,11,0.001
266,0.2747768759727478,,0.2747768759727478,0.00012937399745192605,0.12937399745192604,cosine,256,11,0.001
267,0.20985643565654755,,0.20985643565654755,0.00012768921007760787,0.12768921007760786,cosine,256,11,0.001
268,0.16369779407978058,,0.16369779407978058,0.00012605264336101,0.12605264336101,cosine,256,11,0.001
269,0.22087693214416504,,0.22087693214416504,0.00012446448417001603,0.12446448417001603,cosine,256,11,0.001
270,0.17420260608196259,0.21479353867471218,0.21479353867471218,0.00012292491384519912,0.12292491384519912,cosine,256,11,0.001
271,0.21208295226097107,,0.21208295226097107,0.0001214341081791165,0.1214341081791165,cosine,256,11,0.001
272,0.12060989439487457,,0.12060989439487457,0.00011999223739623666,0.11999223739623666,cosine,256,11,0.001
273,0.23237892985343933,,0.23237892985343933,0.00011859946613350275,0.11859946613350275,cosine,256,11,0.001
274,0.21267083287239075,,0.21267083287239075,0.00011725595342153371,0.1172559534215337,cosine,256,11,0.001
275,0.18528226017951965,,0.18528226017951965,0.00011596185266646594,0.11596185266646594,cosine,256,11,0.001
276,0.09316659718751907,,0.09316659718751907,0.00011471731163243675,0.11471731163243676,cosine,256,11,0.001
277,0.2973926067352295,,0.2973926067352295,0.00011352247242471242,0.11352247242471242,cosine,256,11,0.001
278,0.2860337793827057,,0.2860337793827057,0.00011237747147346202,0.11237747147346203,cosine,256,11,0.001
279,0.17628027498722076,,0.17628027498722076,0.00011128243951817938,0.11128243951817937,cosine,256,11,0.001
280,0.18440376222133636,0.2107664979994297,0.2107664979994297,0.00011023750159275521,0.11023750159275521,cosine,256,11,0.001
281,0.2449234426021576,,0.2449234426021576,0.00010924277701119999,0.10924277701119998,cosine,256,11,0.001
282,0.3160194754600525,,0.3160194754600525,0.00010829837935402057,0.10829837935402056,cosine,256,11,0.001
283,0.17486493289470673,,0.17486493289470673,0.00010740441645525128,0.10740441645525128,cosine,256,11,0.001
284,0.29094868898391724,,0.29094868898391724,0.00010656099039014087,0.10656099039014086,cosine,256,11,0.001
285,0.25554922223091125,,0.25554922223091125,0.00010576819746349742,0.10576819746349743,cosine,256,11,0.001
286,0.2586296796798706,,0.2586296796798706,0.00010502612819869217,0.10502612819869217,cosine,256,11,0.001
287,0.13315993547439575,,0.13315993547439575,0.00010433486732732288,0.10433486732732289,cosine,256,11,0.001
288,0.34578102827072144,,0.34578102827072144,0.00010369449377953928,0.10369449377953928,cosine,256,11,0.001
289,0.2619860768318176,,0.2619860768318176,0.00010310508067503047,0.10310508067503046,cosine,256,11,0.001
290,0.08194727450609207,0.20264753140509129,0.20264753140509129,0.0001025666953146759,0.10256669531467591,cosine,256,11,0.001
291,0.20071139931678772,,0.20071139931678772,0.0001020793991728608,0.1020793991728608,cosine,256,11,0.001
292,0.1832991987466812,,0.1832991987466812,0.0001016432478904569,0.1016432478904569,cosine,256,11,0.001
293,0.31924182176589966,,0.31924182176589966,0.00010125829126846895,0.10125829126846894,cosine,256,11,0.001
294,0.12605825066566467,,0.12605825066566467,0.00010092457326234867,0.10092457326234866,cosine,256,11,0.001
295,0.218512162566185,,0.218512162566185,0.00010064213197697547,0.10064213197697547,cosine,256,11,0.001
296,0.22398480772972107,,0.22398480772972107,0.00010041099966230578,0.10041099966230578,cosine,256,11,0.001
297,0.20627176761627197,,0.20627176761627197,0.00010023120270969045,0.10023120270969045,cosine,256,11,0.001
298,0.10599280893802643,,0.10599280893802643,0.00010010276164886145,0.10010276164886145,cosine,256,11,0.001
299,0.30223020911216736,,0.30223020911216736,0.00010002569114558753,0.10002569114558753,cosine,256,11,0.001
300,0.19988808035850525,0.19162107445299625,0.19162107445299625,0.0001,0.1,cosine,256,11,0.001
1,3.578465461730957,3.47502064704895,3.47502064704895,0.00016666666666666666,0.16666666666666666,cosine,256,12,0.001
2,3.4006412029266357,,3.4006412029266357,0.0003333333333333333,0.3333333333333333,cosine,256,12,0.001
3,3.487396001815796,,3.487396001815796,0.0005,0.5,cosine,256,12,0.001
4,3.470015287399292,,3.470015287399292,0.0006666666666666666,0.6666666666666666,cosine,256,12,0.001
5,3.060743570327759,,3.060743570327759,0.0008333333333333334,0.8333333333333334,cosine,256,12,0.001
6,2.9416356086730957,,2.9416356086730957,0.001,1.0,cosine,256,12,0.001
7,2.7332611083984375,,2.7332611083984375,0.0009999743088544126,0.9999743088544125,cosine,256,12,0.001
8,2.6772682666778564,,2.6772682666778564,0.0009998972383511385,0.9998972383511385,cosine,256,12,0.001
9,2.488832712173462,,2.488832712173462,0.0009997687972903096,0.9997687972903095,cosine,256,12,0.001
10,2.537126064300537,2.210534989833832,2.210534989833832,0.0009995890003376942,0.9995890003376942,cosine,256,12,0.001
11,2.4980742931365967,,2.4980742931365967,0.0009993578680230245,0.9993578680230245,cosine,256,12,0.001
12,2.5485405921936035,,2.5485405921936035,0.0009990754267376514,0.9990754267376514,cosine,256,12,0.001
13,2.1905689239501953,,2.1905689239501953,0.000998741708731531,0.998741708731531,cosine,256,12,0.001
14,2.2592430114746094,,2.2592430114746094,0.0009983567521095432,0.9983567521095431,cosine,256,12,0.001
15,2.071718215942383,,2.071718215942383,0.0009979206008271391,0.9979206008271392,cosine,256,12,0.001
16,2.1309707164764404,,2.1309707164764404,0.000997433304685324,0.9974333046853241,cosine,256,12,0.001
17,2.0860466957092285,,2.0860466957092285,0.0009968949193249696,0.9968949193249695,cosine,256,12,0.001
18,2.1680710315704346,,2.1680710315704346,0.0009963055062204608,0.9963055062204608,cosine,256,12,0.001
19,1.8562870025634766,,1.8562870025634766,0.000995665132672677,0.9956651326726771,cosine,256,12,0.001
20,1.9253419637680054,1.771182507276535,1.771182507276535,0.000994973871801308,0.9949738718013078,cosine,256,12,0.001
21,2.017200469970703,,2.017200469970703,0.0009942318025365027,0.9942318025365027,cosine,256,12,0.001
22,2.059812307357788,,2.059812307357788,0.0009934390096098592,0.9934390096098591,cosine,256,12,0.001
23,1.652517557144165,,1.652517557144165,0.0009925955835447487,0.9925955835447487,cosine,256,12,0.001
24,1.7742407321929932,,1.7742407321929932,0.0009917016206459795,0.9917016206459794,cosine,256,12,0.001
25,1.9788763523101807,,1.9788763523101807,0.0009907572229888,0.9907572229888,cosine,256,12,0.001
26,1.6204971075057983,,1.6204971075057983,0.0009897624984072447,0.9897624984072447,cosine,256,12,0.001
27,1.601330041885376,,1.601330041885376,0.0009887175604818205,0.9887175604818206,cosine,256,12,0.001
28,1.7250148057937622,,1.7250148057937622,0.000987622528526538,0.987622528526538,cosine,256,12,0.001
29,1.8948590755462646,,1.8948590755462646,0.0009864775275752876,0.9864775275752876,cosine,256,12,0.001
30,1.617776870727539,1.5062605440616608,1.5062605440616608,0.0009852826883675633,0.9852826883675633,cosine,256,12,0.001
31,1.7214736938476562,,1.7214736938476562,0.000984038147333534,0.9840381473335341,cosine,256,12,0.001
32,1.712701678276062,,1.712701678276062,0.0009827440465784664,0.9827440465784664,cosine,256,12,0.001
33,1.7853058576583862,,1.7853058576583862,0.0009814005338664973,0.9814005338664973,cosine,256,12,0.001
34,1.5272281169891357,,1.5272281169891357,0.0009800077626037633,0.9800077626037633,cosine,256,12,0.001
35,1.632176160812378,,1.632176160812378,0.0009785658918208835,0.9785658918208835,cosine,256,12,0.001
36,1.734582781791687,,1.734582781791687,0.000977075086154801,0.9770750861548009,cosine,256,12,0.001
37,1.5586987733840942,,1.5586987733840942,0.000975535515829984,0.975535515829984,cosine,256,12,0.001
38,1.3781338930130005,,1.3781338930130005,0.00097394735663899,0.97394735663899,cosine,256,12,0.001
39,1.6368341445922852,,1.6368341445922852,0.0009723107899223921,0.9723107899223922,cosine,256,12,0.001
40,1.6879804134368896,1.441602110862732,1.441602110862732,0.000970626002548074,0.970626002548074,cosine,256,12,0.001
41,1.310559868812561,,1.310559868812561,0.0009688931868898919,0.9688931868898919,cosine,256,12,0.001
42,1.6248445510864258,,1.6248445510864258,0.0009671125408057098,0.9671125408057097,cosine,256,12,0.001
43,1.5533722639083862,,1.5533722639083862,0.0009652842676148067,0.9652842676148067,cosine,256,12,0.001
44,1.6426068544387817,,1.6426068544387817,0.0009634085760746613,0.9634085760746612,cosine,256,12,0.001
45,1.2316757440567017,,1.2316757440567017,0.0009614856803571156,0.9614856803571156,cosine,256,12,0.001
46,1.627974271774292,,1.627974271774292,0.00095951580002392,0.95951580002392,cosine,256,12,0.001
47,1.5353018045425415,,1.5353018045425415,0.000957499160001663,0.9574991600016629,cosine,256,12,0.001
48,1.2118775844573975,,1.2118775844573975,0.0009554359905560886,0.9554359905560885,cosine,256,12,0.001
49,1.1593438386917114,,1.1593438386917114,0.000953326527265804,0.953326527265804,cosine,256,12,0.001
50,1.4826332330703735,1.4149470329284668,1.4149470329284668,0.0009511710109953803,0.9511710109953803,cosine,256,12,0.001
51,1.6984283924102783,,1.6984283924102783,0.0009489696878678501,0.9489696878678501,cosine,256,12,0.001
52,1.1341021060943604,,1.1341021060943604,0.000946722809236604,0.946722809236604,cosine,256,12,0.001
53,1.4721657037734985,,1.4721657037734985,0.0009444306316566914,0.9444306316566914,cosine,256,12,0.001
54,1.4799492359161377,,1.4799492359161377,0.0009420934168555253,0.9420934168555253,cosine,256,12,0.001
55,1.4125468730926514,,1.4125468730926514,0.0009397114317029974,0.9397114317029974,cosine,256,12,0.001
56,0.9248605370521545,,0.9248605370521545,0.0009372849481810073,0.9372849481810073,cosine,256,12,0.001
57,1.5701684951782227,,1.5701684951782227,0.0009348142433524058,0.9348142433524058,cosine,256,12,0.001
58,1.3647363185882568,,1.3647363185882568,0.0009322995993293593,0.9322995993293592,cosine,256,12,0.001
59,1.0537744760513306,,1.0537744760513306,0.0009297413032411375,0.9297413032411375,cosine,256,12,0.001
60,1.0536521673202515,1.2858182489871979,1.2858182489871979,0.0009271396472013282,0.9271396472013282,cosine,256,12,0.001
61,1.5633068084716797,,1.5633068084716797,0.0009244949282744832,0.9244949282744832,cosine,256,12,0.001
62,1.3792212009429932,,1.3792212009429932,0.0009218074484421977,0.9218074484421978,cosine,256,12,0.001
63,0.8427085876464844,,0.8427085876464844,0.0009190775145686302,0.9190775145686302,cosine,256,12,0.001
64,1.2369153499603271,,1.2369153499603271,0.0009163054383654632,0.9163054383654632,cosine,256,12,0.001
65,1.1774225234985352,,1.1774225234985352,0.0009134915363563116,0.9134915363563115,cosine,256,12,0.001
66,1.2373956441879272,,1.2373956441879272,0.0009106361298405805,0.9106361298405805,cosine,256,12,0.001
67,0.9774340987205505,,0.9774340987205505,0.000907739544856779,0.907739544856779,cosine,256,12,0.001
68,1.2275118827819824,,1.2275118827819824,0.0009048021121452915,0.9048021121452915,cosine,256,12,0.001
69,1.072341799736023,,1.072341799736023,0.0009018241671106134,0.9018241671106134,cosine,256,12,0.001
70,0.9930216073989868,1.2152056097984314,1.2152056097984314,0.0008988060497830534,0.8988060497830533,cosine,256,12,0.001
71,0.9022642970085144,,0.9022642970085144,0.0008957481047799075,0.8957481047799075,cosine,256,12,0.001
72,1.2954601049423218,,1.2954601049423218,0.0008926506812661105,0.8926506812661105,cosine,256,12,0.001
73,1.1354848146438599,,1.1354848146438599,0.0008895141329143666,0.8895141329143665,cosine,256,12,0.001
74,0.7295909523963928,,0.7295909523963928,0.0008863388178647659,0.8863388178647659,cosine,256,12,0.001
75,0.997326672077179,,0.997326672077179,0.000883125098683892,0.883125098683892,cosine,256,12,0.001
76,0.9877991676330566,,0.9877991676330566,0.0008798733423234219,0.8798733423234218,cosine,256,12,0.001
77,0.9945713877677917,,0.9945713877677917,0.0008765839200782269,0.8765839200782269,cosine,256,12,0.001
78,0.7644767165184021,,0.7644767165184021,0.0008732572075439775,0.8732572075439774,cosine,256,12,0.001
79,1.14414644241333,,1.14414644241333,0.0008698935845742558,0.8698935845742558,cosine,256,12,0.001
80,0.9217553734779358,1.0741759836673737,1.0741759836673737,0.0008664934352371838,0.8664934352371838,cosine,256,12,0.001
81,0.9587107300758362,,0.9587107300758362,0.0008630571477715689,0.8630571477715689,cosine,256,12,0.001
82,0.7314872145652771,,0.7314872145652771,0.0008595851145425734,0.8595851145425734,cosine,256,12,0.001
83,1.003397822380066,,1.003397822380066,0.0008560777319969136,0.8560777319969136,cosine,256,12,0.001
84,1.1100748777389526,,1.1100748777389526,0.0008525354006175926,0.8525354006175926,cosine,256,12,0.001
85,0.5575330257415771,,0.5575330257415771,0.0008489585248781707,0.8489585248781707,cosine,256,12,0.001
86,0.996117115020752,,0.996117115020752,0.0008453475131965832,0.8453475131965832,cosine,256,12,0.001
87,0.9364063143730164,,0.9364063143730164,0.0008417027778885047,0.8417027778885048,cosine,256,12,0.001
88,1.0840058326721191,,1.0840058326721191,0.0008380247351202708,0.8380247351202708,cosine,256,12,0.001
89,0.6091285347938538,,0.6091285347938538,0.0008343138048613576,0.8343138048613576,cosine,256,12,0.001
90,0.9474668502807617,0.9562864899635315,0.9562864899635315,0.0008305704108364302,0.8305704108364301,cosine,256,12,0.001
91,0.9973437786102295,,0.9973437786102295,0.0008267949804769588,0.8267949804769588,cosine,256,12,0.001
92,0.6507048606872559,,0.6507048606872559,0.0008229879448724149,0.8229879448724149,cosine,256,12,0.001
93,0.6719456315040588,,0.6719456315040588,0.0008191497387210473,0.8191497387210472,cosine,256,12,0.001
94,1.076964020729065,,1.076964020729065,0.000815280800280247,0.815280800280247,cosine,256,12,0.001
95,1.0233399868011475,,1.0233399868011475,0.0008113815713165063,0.8113815713165062,cosine,256,12,0.001
96,0.41772449016571045,,0.41772449016571045,0.0008074524970549763,0.8074524970549763,cosine,256,12,0.001
97,0.603674590587616,,0.603674590587616,0.0008034940261286298,0.8034940261286299,cosine,256,12,0.001
98,1.1023753881454468,,1.1023753881454468,0.0007995066105270354,0.7995066105270353,cosine,256,12,0.001
99,1.041304349899292,,1.041304349899292,0.0007954907055447469,0.7954907055447469,cosine,256,12,0.001
100,0.5835086107254028,1.0022660195827484,1.0022660195827484,0.0007914467697293183,0.7914467697293183,cosine,256,12,0.001
101,0.9642155766487122,,0.9642155766487122,0.0007873752648289441,0.7873752648289442,cosine,256,12,0.001
102,0.8545337915420532,,0.8545337915420532,0.0007832766557397363,0.7832766557397364,cosine,256,12,0.001
103,0.857400119304657,,0.857400119304657,0.0007791514104526405,0.7791514104526405,cosine,256,12,0.001
104,0.600365400314331,,0.600365400314331,0.0007750000000000001,0.775,cosine,256,12,0.001
105,0.9028122425079346,,0.9028122425079346,0.0007708228984017721,0.7708228984017721,cosine,256,12,0.001
106,0.9656403064727783,,0.9656403064727783,0.0007666205826114025,0.7666205826114024,cosine,256,12,0.001
107,0.536522388458252,,0.536522388458252,0.0007623935324613654,0.7623935324613653,cosine,256,12,0.001
108,0.622259259223938,,0.622259259223938,0.000758142230608376,0.7581422306083759,cosine,256,12,0.001
109,0.9475234746932983,,0.9475234746932983,0.0007538671624782777,0.7538671624782777,cosine,256,12,0.001
110,0.7186706066131592,1.002751961350441,1.002751961350441,0.000749568816210616,0.749568816210616,cosine,256,12,0.001
111,0.5719104409217834,,0.5719104409217834,0.0007452476826029011,0.7452476826029011,cosine,256,12,0.001
112,0.7633763551712036,,0.7633763551712036,0.0007409042550545667,0.7409042550545667,cosine,256,12,0.001
113,0.8686882257461548,,0.8686882257461548,0.000736539029510633,0.736539029510633,cosine,256,12,0.001
114,0.6885779500007629,,0.6885779500007629,0.0007321525044050772,0.7321525044050772,cosine,256,12,0.001
115,0.5308927297592163,,0.5308927297592163,0.0007277451806039224,0.7277451806039223,cosine,256,12,0.001
116,1.035024642944336,,1.035024642944336,0.0007233175613480459,0.7233175613480458,cosine,256,12,0.001
117,0.7808783054351807,,0.7808783054351807,0.0007188701521957184,0.7188701521957184,cosine,256,12,0.001
118,0.736840546131134,,0.736840546131134,0.0007144034609648779,0.7144034609648778,cosine,256,12,0.001
119,0.793311357498169,,0.793311357498169,0.000709917997675145,0.709917997675145,cosine,256,12,0.001
120,0.7393589019775391,0.9575603604316711,0.9575603604316711,0.0007054142744895884,0.7054142744895884,cosine,256,12,0.001
121,0.8242459297180176,,0.8242459297180176,0.000700892805656244,0.700892805656244,cosine,256,12,0.001
122,0.5122736692428589,,0.5122736692428589,0.0006963541074493962,0.6963541074493962,cosine,256,12,0.001
123,0.6246391534805298,,0.6246391534805298,0.0006917986981106295,0.6917986981106294,cosine,256,12,0.001
124,0.6883101463317871,,0.6883101463317871,0.0006872270977896524,0.6872270977896523,cosine,256,12,0.001
125,0.7211085557937622,,0.7211085557937622,0.000682639828484907,0.6826398284849069,cosine,256,12,0.001
126,0.5725131034851074,,0.5725131034851074,0.0006780374139839646,0.6780374139839646,cosine,256,12,0.001
127,0.5897884964942932,,0.5897884964942932,0.0006734203798037187,0.6734203798037187,cosine,256,12,0.001
128,0.904427170753479,,0.904427170753479,0.0006687892531303794,0.6687892531303794,cosine,256,12,0.001
129,0.7455958724021912,,0.7455958724021912,0.0006641445627592783,0.6641445627592782,cosine,256,12,0.001
130,0.5320995450019836,0.8720010593533516,0.8720010593533516,0.000659486839034489,0.6594868390344889,cosine,256,12,0.001
131,0.6224497556686401,,0.6224497556686401,0.0006548166137882704,0.6548166137882704,cosine,256,12,0.001
132,0.9438579082489014,,0.9438579082489014,0.0006501344202803415,0.6501344202803414,cosine,256,12,0.001
133,0.5782836675643921,,0.5782836675643921,0.0006454407931369917,0.6454407931369917,cosine,256,12,0.001
134,0.6266666650772095,,0.6266666650772095,0.000640736268290035,0.6407362682900349,cosine,256,12,0.001
135,0.5023517608642578,,0.5023517608642578,0.0006360213829156176,0.6360213829156176,cosine,256,12,0.001
136,0.7708023190498352,,0.7708023190498352,0.0006312966753728795,0.6312966753728795,cosine,256,12,0.001
137,0.30533504486083984,,0.30533504486083984,0.0006265626851424847,0.6265626851424847,cosine,256,12,0.001
138,0.5508770942687988,,0.5508770942687988,0.0006218199527650207,0.6218199527650207,cosine,256,12,0.001
139,0.6458538770675659,,0.6458538770675659,0.0006170690197792785,0.6170690197792785,cosine,256,12,0.001
140,0.5876786112785339,0.7471914105117321,0.7471914105117321,0.0006123104286604183,0.6123104286604183,cosine,256,12,0.001
141,0.5542738437652588,,0.5542738437652588,0.0006075447227580277,0.6075447227580277,cosine,256,12,0.001
142,0.43371817469596863,,0.43371817469596863,0.0006027724462340809,0.6027724462340809,cosine,256,12,0.001
143,0.524171769618988,,0.524171769618988,0.0005979941440008041,0.5979941440008041,cosine,256,12,0.001
144,0.5046003460884094,,0.5046003460884094,0.0005932103616584568,0.5932103616584568,cosine,256,12,0.001
145,0.5827481746673584,,0.5827481746673584,0.0005884216454330329,0.5884216454330329,cosine,256,12,0.001
146,0.519646406173706,,0.519646406173706,0.000583628542113891,0.5836285421138909,cosine,256,12,0.001
147,0.6282353401184082,,0.6282353401184082,0.0005788315989913209,0.5788315989913209,cosine,256,12,0.001
148,0.3788021504878998,,0.3788021504878998,0.0005740313637940521,0.5740313637940521,cosine,256,12,0.001
149,0.47521674633026123,,0.47521674633026123,0.0005692283846267126,0.5692283846267125,cosine,256,12,0.001
150,0.5390813946723938,0.7026802003383636,0.7026802003383636,0.0005644232099072449,0.5644232099072449,cosine,256,12,0.001
151,0.4814351797103882,,0.4814351797103882,0.0005596163883042857,0.5596163883042857,cosine,256,12,0.001
152,0.38140934705734253,,0.38140934705734253,0.0005548084686745181,0.554808468674518,cosine,256,12,0.001
153,0.7137120962142944,,0.7137120962142944,0.00055,0.55,cosine,256,12,0.001
154,0.37669575214385986,,0.37669575214385986,0.0005451915313254822,0.5451915313254821,cosine,256,12,0.001
155,0.33209478855133057,,0.33209478855133057,0.0005403836116957143,0.5403836116957144,cosine,256,12,0.001
156,0.4572971761226654,,0.4572971761226654,0.0005355767900927552,0.5355767900927552,cosine,256,12,0.001
157,0.43521133065223694,,0.43521133065223694,0.0005307716153732876,0.5307716153732875,cosine,256,12,0.001
158,0.49844658374786377,,0.49844658374786377,0.0005259686362059481,0.525968636205948,cosine,256,12,0.001
159,0.41933107376098633,,0.41933107376098633,0.0005211684010086792,0.5211684010086792,cosine,256,12,0.001
160,0.49032413959503174,0.6652421094477177,0.6652421094477177,0.0005163714578861091,0.516371457886109,cosine,256,12,0.001
161,0.4788994789123535,,0.4788994789123535,0.0005115783545669671,0.5115783545669671,cosine,256,12,0.001
162,0.38731613755226135,,0.38731613755226135,0.0005067896383415433,0.5067896383415432,cosine,256,12,0.001
163,0.3892553150653839,,0.3892553150653839,0.0005020058559991959,0.5020058559991959,cosine,256,12,0.001
164,0.4200597405433655,,0.4200597405433655,0.0004972275537659192,0.4972275537659192,cosine,256,12,0.001
165,0.33416038751602173,,0.33416038751602173,0.0004924552772419723,0.49245527724197224,cosine,256,12,0.001
166,0.4865306317806244,,0.4865306317806244,0.0004876895713395816,0.4876895713395816,cosine,256,12,0.001
167,0.44567611813545227,,0.44567611813545227,0.00048293098022072144,0.48293098022072145,cosine,256,12,0.001
168,0.33906543254852295,,0.33906543254852295,0.0004781800472349794,0.4781800472349794,cosine,256,12,0.001
169,0.5204563736915588,,0.5204563736915588,0.0004734373148575154,0.4734373148575154,cosine,256,12,0.001
170,0.29661253094673157,0.5715897120535374,0.5715897120535374,0.0004687033246271206,0.4687033246271206,cosine,256,12,0.001
171,0.3357200622558594,,0.3357200622558594,0.0004639786170843826,0.4639786170843826,cosine,256,12,0.001
172,0.4127001166343689,,0.4127001166343689,0.00045926373170996514,0.45926373170996515,cosine,256,12,0.001
173,0.40365707874298096,,0.40365707874298096,0.00045455920686300854,0.45455920686300855,cosine,256,12,0.001
174,0.2703576683998108,,0.2703576683998108,0.0004498655797196586,0.44986557971965857,cosine,256,12,0.001
175,0.2671195864677429,,0.2671195864677429,0.00044518338621172973,0.4451833862117297,cosine,256,12,0.001
176,0.3447381556034088,,0.3447381556034088,0.00044051316096551117,0.4405131609655112,cosine,256,12,0.001
177,0.3353928029537201,,0.3353928029537201,0.00043585543724072173,0.43585543724072173,cosine,256,12,0.001
178,0.40045368671417236,,0.40045368671417236,0.0004312107468696206,0.4312107468696206,cosine,256,12,0.001
179,0.4045717716217041,,0.4045717716217041,0.0004265796201962815,0.4265796201962815,cosine,256,12,0.001
180,0.47261661291122437,0.5086533911526203,0.5086533911526203,0.00042196258601603546,0.4219625860160354,cosine,256,12,0.001
181,0.2246645838022232,,0.2246645838022232,0.00041736017151509306,0.4173601715150931,cosine,256,12,0.001
182,0.43492549657821655,,0.43492549657821655,0.0004127729022103478,0.4127729022103478,cosine,256,12,0.001
183,0.336808979511261,,0.336808979511261,0.0004082013018893708,0.40820130188937076,cosine,256,12,0.001
184,0.29414743185043335,,0.29414743185043335,0.0004036458925506039,0.4036458925506039,cosine,256,12,0.001
185,0.136252760887146,,0.136252760887146,0.0003991071943437561,0.3991071943437561,cosine,256,12,0.001
186,0.36675137281417847,,0.36675137281417847,0.0003945857255104116,0.3945857255104116,cosine,256,12,0.001
187,0.4613615870475769,,0.4613615870475769,0.00039008200232485514,0.3900820023248551,cosine,256,12,0.001
188,0.3294107913970947,,0.3294107913970947,0.00038559653903512224,0.38559653903512225,cosine,256,12,0.001
189,0.29754942655563354,,0.29754942655563354,0.0003811298478042817,0.3811298478042817,cosine,256,12,0.001
190,0.36547327041625977,0.5065605342388153,0.5065605342388153,0.00037668243865195415,0.37668243865195417,cosine,256,12,0.001
191,0.44626086950302124,,0.44626086950302124,0.00037225481939607766,0.37225481939607763,cosine,256,12,0.001
192,0.1854824423789978,,0.1854824423789978,0.0003678474955949228,0.3678474955949228,cosine,256,12,0.001
193,0.42159733176231384,,0.42159733176231384,0.0003634609704893671,0.3634609704893671,cosine,256,12,0.001
194,0.30759286880493164,,0.30759286880493164,0.00035909574494543306,0.35909574494543306,cosine,256,12,0.001
195,0.36190325021743774,,0.36190325021743774,0.0003547523173970989,0.3547523173970989,cosine,256,12,0.001
196,0.30425071716308594,,0.30425071716308594,0.000350431183789384,0.350431183789384,cosine,256,12,0.001
197,0.618270754814148,,0.618270754814148,0.0003461328375217223,0.3461328375217223,cosine,256,12,0.001
198,0.4286699891090393,,0.4286699891090393,0.0003418577693916243,0.34185776939162427,cosine,256,12,0.001
199,0.20938923954963684,,0.20938923954963684,0.00033760646753863466,0.33760646753863466,cosine,256,12,0.001
200,0.3778301477432251,0.4732416793704033,0.4732416793704033,0.0003333794173885978,0.33337941738859783,cosine,256,12,0.001
201,0.3919903635978699,,0.3919903635978699,0.0003291771015982281,0.3291771015982281,cosine,256,12,0.001
202,0.4278315305709839,,0.4278315305709839,0.00032500000000000015,0.3250000000000001,cosine,256,12,0.001
203,0.2129128873348236,,0.2129128873348236,0.00032084858954735965,0.3208485895473596,cosine,256,12,0.001
204,0.28401631116867065,,0.28401631116867065,0.0003167233442602637,0.3167233442602637,cosine,256,12,0.001
205,0.3049755394458771,,0.3049755394458771,0.00031262473517105593,0.31262473517105593,cosine,256,12,0.001
206,0.353455126285553,,0.353455126285553,0.00030855323027068174,0.3085532302706817,cosine,256,12,0.001
207,0.2187243103981018,,0.2187243103981018,0.00030450929445525316,0.30450929445525315,cosine,256,12,0.001
208,0.4841994047164917,,0.4841994047164917,0.0003004933894729647,0.3004933894729647,cosine,256,12,0.001
209,0.42607077956199646,,0.42607077956199646,0.0002965059738713701,0.2965059738713701,cosine,256,12,0.001
210,0.2339722067117691,0.40342167764902115,0.40342167764902115,0.0002925475029450237,0.29254750294502374,cosine,256,12,0.001
211,0.3266390264034271,,0.3266390264034271,0.00028861842868349374,0.28861842868349374,cosine,256,12,0.001
212,0.2681167423725128,,0.2681167423725128,0.0002847191997197531,0.2847191997197531,cosine,256,12,0.001
213,0.26754117012023926,,0.26754117012023926,0.00028085026127895287,0.28085026127895285,cosine,256,12,0.001
214,0.2047584354877472,,0.2047584354877472,0.0002770120551275851,0.2770120551275851,cosine,256,12,0.001
215,0.37758690118789673,,0.37758690118789673,0.00027320501952304133,0.2732050195230413,cosine,256,12,0.001
216,0.41408833861351013,,0.41408833861351013,0.00026942958916356994,0.26942958916356996,cosine,256,12,0.001
217,0.3013473451137543,,0.3013473451137543,0.00026568619513864244,0.26568619513864244,cosine,256,12,0.001
218,0.2314867079257965,,0.2314867079257965,0.0002619752648797292,0.2619752648797292,cosine,256,12,0.001
219,0.37225013971328735,,0.37225013971328735,0.0002582972221114953,0.2582972221114953,cosine,256,12,0.001
220,0.38259997963905334,0.36837629973888397,0.36837629973888397,0.0002546524868034169,0.25465248680341684,cosine,256,12,0.001
221,0.3118927478790283,,0.3118927478790283,0.0002510414751218293,0.2510414751218293,cosine,256,12,0.001
222,0.4068989157676697,,0.4068989157676697,0.00024746459938240745,0.24746459938240742,cosine,256,12,0.001
223,0.3397580087184906,,0.3397580087184906,0.0002439222680030862,0.2439222680030862,cosine,256,12,0.001
224,0.4045991599559784,,0.4045991599559784,0.0002404148854574266,0.24041488545742662,cosine,256,12,0.001
225,0.33093884587287903,,0.33093884587287903,0.00023694285222843116,0.23694285222843114,cosine,256,12,0.001
226,0.37670519948005676,,0.37670519948005676,0.00023350656476281615,0.23350656476281614,cosine,256,12,0.001
227,0.3013051152229309,,0.3013051152229309,0.0002301064154257443,0.2301064154257443,cosine,256,12,0.001
228,0.2946392297744751,,0.2946392297744751,0.00022674279245602264,0.22674279245602263,cosine,256,12,0.001
229,0.18881931900978088,,0.18881931900978088,0.00022341607992177316,0.22341607992177315,cosine,256,12,0.001
230,0.41153115034103394,0.33906295523047447,0.33906295523047447,0.0002201266576765783,0.2201266576765783,cosine,256,12,0.001
231,0.46721529960632324,,0.46721529960632324,0.00021687490131610816,0.21687490131610815,cosine,256,12,0.001
232,0.21560077369213104,,0.21560077369213104,0.0002136611821352341,0.2136611821352341,cosine,256,12,0.001
233,0.15438690781593323,,0.15438690781593323,0.00021048586708563355,0.21048586708563355,cosine,256,12,0.001
234,0.29295358061790466,,0.29295358061790466,0.00020734931873388952,0.2073493187338895,cosine,256,12,0.001
235,0.3374902009963989,,0.3374902009963989,0.00020425189522009263,0.20425189522009263,cosine,256,12,0.001
236,0.8607183694839478,,0.8607183694839478,0.00020119395021694675,0.20119395021694675,cosine,256,12,0.001
237,0.5705984830856323,,0.5705984830856323,0.00019817583288938664,0.19817583288938664,cosine,256,12,0.001
238,0.7275973558425903,,0.7275973558425903,0.00019519788785470852,0.1951978878547085,cosine,256,12,0.001
239,0.3385768532752991,,0.3385768532752991,0.0001922604551432211,0.1922604551432211,cosine,256,12,0.001
240,0.4780380129814148,0.268153864890337,0.268153864890337,0.00018936387015941957,0.18936387015941958,cosine,256,12,0.001
241,0.3983301520347595,,0.3983301520347595,0.00018650846364368852,0.1865084636436885,cosine,256,12,0.001
242,0.593629002571106,,0.593629002571106,0.00018369456163453682,0.18369456163453682,cosine,256,12,0.001
243,0.3783300220966339,,0.3783300220966339,0.00018092248543136985,0.18092248543136985,cosine,256,12,0.001
244,0.3320319950580597,,0.3320319950580597,0.00017819255155780234,0.17819255155780234,cosine,256,12,0.001
245,0.3465009033679962,,0.3465009033679962,0.00017550507172551684,0.17550507172551683,cosine,256,12,0.001
246,0.24467889964580536,,0.24467889964580536,0.00017286035279867173,0.17286035279867173,cosine,256,12,0.001
247,0.4050416946411133,,0.4050416946411133,0.00017025869675886253,0.17025869675886252,cosine,256,12,0.001
248,0.24052301049232483,,0.24052301049232483,0.00016770040067064075,0.16770040067064074,cosine,256,12,0.001
249,0.33941224217414856,,0.33941224217414856,0.00016518575664759428,0.16518575664759427,cosine,256,12,0.001
250,0.1250815987586975,0.22302914783358574,0.22302914783358574,0.00016271505181899272,0.1627150518189927,cosine,256,12,0.001
251,0.3358430862426758,,0.3358430862426758,0.00016028856829700258,0.16028856829700258,cosine,256,12,0.001
252,0.2693033218383789,,0.2693033218383789,0.0001579065831444748,0.15790658314447478,cosine,256,12,0.001
253,0.2284761369228363,,0.2284761369228363,0.0001555693683433085,0.1555693683433085,cosine,256,12,0.001
254,0.0845000147819519,,0.0845000147819519,0.00015327719076339594,0.15327719076339594,cosine,256,12,0.001
255,0.26916515827178955,,0.26916515827178955,0.00015103031213214996,0.15103031213214996,cosine,256,12,0.001
256,0.20038539171218872,,0.20038539171218872,0.00014882898900461976,0.14882898900461974,cosine,256,12,0.001
257,0.24602919816970825,,0.24602919816970825,0.00014667347273419608,0.14667347273419606,cosine,256,12,0.001
258,0.3810703456401825,,0.3810703456401825,0.00014456400944391147,0.14456400944391146,cosine,256,12,0.001
259,0.29755112528800964,,0.29755112528800964,0.00014250083999833716,0.14250083999833715,cosine,256,12,0.001
260,0.31999853253364563,0.20468284003436565,0.20468284003436565,0.0001404841999760801,0.14048419997608008,cosine,256,12,0.001
261,0.18902863562107086,,0.18902863562107086,0.00013851431964288444,0.13851431964288444,cosine,256,12,0.001
262,0.2872276306152344,,0.2872276306152344,0.00013659142392533874,0.13659142392533874,cosine,256,12,0.001
263,0.1622263640165329,,0.1622263640165329,0.00013471573238519336,0.13471573238519335,cosine,256,12,0.001
264,0.27532801032066345,,0.27532801032066345,0.00013288745919429028,0.13288745919429026,cosine,256,12,0.001
265,0.18302494287490845,,0.18302494287490845,0.00013110681311010814,0.13110681311010813,cosine,256,12,0.001
266,0.23630958795547485,,0.23630958795547485,0.00012937399745192605,0.12937399745192604,cosine,256,12,0.001
267,0.16211380064487457,,0.16211380064487457,0.00012768921007760787,0.12768921007760786,cosine,256,12,0.001
268,0.18219570815563202,,0.18219570815563202,0.00012605264336101,0.12605264336101,cosine,256,12,0.001
269,0.1691606640815735,,0.1691606640815735,0.00012446448417001603,0.12446448417001603,cosine,256,12,0.001
270,0.12293101847171783,0.19799546711146832,0.19799546711146832,0.00012292491384519912,0.12292491384519912,cosine,256,12,0.001
271,0.18715731799602509,,0.18715731799602509,0.0001214341081791165,0.1214341081791165,cosine,256,12,0.001
272,0.1318715661764145,,0.1318715661764145,0.00011999223739623666,0.11999223739623666,cosine,256,12,0.001
273,0.2996833920478821,,0.2996833920478821,0.00011859946613350275,0.11859946613350275,cosine,256,12,0.001
274,0.13432355225086212,,0.13432355225086212,0.00011725595342153371,0.1172559534215337,cosine,256,12,0.001
275,0.14888255298137665,,0.14888255298137665,0.00011596185266646594,0.11596185266646594,cosine,256,12,0.001
276,0.09439247846603394,,0.09439247846603394,0.00011471731163243675,0.11471731163243676,cosine,256,12,0.001
277,0.25366079807281494,,0.25366079807281494,0.00011352247242471242,0.11352247242471242,cosine,256,12,0.001
278,0.1913253515958786,,0.1913253515958786,0.00011237747147346202,0.11237747147346203,cosine,256,12,0.001
279,0.14917971193790436,,0.14917971193790436,0.00011128243951817938,0.11128243951817937,cosine,256,12,0.001
280,0.1305193454027176,0.18471981585025787,0.18471981585025787,0.00011023750159275521,0.11023750159275521,cosine,256,12,0.001
281,0.22543081641197205,,0.22543081641197205,0.00010924277701119999,0.10924277701119998,cosine,256,12,0.001
282,0.3068163990974426,,0.3068163990974426,0.00010829837935402057,0.10829837935402056,cosine,256,12,0.001
283,0.15388943254947662,,0.15388943254947662,0.00010740441645525128,0.10740441645525128,cosine,256,12,0.001
284,0.1967640072107315,,0.1967640072107315,0.00010656099039014087,0.10656099039014086,cosine,256,12,0.001
285,0.21357889473438263,,0.21357889473438263,0.00010576819746349742,0.10576819746349743,cosine,256,12,0.001
286,0.2789645195007324,,0.2789645195007324,0.00010502612819869217,0.10502612819869217,cosine,256,12,0.001
287,0.1732821762561798,,0.1732821762561798,0.00010433486732732288,0.10433486732732289,cosine,256,12,0.001
288,0.2562371492385864,,0.2562371492385864,0.00010369449377953928,0.10369449377953928,cosine,256,12,0.001
289,0.272540420293808,,0.272540420293808,0.00010310508067503047,0.10310508067503046,cosine,256,12,0.001
290,0.12445403635501862,0.16386308707296848,0.16386308707296848,0.0001025666953146759,0.10256669531467591,cosine,256,12,0.001
291,0.1842646300792694,,0.1842646300792694,0.0001020793991728608,0.1020793991728608,cosine,256,12,0.001
292,0.1763218194246292,,0.1763218194246292,0.0001016432478904569,0.1016432478904569,cosine,256,12,0.001
293,0.23200248181819916,,0.23200248181819916,0.00010125829126846895,0.10125829126846894,cosine,256,12,0.001
294,0.1321433186531067,,0.1321433186531067,0.00010092457326234867,0.10092457326234866,cosine,256,12,0.001
295,0.14011125266551971,,0.14011125266551971,0.00010064213197697547,0.10064213197697547,cosine,256,12,0.001
296,0.22799023985862732,,0.22799023985862732,0.00010041099966230578,0.10041099966230578,cosine,256,12,0.001
297,0.16429191827774048,,0.16429191827774048,0.00010023120270969045,0.10023120270969045,cosine,256,12,0.001
298,0.1003778800368309,,0.1003778800368309,0.00010010276164886145,0.10010276164886145,cosine,256,12,0.001
299,0.2761305272579193,,0.2761305272579193,0.00010002569114558753,0.10002569114558753,cosine,256,12,0.001
300,0.17109474539756775,0.1546360868960619,0.1546360868960619,0.0001,0.1,cosine,256,12,0.001
1,3.4419162273406982,3.513801693916321,3.513801693916321,4.9999999999999996e-05,0.16666666666666666,wsd,256,10,0.0003
2,3.658933639526367,,3.658933639526367,9.999999999999999e-05,0.3333333333333333,wsd,256,10,0.0003
3,3.562880754470825,,3.562880754470825,0.00015,0.5,wsd,256,10,0.0003
4,3.4497222900390625,,3.4497222900390625,0.00019999999999999998,0.6666666666666666,wsd,256,10,0.0003
5,3.2056241035461426,,3.2056241035461426,0.00025,0.8333333333333334,wsd,256,10,0.0003
6,3.1186044216156006,,3.1186044216156006,0.0003,1.0,wsd,256,10,0.0003
7,3.3342037200927734,,3.3342037200927734,0.0003,1.0,wsd,256,10,0.0003
8,3.171342372894287,,3.171342372894287,0.0003,1.0,wsd,256,10,0.0003
9,3.0228123664855957,,3.0228123664855957,0.0003,1.0,wsd,256,10,0.0003
10,2.9156830310821533,2.8489686846733093,2.8489686846733093,0.0003,1.0,wsd,256,10,0.0003
11,2.748007297515869,,2.748007297515869,0.0003,1.0,wsd,256,10,0.0003
12,2.750444173812866,,2.750444173812866,0.0003,1.0,wsd,256,10,0.0003
13,2.8192968368530273,,2.8192968368530273,0.0003,1.0,wsd,256,10,0.0003
14,2.8980605602264404,,2.8980605602264404,0.0003,1.0,wsd,256,10,0.0003
15,2.724803924560547,,2.724803924560547,0.0003,1.0,wsd,256,10,0.0003
16,2.7153356075286865,,2.7153356075286865,0.0003,1.0,wsd,256,10,0.0003
17,2.4678330421447754,,2.4678330421447754,0.0003,1.0,wsd,256,10,0.0003
18,2.5943443775177,,2.5943443775177,0.0003,1.0,wsd,256,10,0.0003
19,2.661888599395752,,2.661888599395752,0.0003,1.0,wsd,256,10,0.0003
20,2.430929660797119,2.446203112602234,2.446203112602234,0.0003,1.0,wsd,256,10,0.0003
21,2.4923908710479736,,2.4923908710479736,0.0003,1.0,wsd,256,10,0.0003
22,2.4152743816375732,,2.4152743816375732,0.0003,1.0,wsd,256,10,0.0003
23,2.477151870727539,,2.477151870727539,0.0003,1.0,wsd,256,10,0.0003
24,2.3625364303588867,,2.3625364303588867,0.0003,1.0,wsd,256,10,0.0003
25,2.3639376163482666,,2.3639376163482666,0.0003,1.0,wsd,256,10,0.0003
26,2.196896553039551,,2.196896553039551,0.0003,1.0,wsd,256,10,0.0003
27,2.3352556228637695,,2.3352556228637695,0.0003,1.0,wsd,256,10,0.0003
28,2.0734269618988037,,2.0734269618988037,0.0003,1.0,wsd,256,10,0.0003
29,2.252601385116577,,2.252601385116577,0.0003,1.0,wsd,256,10,0.0003
30,2.2329463958740234,2.1510987281799316,2.1510987281799316,0.0003,1.0,wsd,256,10,0.0003
31,2.225024700164795,,2.225024700164795,0.0003,1.0,wsd,256,10,0.0003
32,2.275012731552124,,2.275012731552124,0.0003,1.0,wsd,256,10,0.0003
33,2.2281289100646973,,2.2281289100646973,0.0003,1.0,wsd,256,10,0.0003
34,2.236013412475586,,2.236013412475586,0.0003,1.0,wsd,256,10,0.0003
35,2.2277374267578125,,2.2277374267578125,0.0003,1.0,wsd,256,10,0.0003
36,2.131510019302368,,2.131510019302368,0.0003,1.0,wsd,256,10,0.0003
37,1.9172441959381104,,1.9172441959381104,0.0003,1.0,wsd,256,10,0.0003
38,2.060868978500366,,2.060868978500366,0.0003,1.0,wsd,256,10,0.0003
39,1.956795573234558,,1.956795573234558,0.0003,1.0,wsd,256,10,0.0003
40,2.142458200454712,1.9431408941745758,1.9431408941745758,0.0003,1.0,wsd,256,10,0.0003
41,1.9084312915802002,,1.9084312915802002,0.0003,1.0,wsd,256,10,0.0003
42,2.0262539386749268,,2.0262539386749268,0.0003,1.0,wsd,256,10,0.0003
43,2.0644898414611816,,2.0644898414611816,0.0003,1.0,wsd,256,10,0.0003
44,2.1115877628326416,,2.1115877628326416,0.0003,1.0,wsd,256,10,0.0003
45,1.8575888872146606,,1.8575888872146606,0.0003,1.0,wsd,256,10,0.0003
46,2.0229053497314453,,2.0229053497314453,0.0003,1.0,wsd,256,10,0.0003
47,2.0459091663360596,,2.0459091663360596,0.0003,1.0,wsd,256,10,0.0003
48,1.72594153881073,,1.72594153881073,0.0003,1.0,wsd,256,10,0.0003
49,1.840834140777588,,1.840834140777588,0.0003,1.0,wsd,256,10,0.0003
50,1.9359323978424072,1.8029237985610962,1.8029237985610962,0.0003,1.0,wsd,256,10,0.0003
51,2.110356569290161,,2.110356569290161,0.0003,1.0,wsd,256,10,0.0003
52,1.6947247982025146,,1.6947247982025146,0.0003,1.0,wsd,256,10,0.0003
53,2.0538368225097656,,2.0538368225097656,0.0003,1.0,wsd,256,10,0.0003
54,2.0388059616088867,,2.0388059616088867,0.0003,1.0,wsd,256,10,0.0003
55,1.9321045875549316,,1.9321045875549316,0.0003,1.0,wsd,256,10,0.0003
56,1.7334210872650146,,1.7334210872650146,0.0003,1.0,wsd,256,10,0.0003
57,1.9079185724258423,,1.9079185724258423,0.0003,1.0,wsd,256,10,0.0003
58,1.9964267015457153,,1.9964267015457153,0.0003,1.0,wsd,256,10,0.0003
59,1.6826493740081787,,1.6826493740081787,0.0003,1.0,wsd,256,10,0.0003
60,1.6003286838531494,1.6934236884117126,1.6934236884117126,0.0003,1.0,wsd,256,10,0.0003
61,1.9059159755706787,,1.9059159755706787,0.0003,1.0,wsd,256,10,0.0003
62,1.9856231212615967,,1.9856231212615967,0.0003,1.0,wsd,256,10,0.0003
63,1.5633060932159424,,1.5633060932159424,0.0003,1.0,wsd,256,10,0.0003
64,1.7874730825424194,,1.7874730825424194,0.0003,1.0,wsd,256,10,0.0003
65,1.845827341079712,,1.845827341079712,0.0003,1.0,wsd,256,10,0.0003
66,1.8864226341247559,,1.8864226341247559,0.0003,1.0,wsd,256,10,0.0003
67,1.5499486923217773,,1.5499486923217773,0.0003,1.0,wsd,256,10,0.0003
68,1.825989842414856,,1.825989842414856,0.0003,1.0,wsd,256,10,0.0003
69,1.8985484838485718,,1.8985484838485718,0.0003,1.0,wsd,256,10,0.0003
70,1.6303887367248535,1.576630026102066,1.576630026102066,0.0003,1.0,wsd,256,10,0.0003
71,1.4611001014709473,,1.4611001014709473,0.0003,1.0,wsd,256,10,0.0003
72,1.7659350633621216,,1.7659350633621216,0.0003,1.0,wsd,256,10,0.0003
73,1.8192771673202515,,1.8192771673202515,0.0003,1.0,wsd,256,10,0.0003
74,1.4130851030349731,,1.4130851030349731,0.0003,1.0,wsd,256,10,0.0003
75,1.6082892417907715,,1.6082892417907715,0.0003,1.0,wsd,256,10,0.0003
76,1.7437196969985962,,1.7437196969985962,0.0003,1.0,wsd,256,10,0.0003
77,1.803510069847107,,1.803510069847107,0.0003,1.0,wsd,256,10,0.0003
78,1.3839932680130005,,1.3839932680130005,0.0003,1.0,wsd,256,10,0.0003
79,1.6963831186294556,,1.6963831186294556,0.0003,1.0,wsd,256,10,0.0003
80,1.6373043060302734,1.4999724328517914,1.4999724328517914,0.0003,1.0,wsd,256,10,0.0003
81,1.6371697187423706,,1.6371697187423706,0.0003,1.0,wsd,256,10,0.0003
82,1.5165834426879883,,1.5165834426879883,0.0003,1.0,wsd,256,10,0.0003
83,1.7358360290527344,,1.7358360290527344,0.0003,1.0,wsd,256,10,0.0003
84,1.8599464893341064,,1.8599464893341064,0.0003,1.0,wsd,256,10,0.0003
85,1.4004898071289062,,1.4004898071289062,0.0003,1.0,wsd,256,10,0.0003
86,1.6000009775161743,,1.6000009775161743,0.0003,1.0,wsd,256,10,0.0003
87,1.6629728078842163,,1.6629728078842163,0.0003,1.0,wsd,256,10,0.0003
88,1.6856454610824585,,1.6856454610824585,0.0003,1.0,wsd,256,10,0.0003
89,1.2566590309143066,,1.2566590309143066,0.0003,1.0,wsd,256,10,0.0003
90,1.644214153289795,1.4458916783332825,1.4458916783332825,0.0003,1.0,wsd,256,10,0.0003
91,1.668713927268982,,1.668713927268982,0.0003,1.0,wsd,256,10,0.0003
92,1.5224483013153076,,1.5224483013153076,0.0003,1.0,wsd,256,10,0.0003
93,1.3029532432556152,,1.3029532432556152,0.0003,1.0,wsd,256,10,0.0003
94,1.695733904838562,,1.695733904838562,0.0003,1.0,wsd,256,10,0.0003
95,1.6891170740127563,,1.6891170740127563,0.0003,1.0,wsd,256,10,0.0003
96,1.2997139692306519,,1.2997139692306519,0.0003,1.0,wsd,256,10,0.0003
97,1.4938015937805176,,1.4938015937805176,0.0003,1.0,wsd,256,10,0.0003
98,1.7084838151931763,,1.7084838151931763,0.0003,1.0,wsd,256,10,0.0003
99,1.6599299907684326,,1.6599299907684326,0.0003,1.0,wsd,256,10,0.0003
100,1.2747772932052612,1.3825840950012207,1.3825840950012207,0.0003,1.0,wsd,256,10,0.0003
101,1.6645616292953491,,1.6645616292953491,0.0003,1.0,wsd,256,10,0.0003
102,1.6362923383712769,,1.6362923383712769,0.0003,1.0,wsd,256,10,0.0003
103,1.4572038650512695,,1.4572038650512695,0.0003,1.0,wsd,256,10,0.0003
104,1.2589232921600342,,1.2589232921600342,0.0003,1.0,wsd,256,10,0.0003
105,1.721038579940796,,1.721038579940796,0.0003,1.0,wsd,256,10,0.0003
106,1.7074612379074097,,1.7074612379074097,0.0003,1.0,wsd,256,10,0.0003
107,1.3119778633117676,,1.3119778633117676,0.0003,1.0,wsd,256,10,0.0003
108,1.4623037576675415,,1.4623037576675415,0.0003,1.0,wsd,256,10,0.0003
109,1.6834665536880493,,1.6834665536880493,0.0003,1.0,wsd,256,10,0.0003
110,1.5467171669006348,1.309998244047165,1.309998244047165,0.0003,1.0,wsd,256,10,0.0003
111,1.1541616916656494,,1.1541616916656494,0.0003,1.0,wsd,256,10,0.0003
112,1.5309830904006958,,1.5309830904006958,0.0003,1.0,wsd,256,10,0.0003
113,1.4552321434020996,,1.4552321434020996,0.0003,1.0,wsd,256,10,0.0003
114,1.444242238998413,,1.444242238998413,0.0003,1.0,wsd,256,10,0.0003
115,1.1293936967849731,,1.1293936967849731,0.0003,1.0,wsd,256,10,0.0003
116,1.6219359636306763,,1.6219359636306763,0.0003,1.0,wsd,256,10,0.0003
117,1.6402714252471924,,1.6402714252471924,0.0003,1.0,wsd,256,10,0.0003
118,1.2341854572296143,,1.2341854572296143,0.0003,1.0,wsd,256,10,0.0003
119,1.3441928625106812,,1.3441928625106812,0.0003,1.0,wsd,256,10,0.0003
120,1.5170329809188843,1.2400834262371063,1.2400834262371063,0.0003,1.0,wsd,256,10,0.0003
121,1.5880733728408813,,1.5880733728408813,0.0003,1.0,wsd,256,10,0.0003
122,1.1761839389801025,,1.1761839389801025,0.0003,1.0,wsd,256,10,0.0003
123,1.45034921169281,,1.45034921169281,0.0003,1.0,wsd,256,10,0.0003
124,1.4694467782974243,,1.4694467782974243,0.0003,1.0,wsd,256,10,0.0003
125,1.4390658140182495,,1.4390658140182495,0.0003,1.0,wsd,256,10,0.0003
126,1.0899044275283813,,1.0899044275283813,0.0003,1.0,wsd,256,10,0.0003
127,1.534701943397522,,1.534701943397522,0.0003,1.0,wsd,256,10,0.0003
128,1.6862812042236328,,1.6862812042236328,0.0003,1.0,wsd,256,10,0.0003
129,1.1252411603927612,,1.1252411603927612,0.0003,1.0,wsd,256,10,0.0003
130,1.257104516029358,1.168518140912056,1.168518140912056,0.0003,1.0,wsd,256,10,0.0003
131,1.4353259801864624,,1.4353259801864624,0.0003,1.0,wsd,256,10,0.0003
132,1.5417144298553467,,1.5417144298553467,0.0003,1.0,wsd,256,10,0.0003
133,1.0762834548950195,,1.0762834548950195,0.0003,1.0,wsd,256,10,0.0003
134,1.362038254737854,,1.362038254737854,0.0003,1.0,wsd,256,10,0.0003
135,1.519263744354248,,1.519263744354248,0.0003,1.0,wsd,256,10,0.0003
136,1.4154244661331177,,1.4154244661331177,0.0003,1.0,wsd,256,10,0.0003
137,0.9289186000823975,,0.9289186000823975,0.0003,1.0,wsd,256,10,0.0003
138,1.3165127038955688,,1.3165127038955688,0.0003,1.0,wsd,256,10,0.0003
139,1.5826342105865479,,1.5826342105865479,0.0003,1.0,wsd,256,10,0.0003
140,1.224770188331604,1.0827413499355316,1.0827413499355316,0.0003,1.0,wsd,256,10,0.0003
141,1.0479072332382202,,1.0479072332382202,0.0003,1.0,wsd,256,10,0.0003
142,1.2656406164169312,,1.2656406164169312,0.0003,1.0,wsd,256,10,0.0003
143,1.453096628189087,,1.453096628189087,0.0003,1.0,wsd,256,10,0.0003
144,0.9018585681915283,,0.9018585681915283,0.0003,1.0,wsd,256,10,0.0003
145,1.241799235343933,,1.241799235343933,0.0003,1.0,wsd,256,10,0.0003
146,1.3852187395095825,,1.3852187395095825,0.0003,1.0,wsd,256,10,0.0003
147,1.126007318496704,,1.126007318496704,0.0003,1.0,wsd,256,10,0.0003
148,0.8624796271324158,,0.8624796271324158,0.0003,1.0,wsd,256,10,0.0003
149,1.2878719568252563,,1.2878719568252563,0.0003,1.0,wsd,256,10,0.0003
150,1.46426260471344,0.993657574057579,0.993657574057579,0.0003,1.0,wsd,256,10,0.0003
151,1.105822205543518,,1.105822205543518,0.0003,1.0,wsd,256,10,0.0003
152,1.1118619441986084,,1.1118619441986084,0.0003,1.0,wsd,256,10,0.0003
153,1.2634021043777466,,1.2634021043777466,0.0003,1.0,wsd,256,10,0.0003
154,1.2988899946212769,,1.2988899946212769,0.0003,1.0,wsd,256,10,0.0003
155,0.8642466068267822,,0.8642466068267822,0.0003,1.0,wsd,256,10,0.0003
156,1.0220128297805786,,1.0220128297805786,0.0003,1.0,wsd,256,10,0.0003
157,1.3462361097335815,,1.3462361097335815,0.0003,1.0,wsd,256,10,0.0003
158,1.0663177967071533,,1.0663177967071533,0.0003,1.0,wsd,256,10,0.0003
159,0.7206070423126221,,0.7206070423126221,0.0003,1.0,wsd,256,10,0.0003
160,1.1969870328903198,0.9149956405162811,0.9149956405162811,0.0003,1.0,wsd,256,10,0.0003
161,1.3008406162261963,,1.3008406162261963,0.0003,1.0,wsd,256,10,0.0003
162,0.932728111743927,,0.932728111743927,0.0003,1.0,wsd,256,10,0.0003
163,0.8180695176124573,,0.8180695176124573,0.0003,1.0,wsd,256,10,0.0003
164,1.196315884590149,,1.196315884590149,0.0003,1.0,wsd,256,10,0.0003
165,1.059715747833252,,1.059715747833252,0.0003,1.0,wsd,256,10,0.0003
166,0.7925604581832886,,0.7925604581832886,0.0003,1.0,wsd,256,10,0.0003
167,0.9405093193054199,,0.9405093193054199,0.0003,1.0,wsd,256,10,0.0003
168,1.3479024171829224,,1.3479024171829224,0.0003,1.0,wsd,256,10,0.0003
169,1.1722047328948975,,1.1722047328948975,0.0003,1.0,wsd,256,10,0.0003
170,0.7354950308799744,0.8383595049381256,0.8383595049381256,0.0003,1.0,wsd,256,10,0.0003
171,1.0892587900161743,,1.0892587900161743,0.0003,1.0,wsd,256,10,0.0003
172,1.0859447717666626,,1.0859447717666626,0.0003,1.0,wsd,256,10,0.0003
173,0.953411877155304,,0.953411877155304,0.0003,1.0,wsd,256,10,0.0003
174,0.7527211308479309,,0.7527211308479309,0.0003,1.0,wsd,256,10,0.0003
175,1.0396472215652466,,1.0396472215652466,0.0003,1.0,wsd,256,10,0.0003
176,0.9172240495681763,,0.9172240495681763,0.0003,1.0,wsd,256,10,0.0003
177,0.721755862236023,,0.721755862236023,0.0003,1.0,wsd,256,10,0.0003
178,0.8341240286827087,,0.8341240286827087,0.0003,1.0,wsd,256,10,0.0003
179,1.062117576599121,,1.062117576599121,0.0003,1.0,wsd,256,10,0.0003
180,0.9075682163238525,0.7642998397350311,0.7642998397350311,0.0003,1.0,wsd,256,10,0.0003
181,0.5946869850158691,,0.5946869850158691,0.0003,1.0,wsd,256,10,0.0003
182,0.9920803904533386,,0.9920803904533386,0.0003,1.0,wsd,256,10,0.0003
183,0.9323329925537109,,0.9323329925537109,0.0003,1.0,wsd,256,10,0.0003
184,0.6587742567062378,,0.6587742567062378,0.0003,1.0,wsd,256,10,0.0003
185,0.558401346206665,,0.558401346206665,0.0003,1.0,wsd,256,10,0.0003
186,1.0764317512512207,,1.0764317512512207,0.0003,1.0,wsd,256,10,0.0003
187,0.9428229928016663,,0.9428229928016663,0.0003,1.0,wsd,256,10,0.0003
188,0.6949940323829651,,0.6949940323829651,0.0003,1.0,wsd,256,10,0.0003
189,0.7511172890663147,,0.7511172890663147,0.0003,1.0,wsd,256,10,0.0003
190,1.0320136547088623,0.6965520232915878,0.6965520232915878,0.0003,1.0,wsd,256,10,0.0003
191,0.8106690049171448,,0.8106690049171448,0.0003,1.0,wsd,256,10,0.0003
192,0.613693356513977,,0.613693356513977,0.0003,1.0,wsd,256,10,0.0003
193,0.9179258942604065,,0.9179258942604065,0.0003,1.0,wsd,256,10,0.0003
194,0.9160160422325134,,0.9160160422325134,0.0003,1.0,wsd,256,10,0.0003
195,0.7638821601867676,,0.7638821601867676,0.0003,1.0,wsd,256,10,0.0003
196,0.4927970767021179,,0.4927970767021179,0.0003,1.0,wsd,256,10,0.0003
197,1.0771896839141846,,1.0771896839141846,0.0003,1.0,wsd,256,10,0.0003
198,0.8203532099723816,,0.8203532099723816,0.0003,1.0,wsd,256,10,0.0003
199,0.4614427983760834,,0.4614427983760834,0.0003,1.0,wsd,256,10,0.0003
200,0.6713101863861084,0.6364112868905067,0.6364112868905067,0.0003,1.0,wsd,256,10,0.0003
201,0.8945397734642029,,0.8945397734642029,0.0003,1.0,wsd,256,10,0.0003
202,0.7268570065498352,,0.7268570065498352,0.0003,1.0,wsd,256,10,0.0003
203,0.6196109652519226,,0.6196109652519226,0.0003,1.0,wsd,256,10,0.0003
204,0.6639202833175659,,0.6639202833175659,0.0003,1.0,wsd,256,10,0.0003
205,0.9117406010627747,,0.9117406010627747,0.0003,1.0,wsd,256,10,0.0003
206,0.5722022652626038,,0.5722022652626038,0.0003,1.0,wsd,256,10,0.0003
207,0.44832688570022583,,0.44832688570022583,0.0003,1.0,wsd,256,10,0.0003
208,0.9367260932922363,,0.9367260932922363,0.0003,1.0,wsd,256,10,0.0003
209,0.6122468113899231,,0.6122468113899231,0.0003,1.0,wsd,256,10,0.0003
210,0.37841176986694336,0.5222160890698433,0.5222160890698433,0.0003,1.0,wsd,256,10,0.0003
211,0.4839971959590912,,0.4839971959590912,0.0003,1.0,wsd,256,10,0.0003
212,0.6601592302322388,,0.6601592302322388,0.0003,1.0,wsd,256,10,0.0003
213,0.5811977386474609,,0.5811977386474609,0.0003,1.0,wsd,256,10,0.0003
214,0.508927583694458,,0.508927583694458,0.0003,1.0,wsd,256,10,0.0003
215,0.6727093458175659,,0.6727093458175659,0.0003,1.0,wsd,256,10,0.0003
216,0.6550523042678833,,0.6550523042678833,0.0003,1.0,wsd,256,10,0.0003
217,0.5761855840682983,,0.5761855840682983,0.0003,1.0,wsd,256,10,0.0003
218,0.4498382806777954,,0.4498382806777954,0.0003,1.0,wsd,256,10,0.0003
219,0.6414743661880493,,0.6414743661880493,0.0003,1.0,wsd,256,10,0.0003
220,0.7577477693557739,0.473476804792881,0.473476804792881,0.0003,1.0,wsd,256,10,0.0003
221,0.39507579803466797,,0.39507579803466797,0.0003,1.0,wsd,256,10,0.0003
222,0.4569874107837677,,0.4569874107837677,0.0003,1.0,wsd,256,10,0.0003
223,0.5659624338150024,,0.5659624338150024,0.0003,1.0,wsd,256,10,0.0003
224,0.5876217484474182,,0.5876217484474182,0.0003,1.0,wsd,256,10,0.0003
225,0.469440758228302,,0.469440758228302,0.0003,1.0,wsd,256,10,0.0003
226,0.5673000812530518,,0.5673000812530518,0.0003,1.0,wsd,256,10,0.0003
227,0.5988089442253113,,0.5988089442253113,0.0003,1.0,wsd,256,10,0.0003
228,0.433388888835907,,0.433388888835907,0.0003,1.0,wsd,256,10,0.0003
229,0.39143458008766174,,0.39143458008766174,0.0003,1.0,wsd,256,10,0.0003
230,0.652014434337616,0.42499057948589325,0.42499057948589325,0.0003,1.0,wsd,256,10,0.0003
231,0.5732935667037964,,0.5732935667037964,0.0003,1.0,wsd,256,10,0.0003
232,0.3632775545120239,,0.3632775545120239,0.0003,1.0,wsd,256,10,0.0003
233,0.3232744038105011,,0.3232744038105011,0.0003,1.0,wsd,256,10,0.0003
234,0.5653195381164551,,0.5653195381164551,0.0003,1.0,wsd,256,10,0.0003
235,0.5347983241081238,,0.5347983241081238,0.0003,1.0,wsd,256,10,0.0003
236,0.5893803238868713,,0.5893803238868713,0.0003,1.0,wsd,256,10,0.0003
237,0.6737797260284424,,0.6737797260284424,0.0003,1.0,wsd,256,10,0.0003
238,0.44072771072387695,,0.44072771072387695,0.0003,1.0,wsd,256,10,0.0003
239,0.3993074893951416,,0.3993074893951416,0.0003,1.0,wsd,256,10,0.0003
240,0.44127357006073,0.35788267850875854,0.35788267850875854,0.0003,1.0,wsd,256,10,0.0003
241,0.47356295585632324,,0.47356295585632324,0.0003,1.0,wsd,256,10,0.0003
242,0.5225788354873657,,0.5225788354873657,0.0003,1.0,wsd,256,10,0.0003
243,0.4577763080596924,,0.4577763080596924,0.0003,1.0,wsd,256,10,0.0003
244,0.5847997069358826,,0.5847997069358826,0.0003,1.0,wsd,256,10,0.0003
245,0.5087705254554749,,0.5087705254554749,0.0003,1.0,wsd,256,10,0.0003
246,0.3687332272529602,,0.3687332272529602,0.0003,1.0,wsd,256,10,0.0003
247,0.28129348158836365,,0.28129348158836365,0.0003,1.0,wsd,256,10,0.0003
248,0.43163126707077026,,0.43163126707077026,0.0003,1.0,wsd,256,10,0.0003
249,0.3012763559818268,,0.3012763559818268,0.0003,1.0,wsd,256,10,0.0003
250,0.2162267416715622,0.3388838805258274,0.3388838805258274,0.0003,1.0,wsd,256,10,0.0003
251,0.44665616750717163,,0.44665616750717163,0.0003,1.0,wsd,256,10,0.0003
252,0.5815861821174622,,0.5815861821174622,0.0003,1.0,wsd,256,10,0.0003
253,0.3042468726634979,,0.3042468726634979,0.0003,1.0,wsd,256,10,0.0003
254,0.20073719322681427,,0.20073719322681427,0.0003,1.0,wsd,256,10,0.0003
255,0.4668971598148346,,0.4668971598148346,0.0003,1.0,wsd,256,10,0.0003
256,0.2651255428791046,,0.2651255428791046,0.0003,1.0,wsd,256,10,0.0003
257,0.37293732166290283,,0.37293732166290283,0.0003,1.0,wsd,256,10,0.0003
258,0.3991505801677704,,0.3991505801677704,0.0003,1.0,wsd,256,10,0.0003
259,0.5198051333427429,,0.5198051333427429,0.0003,1.0,wsd,256,10,0.0003
260,0.3679465055465698,0.30081285536289215,0.30081285536289215,0.0003,1.0,wsd,256,10,0.0003
261,0.26364558935165405,,0.26364558935165405,0.0003,1.0,wsd,256,10,0.0003
262,0.4171134829521179,,0.4171134829521179,0.0003,1.0,wsd,256,10,0.0003
263,0.3584540784358978,,0.3584540784358978,0.0003,1.0,wsd,256,10,0.0003
264,0.365278959274292,,0.365278959274292,0.0003,1.0,wsd,256,10,0.0003
265,0.2962210774421692,,0.2962210774421692,0.0003,1.0,wsd,256,10,0.0003
266,0.2748427093029022,,0.2748427093029022,0.0003,1.0,wsd,256,10,0.0003
267,0.2815026044845581,,0.2815026044845581,0.0003,1.0,wsd,256,10,0.0003
268,0.2880968451499939,,0.2880968451499939,0.0003,1.0,wsd,256,10,0.0003
269,0.31338179111480713,,0.31338179111480713,0.0003,1.0,wsd,256,10,0.0003
270,0.2620690166950226,0.2840833365917206,0.2840833365917206,0.0003,1.0,wsd,256,10,0.0003
271,0.24704821407794952,,0.24704821407794952,0.00029926045587471686,0.997534852915723,wsd,256,10,0.0003
272,0.2162526249885559,,0.2162526249885559,0.0002970499260990637,0.9901664203302125,wsd,256,10,0.0003
273,0.33598577976226807,,0.33598577976226807,0.0002933926296998457,0.9779754323328191,wsd,256,10,0.0003
274,0.2782467305660248,,0.2782467305660248,0.0002883286367817511,0.9610954559391703,wsd,256,10,0.0003
275,0.27399134635925293,,0.27399134635925293,0.0002819134295108992,0.9397114317029974,wsd,256,10,0.0003
276,0.1320771723985672,,0.1320771723985672,0.00027421729424061787,0.9140576474687263,wsd,256,10,0.0003
277,0.448203980922699,,0.448203980922699,0.0002653245514394482,0.8844151714648274,wsd,256,10,0.0003
278,0.3141733705997467,,0.3141733705997467,0.00025533263185844587,0.8511087728614862,wsd,256,10,0.0003
279,0.3600870966911316,,0.3600870966911316,0.00024435100905948387,0.8145033635316129,wsd,256,10,0.0003
280,0.21477839350700378,0.278276439756155,0.278276439756155,0.00023249999999999999,0.775,wsd,256,10,0.0003
281,0.36739686131477356,,0.36739686131477356,0.00021990944681523302,0.7330314893841101,wsd,256,10,0.0003
282,0.3085136413574219,,0.3085136413574219,0.00020671729424061788,0.6890576474687263,wsd,256,10,0.0003
283,0.22309446334838867,,0.22309446334838867,0.00019306807826039747,0.6435602608679917,wsd,256,10,0.0003
284,0.27108263969421387,,0.27108263969421387,0.0001791113425411332,0.5970378084704441,wsd,256,10,0.0003
285,0.33662688732147217,,0.33662688732147217,0.000165,0.55,wsd,256,10,0.0003
286,0.38411596417427063,,0.38411596417427063,0.0001508886574588668,0.502962191529556,wsd,256,10,0.0003
287,0.15340656042099,,0.15340656042099,0.00013693192173960253,0.4564397391320084,wsd,256,10,0.0003
288,0.36700719594955444,,0.36700719594955444,0.00012328270575938212,0.41094235253127376,wsd,256,10,0.0003
289,0.2784198820590973,,0.2784198820590973,0.00011009055318476698,0.36696851061589,wsd,256,10,0.0003
290,0.1745806336402893,0.2528127133846283,0.2528127133846283,9.750000000000003e-05,0.3250000000000001,wsd,256,10,0.0003
291,0.2579095661640167,,0.2579095661640167,8.564899094051614e-05,0.2854966364683872,wsd,256,10,0.0003
292,0.29506710171699524,,0.29506710171699524,7.466736814155418e-05,0.24889122713851394,wsd,256,10,0.0003
293,0.31661856174468994,,0.31661856174468994,6.467544856055175e-05,0.21558482853517255,wsd,256,10,0.0003
294,0.22519779205322266,,0.22519779205322266,5.578270575938211e-05,0.18594235253127372,wsd,256,10,0.0003
295,0.2398684173822403,,0.2398684173822403,4.808657048910077e-05,0.16028856829700258,wsd,256,10,0.0003
296,0.2653818726539612,,0.2653818726539612,4.167136321824887e-05,0.13890454406082958,wsd,256,10,0.0003
297,0.24883222579956055,,0.24883222579956055,3.660737030015427e-05,0.12202456766718092,wsd,256,10,0.0003
298,0.13511177897453308,,0.13511177897453308,3.2950073900936234e-05,0.10983357966978745,wsd,256,10,0.0003
299,0.29554417729377747,,0.29554417729377747,3.0739544125283105e-05,0.10246514708427702,wsd,256,10,0.0003
300,0.19279740750789642,0.2403831109404564,0.2403831109404564,2.9999999999999997e-05,0.1,wsd,256,10,0.0003
1,3.4637770652770996,3.4446513056755066,3.4446513056755066,4.9999999999999996e-05,0.16666666666666666,wsd,256,11,0.0003
2,3.4448328018188477,,3.4448328018188477,9.999999999999999e-05,0.3333333333333333,wsd,256,11,0.0003
3,3.4571845531463623,,3.4571845531463623,0.00015,0.5,wsd,256,11,0.0003
4,3.4168155193328857,,3.4168155193328857,0.00019999999999999998,0.6666666666666666,wsd,256,11,0.0003
5,3.3491809368133545,,3.3491809368133545,0.00025,0.8333333333333334,wsd,256,11,0.0003
6,3.170600652694702,,3.170600652694702,0.0003,1.0,wsd,256,11,0.0003
7,3.0120158195495605,,3.0120158195495605,0.0003,1.0,wsd,256,11,0.0003
8,3.2096471786499023,,3.2096471786499023,0.0003,1.0,wsd,256,11,0.0003
9,2.946375846862793,,2.946375846862793,0.0003,1.0,wsd,256,11,0.0003
10,3.0509543418884277,2.8353418111801147,2.8353418111801147,0.0003,1.0,wsd,256,11,0.0003
11,2.820218563079834,,2.820218563079834,0.0003,1.0,wsd,256,11,0.0003
12,3.0704281330108643,,3.0704281330108643,0.0003,1.0,wsd,256,11,0.0003
13,2.741179943084717,,2.741179943084717,0.0003,1.0,wsd,256,11,0.0003
14,2.751983165740967,,2.751983165740967,0.0003,1.0,wsd,256,11,0.0003
15,2.397944688796997,,2.397944688796997,0.0003,1.0,wsd,256,11,0.0003
16,2.8592896461486816,,2.8592896461486816,0.0003,1.0,wsd,256,11,0.0003
17,2.679640769958496,,2.679640769958496,0.0003,1.0,wsd,256,11,0.0003
18,2.5324325561523438,,2.5324325561523438,0.0003,1.0,wsd,256,11,0.0003
19,2.6741864681243896,,2.6741864681243896,0.0003,1.0,wsd,256,11,0.0003
20,2.4712154865264893,2.4280691742897034,2.4280691742897034,0.0003,1.0,wsd,256,11,0.0003
21,2.4730286598205566,,2.4730286598205566,0.0003,1.0,wsd,256,11,0.0003
22,2.4766390323638916,,2.4766390323638916,0.0003,1.0,wsd,256,11,0.0003
23,2.556851625442505,,2.556851625442505,0.0003,1.0,wsd,256,11,0.0003
24,2.443312883377075,,2.443312883377075,0.0003,1.0,wsd,256,11,0.0003
25,2.2513387203216553,,2.2513387203216553,0.0003,1.0,wsd,256,11,0.0003
26,2.241946220397949,,2.241946220397949,0.0003,1.0,wsd,256,11,0.0003
27,2.4488327503204346,,2.4488327503204346,0.0003,1.0,wsd,256,11,0.0003
28,2.1881754398345947,,2.1881754398345947,0.0003,1.0,wsd,256,11,0.0003
29,2.2110610008239746,,2.2110610008239746,0.0003,1.0,wsd,256,11,0.0003
30,2.3372108936309814,2.134624421596527,2.134624421596527,0.0003,1.0,wsd,256,11,0.0003
31,2.35442852973938,,2.35442852973938,0.0003,1.0,wsd,256,11,0.0003
32,2.201805591583252,,2.201805591583252,0.0003,1.0,wsd,256,11,0.0003
33,2.331408739089966,,2.331408739089966,0.0003,1.0,wsd,256,11,0.0003
34,2.474736213684082,,2.474736213684082,0.0003,1.0,wsd,256,11,0.0003
35,2.2139477729797363,,2.2139477729797363,0.0003,1.0,wsd,256,11,0.0003
36,2.244619369506836,,2.244619369506836,0.0003,1.0,wsd,256,11,0.0003
37,1.9856070280075073,,1.9856070280075073,0.0003,1.0,wsd,256,11,0.0003
38,2.2268598079681396,,2.2268598079681396,0.0003,1.0,wsd,256,11,0.0003
39,1.8896316289901733,,1.8896316289901733,0.0003,1.0,wsd,256,11,0.0003
40,2.051783800125122,1.9226986467838287,1.9226986467838287,0.0003,1.0,wsd,256,11,0.0003
41,2.0598161220550537,,2.0598161220550537,0.0003,1.0,wsd,256,11,0.0003
42,2.1063692569732666,,2.1063692569732666,0.0003,1.0,wsd,256,11,0.0003
43,1.9578837156295776,,1.9578837156295776,0.0003,1.0,wsd,256,11,0.0003
44,2.1180737018585205,,2.1180737018585205,0.0003,1.0,wsd,256,11,0.0003
45,2.022359848022461,,2.022359848022461,0.0003,1.0,wsd,256,11,0.0003
46,2.04590106010437,,2.04590106010437,0.0003,1.0,wsd,256,11,0.0003
47,2.029618263244629,,2.029618263244629,0.0003,1.0,wsd,256,11,0.0003
48,1.6737675666809082,,1.6737675666809082,0.0003,1.0,wsd,256,11,0.0003
49,1.9172024726867676,,1.9172024726867676,0.0003,1.0,wsd,256,11,0.0003
50,1.9250606298446655,1.7685319483280182,1.7685319483280182,0.0003,1.0,wsd,256,11,0.0003
51,2.0881030559539795,,2.0881030559539795,0.0003,1.0,wsd,256,11,0.0003
52,1.7785934209823608,,1.7785934209823608,0.0003,1.0,wsd,256,11,0.0003
53,1.9039188623428345,,1.9039188623428345,0.0003,1.0,wsd,256,11,0.0003
54,1.9192615747451782,,1.9192615747451782,0.0003,1.0,wsd,256,11,0.0003
55,1.9602012634277344,,1.9602012634277344,0.0003,1.0,wsd,256,11,0.0003
56,1.7613037824630737,,1.7613037824630737,0.0003,1.0,wsd,256,11,0.0003
57,1.9148122072219849,,1.9148122072219849,0.0003,1.0,wsd,256,11,0.0003
58,1.877016544342041,,1.877016544342041,0.0003,1.0,wsd,256,11,0.0003
59,1.6346408128738403,,1.6346408128738403,0.0003,1.0,wsd,256,11,0.0003
60,1.7476279735565186,1.6561591029167175,1.6561591029167175,0.0003,1.0,wsd,256,11,0.0003
61,1.876885175704956,,1.876885175704956,0.0003,1.0,wsd,256,11,0.0003
62,1.9756743907928467,,1.9756743907928467,0.0003,1.0,wsd,256,11,0.0003
63,1.5781041383743286,,1.5781041383743286,0.0003,1.0,wsd,256,11,0.0003
64,1.8467447757720947,,1.8467447757720947,0.0003,1.0,wsd,256,11,0.0003
65,1.7835522890090942,,1.7835522890090942,0.0003,1.0,wsd,256,11,0.0003
66,1.8828407526016235,,1.8828407526016235,0.0003,1.0,wsd,256,11,0.0003
67,1.4846810102462769,,1.4846810102462769,0.0003,1.0,wsd,256,11,0.0003
68,1.8291146755218506,,1.8291146755218506,0.0003,1.0,wsd,256,11,0.0003
69,1.8447778224945068,,1.8447778224945068,0.0003,1.0,wsd,256,11,0.0003
70,1.6244962215423584,1.5485211312770844,1.5485211312770844,0.0003,1.0,wsd,256,11,0.0003
71,1.592616081237793,,1.592616081237793,0.0003,1.0,wsd,256,11,0.0003
72,1.797446608543396,,1.797446608543396,0.0003,1.0,wsd,256,11,0.0003
73,1.8513267040252686,,1.8513267040252686,0.0003,1.0,wsd,256,11,0.0003
74,1.5039234161376953,,1.5039234161376953,0.0003,1.0,wsd,256,11,0.0003
75,1.6230158805847168,,1.6230158805847168,0.0003,1.0,wsd,256,11,0.0003
76,1.7618303298950195,,1.7618303298950195,0.0003,1.0,wsd,256,11,0.0003
77,1.7994134426116943,,1.7994134426116943,0.0003,1.0,wsd,256,11,0.0003
78,1.423056960105896,,1.423056960105896,0.0003,1.0,wsd,256,11,0.0003
79,1.625444769859314,,1.625444769859314,0.0003,1.0,wsd,256,11,0.0003
80,1.6518495082855225,1.4785200953483582,1.4785200953483582,0.0003,1.0,wsd,256,11,0.0003
81,1.6129966974258423,,1.6129966974258423,0.0003,1.0,wsd,256,11,0.0003
82,1.4495081901550293,,1.4495081901550293,0.0003,1.0,wsd,256,11,0.0003
83,1.7168492078781128,,1.7168492078781128,0.0003,1.0,wsd,256,11,0.0003
84,1.8289960622787476,,1.8289960622787476,0.0003,1.0,wsd,256,11,0.0003
85,1.443778157234192,,1.443778157234192,0.0003,1.0,wsd,256,11,0.0003
86,1.625400424003601,,1.625400424003601,0.0003,1.0,wsd,256,11,0.0003
87,1.7090551853179932,,1.7090551853179932,0.0003,1.0,wsd,256,11,0.0003
88,1.7270679473876953,,1.7270679473876953,0.0003,1.0,wsd,256,11,0.0003
89,1.311121940612793,,1.311121940612793,0.0003,1.0,wsd,256,11,0.0003
90,1.5843000411987305,1.429538756608963,1.429538756608963,0.0003,1.0,wsd,256,11,0.0003
91,1.6421103477478027,,1.6421103477478027,0.0003,1.0,wsd,256,11,0.0003
92,1.5322290658950806,,1.5322290658950806,0.0003,1.0,wsd,256,11,0.0003
93,1.2827908992767334,,1.2827908992767334,0.0003,1.0,wsd,256,11,0.0003
94,1.6819523572921753,,1.6819523572921753,0.0003,1.0,wsd,256,11,0.0003
95,1.7116093635559082,,1.7116093635559082,0.0003,1.0,wsd,256,11,0.0003
96,1.266170620918274,,1.266170620918274,0.0003,1.0,wsd,256,11,0.0003
97,1.4501570463180542,,1.4501570463180542,0.0003,1.0,wsd,256,11,0.0003
98,1.684126853942871,,1.684126853942871,0.0003,1.0,wsd,256,11,0.0003
99,1.608121633529663,,1.608121633529663,0.0003,1.0,wsd,256,11,0.0003
100,1.2854520082473755,1.3580971360206604,1.3580971360206604,0.0003,1.0,wsd,256,11,0.0003
101,1.6590863466262817,,1.6590863466262817,0.0003,1.0,wsd,256,11,0.0003
102,1.6564888954162598,,1.6564888954162598,0.0003,1.0,wsd,256,11,0.0003
103,1.5327945947647095,,1.5327945947647095,0.0003,1.0,wsd,256,11,0.0003
104,1.2567862272262573,,1.2567862272262573,0.0003,1.0,wsd,256,11,0.0003
105,1.6793203353881836,,1.6793203353881836,0.0003,1.0,wsd,256,11,0.0003
106,1.7556419372558594,,1.7556419372558594,0.0003,1.0,wsd,256,11,0.0003
107,1.2531923055648804,,1.2531923055648804,0.0003,1.0,wsd,256,11,0.0003
108,1.466381311416626,,1.466381311416626,0.0003,1.0,wsd,256,11,0.0003
109,1.6834800243377686,,1.6834800243377686,0.0003,1.0,wsd,256,11,0.0003
110,1.5250300168991089,1.282835990190506,1.282835990190506,0.0003,1.0,wsd,256,11,0.0003
111,1.2614880800247192,,1.2614880800247192,0.0003,1.0,wsd,256,11,0.0003
112,1.4428397417068481,,1.4428397417068481,0.0003,1.0,wsd,256,11,0.0003
113,1.3991265296936035,,1.3991265296936035,0.0003,1.0,wsd,256,11,0.0003
114,1.4858946800231934,,1.4858946800231934,0.0003,1.0,wsd,256,11,0.0003
115,1.2517815828323364,,1.2517815828323364,0.0003,1.0,wsd,256,11,0.0003
116,1.6185003519058228,,1.6185003519058228,0.0003,1.0,wsd,256,11,0.0003
117,1.5318387746810913,,1.5318387746810913,0.0003,1.0,wsd,256,11,0.0003
118,1.2226085662841797,,1.2226085662841797,0.0003,1.0,wsd,256,11,0.0003
119,1.3110175132751465,,1.3110175132751465,0.0003,1.0,wsd,256,11,0.0003
120,1.5594744682312012,1.218662589788437,1.218662589788437,0.0003,1.0,wsd,256,11,0.0003
121,1.5746442079544067,,1.5746442079544067,0.0003,1.0,wsd,256,11,0.0003
122,1.2039718627929688,,1.2039718627929688,0.0003,1.0,wsd,256,11,0.0003
123,1.3826128244400024,,1.3826128244400024,0.0003,1.0,wsd,256,11,0.0003
124,1.5160716772079468,,1.5160716772079468,0.0003,1.0,wsd,256,11,0.0003
125,1.4791293144226074,,1.4791293144226074,0.0003,1.0,wsd,256,11,0.0003
126,1.0125020742416382,,1.0125020742416382,0.0003,1.0,wsd,256,11,0.0003
127,1.4997844696044922,,1.4997844696044922,0.0003,1.0,wsd,256,11,0.0003
128,1.5399551391601562,,1.5399551391601562,0.0003,1.0,wsd,256,11,0.0003
129,1.1563823223114014,,1.1563823223114014,0.0003,1.0,wsd,256,11,0.0003
130,1.2792590856552124,1.151206061244011,1.151206061244011,0.0003,1.0,wsd,256,11,0.0003
131,1.5223463773727417,,1.5223463773727417,0.0003,1.0,wsd,256,11,0.0003
132,1.555801510810852,,1.555801510810852,0.0003,1.0,wsd,256,11,0.0003
133,1.2090771198272705,,1.2090771198272705,0.0003,1.0,wsd,256,11,0.0003
134,1.2306129932403564,,1.2306129932403564,0.0003,1.0,wsd,256,11,0.0003
135,1.4007846117019653,,1.4007846117019653,0.0003,1.0,wsd,256,11,0.0003
136,1.3640021085739136,,1.3640021085739136,0.0003,1.0,wsd,256,11,0.0003
137,0.9675493240356445,,0.9675493240356445,0.0003,1.0,wsd,256,11,0.0003
138,1.219163179397583,,1.219163179397583,0.0003,1.0,wsd,256,11,0.0003
139,1.4306319952011108,,1.4306319952011108,0.0003,1.0,wsd,256,11,0.0003
140,1.078014850616455,1.0777241736650467,1.0777241736650467,0.0003,1.0,wsd,256,11,0.0003
141,1.0275763273239136,,1.0275763273239136,0.0003,1.0,wsd,256,11,0.0003
142,1.3381924629211426,,1.3381924629211426,0.0003,1.0,wsd,256,11,0.0003
143,1.351996898651123,,1.351996898651123,0.0003,1.0,wsd,256,11,0.0003
144,0.8726518154144287,,0.8726518154144287,0.0003,1.0,wsd,256,11,0.0003
145,1.2212769985198975,,1.2212769985198975,0.0003,1.0,wsd,256,11,0.0003
146,1.2792692184448242,,1.2792692184448242,0.0003,1.0,wsd,256,11,0.0003
147,1.227181077003479,,1.227181077003479,0.0003,1.0,wsd,256,11,0.0003
148,0.9300001859664917,,0.9300001859664917,0.0003,1.0,wsd,256,11,0.0003
149,1.182727336883545,,1.182727336883545,0.0003,1.0,wsd,256,11,0.0003
150,1.4534775018692017,0.9896600395441055,0.9896600395441055,0.0003,1.0,wsd,256,11,0.0003
151,1.038255214691162,,1.038255214691162,0.0003,1.0,wsd,256,11,0.0003
152,1.0287070274353027,,1.0287070274353027,0.0003,1.0,wsd,256,11,0.0003
153,1.352609395980835,,1.352609395980835,0.0003,1.0,wsd,256,11,0.0003
154,1.2768535614013672,,1.2768535614013672,0.0003,1.0,wsd,256,11,0.0003
155,0.9192901253700256,,0.9192901253700256,0.0003,1.0,wsd,256,11,0.0003
156,0.9760289788246155,,0.9760289788246155,0.0003,1.0,wsd,256,11,0.0003
157,1.2330639362335205,,1.2330639362335205,0.0003,1.0,wsd,256,11,0.0003
158,1.1571617126464844,,1.1571617126464844,0.0003,1.0,wsd,256,11,0.0003
159,0.7464935779571533,,0.7464935779571533,0.0003,1.0,wsd,256,11,0.0003
160,1.1490973234176636,0.888517826795578,0.888517826795578,0.0003,1.0,wsd,256,11,0.0003
161,1.174742341041565,,1.174742341041565,0.0003,1.0,wsd,256,11,0.0003
162,1.0055313110351562,,1.0055313110351562,0.0003,1.0,wsd,256,11,0.0003
163,0.7891861796379089,,0.7891861796379089,0.0003,1.0,wsd,256,11,0.0003
164,1.2431728839874268,,1.2431728839874268,0.0003,1.0,wsd,256,11,0.0003
165,1.0427255630493164,,1.0427255630493164,0.0003,1.0,wsd,256,11,0.0003
166,0.8952867984771729,,0.8952867984771729,0.0003,1.0,wsd,256,11,0.0003
167,0.8990477323532104,,0.8990477323532104,0.0003,1.0,wsd,256,11,0.0003
168,1.0795540809631348,,1.0795540809631348,0.0003,1.0,wsd,256,11,0.0003
169,1.2205642461776733,,1.2205642461776733,0.0003,1.0,wsd,256,11,0.0003
170,0.7779476642608643,0.8184574097394943,0.8184574097394943,0.0003,1.0,wsd,256,11,0.0003
171,1.1134958267211914,,1.1134958267211914,0.0003,1.0,wsd,256,11,0.0003
172,1.1201879978179932,,1.1201879978179932,0.0003,1.0,wsd,256,11,0.0003
173,0.9302172660827637,,0.9302172660827637,0.0003,1.0,wsd,256,11,0.0003
174,0.7546354532241821,,0.7546354532241821,0.0003,1.0,wsd,256,11,0.0003
175,0.9615610241889954,,0.9615610241889954,0.0003,1.0,wsd,256,11,0.0003
176,1.002773404121399,,1.002773404121399,0.0003,1.0,wsd,256,11,0.0003
177,0.7527132034301758,,0.7527132034301758,0.0003,1.0,wsd,256,11,0.0003
178,0.8386667966842651,,0.8386667966842651,0.0003,1.0,wsd,256,11,0.0003
179,0.971087634563446,,0.971087634563446,0.0003,1.0,wsd,256,11,0.0003
180,0.9193902015686035,0.7564309686422348,0.7564309686422348,0.0003,1.0,wsd,256,11,0.0003
181,0.5537038445472717,,0.5537038445472717,0.0003,1.0,wsd,256,11,0.0003
182,0.9651779532432556,,0.9651779532432556,0.0003,1.0,wsd,256,11,0.0003
183,0.9027633666992188,,0.9027633666992188,0.0003,1.0,wsd,256,11,0.0003
184,0.7364679574966431,,0.7364679574966431,0.0003,1.0,wsd,256,11,0.0003
185,0.6569464206695557,,0.6569464206695557,0.0003,1.0,wsd,256,11,0.0003
186,1.0107557773590088,,1.0107557773590088,0.0003,1.0,wsd,256,11,0.0003
187,1.0579288005828857,,1.0579288005828857,0.0003,1.0,wsd,256,11,0.0003
188,0.6800758242607117,,0.6800758242607117,0.0003,1.0,wsd,256,11,0.0003
189,0.613454282283783,,0.613454282283783,0.0003,1.0,wsd,256,11,0.0003
190,0.9297322630882263,0.705669142305851,0.705669142305851,0.0003,1.0,wsd,256,11,0.0003
191,0.8322391510009766,,0.8322391510009766,0.0003,1.0,wsd,256,11,0.0003
192,0.6280407905578613,,0.6280407905578613,0.0003,1.0,wsd,256,11,0.0003
193,0.9280412793159485,,0.9280412793159485,0.0003,1.0,wsd,256,11,0.0003
194,0.8907901048660278,,0.8907901048660278,0.0003,1.0,wsd,256,11,0.0003
195,0.796957790851593,,0.796957790851593,0.0003,1.0,wsd,256,11,0.0003
196,0.5753863453865051,,0.5753863453865051,0.0003,1.0,wsd,256,11,0.0003
197,0.8783797025680542,,0.8783797025680542,0.0003,1.0,wsd,256,11,0.0003
198,0.9069682359695435,,0.9069682359695435,0.0003,1.0,wsd,256,11,0.0003
199,0.5461957454681396,,0.5461957454681396,0.0003,1.0,wsd,256,11,0.0003
200,0.7014602422714233,0.6395294442772865,0.6395294442772865,0.0003,1.0,wsd,256,11,0.0003
201,0.770892858505249,,0.770892858505249,0.0003,1.0,wsd,256,11,0.0003
202,0.7923087477684021,,0.7923087477684021,0.0003,1.0,wsd,256,11,0.0003
203,0.5238023996353149,,0.5238023996353149,0.0003,1.0,wsd,256,11,0.0003
204,0.6693572402000427,,0.6693572402000427,0.0003,1.0,wsd,256,11,0.0003
205,0.7591730356216431,,0.7591730356216431,0.0003,1.0,wsd,256,11,0.0003
206,0.6554893255233765,,0.6554893255233765,0.0003,1.0,wsd,256,11,0.0003
207,0.5352324843406677,,0.5352324843406677,0.0003,1.0,wsd,256,11,0.0003
208,0.8911522626876831,,0.8911522626876831,0.0003,1.0,wsd,256,11,0.0003
209,0.6229423880577087,,0.6229423880577087,0.0003,1.0,wsd,256,11,0.0003
210,0.4638475775718689,0.5436924919486046,0.5436924919486046,0.0003,1.0,wsd,256,11,0.0003
211,0.5180954337120056,,0.5180954337120056,0.0003,1.0,wsd,256,11,0.0003
212,0.6517961025238037,,0.6517961025238037,0.0003,1.0,wsd,256,11,0.0003
213,0.7673642039299011,,0.7673642039299011,0.0003,1.0,wsd,256,11,0.0003
214,0.4788683354854584,,0.4788683354854584,0.0003,1.0,wsd,256,11,0.0003
215,0.694110631942749,,0.694110631942749,0.0003,1.0,wsd,256,11,0.0003
216,0.5256122350692749,,0.5256122350692749,0.0003,1.0,wsd,256,11,0.0003
217,0.6223293542861938,,0.6223293542861938,0.0003,1.0,wsd,256,11,0.0003
218,0.45776861906051636,,0.45776861906051636,0.0003,1.0,wsd,256,11,0.0003
219,0.7346144318580627,,0.7346144318580627,0.0003,1.0,wsd,256,11,0.0003
220,0.7530950307846069,0.5410567447543144,0.5410567447543144,0.0003,1.0,wsd,256,11,0.0003
221,0.530427873134613,,0.530427873134613,0.0003,1.0,wsd,256,11,0.0003
222,0.48631784319877625,,0.48631784319877625,0.0003,1.0,wsd,256,11,0.0003
223,0.691783607006073,,0.691783607006073,0.0003,1.0,wsd,256,11,0.0003
224,0.6167417764663696,,0.6167417764663696,0.0003,1.0,wsd,256,11,0.0003
225,0.4111397862434387,,0.4111397862434387,0.0003,1.0,wsd,256,11,0.0003
226,0.6160506010055542,,0.6160506010055542,0.0003,1.0,wsd,256,11,0.0003
227,0.6720585823059082,,0.6720585823059082,0.0003,1.0,wsd,256,11,0.0003
228,0.5678142309188843,,0.5678142309188843,0.0003,1.0,wsd,256,11,0.0003
229,0.3401125967502594,,0.3401125967502594,0.0003,1.0,wsd,256,11,0.0003
230,0.5562669038772583,0.43568921834230423,0.43568921834230423,0.0003,1.0,wsd,256,11,0.0003
231,0.6225998401641846,,0.6225998401641846,0.0003,1.0,wsd,256,11,0.0003
232,0.33462846279144287,,0.33462846279144287,0.0003,1.0,wsd,256,11,0.0003
233,0.2966862916946411,,0.2966862916946411,0.0003,1.0,wsd,256,11,0.0003
234,0.6625069379806519,,0.6625069379806519,0.0003,1.0,wsd,256,11,0.0003
235,0.637907862663269,,0.637907862663269,0.0003,1.0,wsd,256,11,0.0003
236,0.5903175473213196,,0.5903175473213196,0.0003,1.0,wsd,256,11,0.0003
237,0.6327898502349854,,0.6327898502349854,0.0003,1.0,wsd,256,11,0.0003
238,0.6166231632232666,,0.6166231632232666,0.0003,1.0,wsd,256,11,0.0003
239,0.3489763140678406,,0.3489763140678406,0.0003,1.0,wsd,256,11,0.0003
240,0.42465388774871826,0.3493200019001961,0.3493200019001961,0.0003,1.0,wsd,256,11,0.0003
241,0.4978724420070648,,0.4978724420070648,0.0003,1.0,wsd,256,11,0.0003
242,0.5731887817382812,,0.5731887817382812,0.0003,1.0,wsd,256,11,0.0003
243,0.41546866297721863,,0.41546866297721863,0.0003,1.0,wsd,256,11,0.0003
244,0.5522644519805908,,0.5522644519805908,0.0003,1.0,wsd,256,11,0.0003
245,0.6095221042633057,,0.6095221042633057,0.0003,1.0,wsd,256,11,0.0003
246,0.3862777352333069,,0.3862777352333069,0.0003,1.0,wsd,256,11,0.0003
247,0.2997307777404785,,0.2997307777404785,0.0003,1.0,wsd,256,11,0.0003
248,0.394641250371933,,0.394641250371933,0.0003,1.0,wsd,256,11,0.0003
249,0.39829182624816895,,0.39829182624816895,0.0003,1.0,wsd,256,11,0.0003
250,0.3087499141693115,0.3132937662303448,0.3132937662303448,0.0003,1.0,wsd,256,11,0.0003
251,0.5399445295333862,,0.5399445295333862,0.0003,1.0,wsd,256,11,0.0003
252,0.41598910093307495,,0.41598910093307495,0.0003,1.0,wsd,256,11,0.0003
253,0.36175698041915894,,0.36175698041915894,0.0003,1.0,wsd,256,11,0.0003
254,0.20740941166877747,,0.20740941166877747,0.0003,1.0,wsd,256,11,0.0003
255,0.4476052224636078,,0.4476052224636078,0.0003,1.0,wsd,256,11,0.0003
256,0.40441760420799255,,0.40441760420799255,0.0003,1.0,wsd,256,11,0.0003
257,0.3451460003852844,,0.3451460003852844,0.0003,1.0,wsd,256,11,0.0003
258,0.34331804513931274,,0.34331804513931274,0.0003,1.0,wsd,256,11,0.0003
259,0.4109121263027191,,0.4109121263027191,0.0003,1.0,wsd,256,11,0.0003
260,0.4553927481174469,0.2961973138153553,0.2961973138153553,0.0003,1.0,wsd,256,11,0.0003
261,0.358442485332489,,0.358442485332489,0.0003,1.0,wsd,256,11,0.0003
262,0.5014872550964355,,0.5014872550964355,0.0003,1.0,wsd,256,11,0.0003
263,0.35772591829299927,,0.35772591829299927,0.0003,1.0,wsd,256,11,0.0003
264,0.33534181118011475,,0.33534181118011475,0.0003,1.0,wsd,256,11,0.0003
265,0.30903634428977966,,0.30903634428977966,0.0003,1.0,wsd,256,11,0.0003
266,0.33093661069869995,,0.33093661069869995,0.0003,1.0,wsd,256,11,0.0003
267,0.2741677463054657,,0.2741677463054657,0.0003,1.0,wsd,256,11,0.0003
268,0.2326103001832962,,0.2326103001832962,0.0003,1.0,wsd,256,11,0.0003
269,0.3338850438594818,,0.3338850438594818,0.0003,1.0,wsd,256,11,0.0003
270,0.2425478994846344,0.2901044972240925,0.2901044972240925,0.0003,1.0,wsd,256,11,0.0003
271,0.27588629722595215,,0.27588629722595215,0.00029926045587471686,0.997534852915723,wsd,256,11,0.0003
272,0.17300420999526978,,0.17300420999526978,0.0002970499260990637,0.9901664203302125,wsd,256,11,0.0003
273,0.35877344012260437,,0.35877344012260437,0.0002933926296998457,0.9779754323328191,wsd,256,11,0.0003
274,0.3076314926147461,,0.3076314926147461,0.0002883286367817511,0.9610954559391703,wsd,256,11,0.0003
275,0.20510193705558777,,0.20510193705558777,0.0002819134295108992,0.9397114317029974,wsd,256,11,0.0003
276,0.15051418542861938,,0.15051418542861938,0.00027421729424061787,0.9140576474687263,wsd,256,11,0.0003
277,0.35856473445892334,,0.35856473445892334,0.0002653245514394482,0.8844151714648274,wsd,256,11,0.0003
278,0.38936954736709595,,0.38936954736709595,0.00025533263185844587,0.8511087728614862,wsd,256,11,0.0003
279,0.2733578085899353,,0.2733578085899353,0.00024435100905948387,0.8145033635316129,wsd,256,11,0.0003
280,0.17145903408527374,0.2686505615711212,0.2686505615711212,0.00023249999999999999,0.775,wsd,256,11,0.0003
281,0.33854708075523376,,0.33854708075523376,0.00021990944681523302,0.7330314893841101,wsd,256,11,0.0003
282,0.3467317521572113,,0.3467317521572113,0.00020671729424061788,0.6890576474687263,wsd,256,11,0.0003
283,0.2615634799003601,,0.2615634799003601,0.00019306807826039747,0.6435602608679917,wsd,256,11,0.0003
284,0.29848381876945496,,0.29848381876945496,0.0001791113425411332,0.5970378084704441,wsd,256,11,0.0003
285,0.3246963918209076,,0.3246963918209076,0.000165,0.55,wsd,256,11,0.0003
286,0.3657601475715637,,0.3657601475715637,0.0001508886574588668,0.502962191529556,wsd,256,11,0.0003
287,0.2031635046005249,,0.2031635046005249,0.00013693192173960253,0.4564397391320084,wsd,256,11,0.0003
288,0.35155168175697327,,0.35155168175697327,0.00012328270575938212,0.41094235253127376,wsd,256,11,0.0003
289,0.29363662004470825,,0.29363662004470825,0.00011009055318476698,0.36696851061589,wsd,256,11,0.0003
290,0.1435190886259079,0.253957562148571,0.253957562148571,9.750000000000003e-05,0.3250000000000001,wsd,256,11,0.0003
291,0.2385181337594986,,0.2385181337594986,8.564899094051614e-05,0.2854966364683872,wsd,256,11,0.0003
292,0.24154424667358398,,0.24154424667358398,7.466736814155418e-05,0.24889122713851394,wsd,256,11,0.0003
293,0.36827680468559265,,0.36827680468559265,6.467544856055175e-05,0.21558482853517255,wsd,256,11,0.0003
294,0.2162332981824875,,0.2162332981824875,5.578270575938211e-05,0.18594235253127372,wsd,256,11,0.0003
295,0.22984382510185242,,0.22984382510185242,4.808657048910077e-05,0.16028856829700258,wsd,256,11,0.0003
296,0.32401272654533386,,0.32401272654533386,4.167136321824887e-05,0.13890454406082958,wsd,256,11,0.0003
297,0.162053644657135,,0.162053644657135,3.660737030015427e-05,0.12202456766718092,wsd,256,11,0.0003
298,0.21511368453502655,,0.21511368453502655,3.2950073900936234e-05,0.10983357966978745,wsd,256,11,0.0003
299,0.22392062842845917,,0.22392062842845917,3.0739544125283105e-05,0.10246514708427702,wsd,256,11,0.0003
300,0.24447105824947357,0.24819740280508995,0.24819740280508995,2.9999999999999997e-05,0.1,wsd,256,11,0.0003
1,3.578465461730957,3.529491603374481,3.529491603374481,4.9999999999999996e-05,0.16666666666666666,wsd,256,12,0.0003
2,3.411130428314209,,3.411130428314209,9.999999999999999e-05,0.3333333333333333,wsd,256,12,0.0003
3,3.554168939590454,,3.554168939590454,0.00015,0.5,wsd,256,12,0.0003
4,3.6247217655181885,,3.6247217655181885,0.00019999999999999998,0.6666666666666666,wsd,256,12,0.0003
5,3.3746893405914307,,3.3746893405914307,0.00025,0.8333333333333334,wsd,256,12,0.0003
6,3.4143283367156982,,3.4143283367156982,0.0003,1.0,wsd,256,12,0.0003
7,3.220453977584839,,3.220453977584839,0.0003,1.0,wsd,256,12,0.0003
8,3.1598873138427734,,3.1598873138427734,0.0003,1.0,wsd,256,12,0.0003
9,3.099853515625,,3.099853515625,0.0003,1.0,wsd,256,12,0.0003
10,3.0919899940490723,2.8391610980033875,2.8391610980033875,0.0003,1.0,wsd,256,12,0.0003
11,2.9131104946136475,,2.9131104946136475,0.0003,1.0,wsd,256,12,0.0003
12,2.9185736179351807,,2.9185736179351807,0.0003,1.0,wsd,256,12,0.0003
13,2.7123537063598633,,2.7123537063598633,0.0003,1.0,wsd,256,12,0.0003
14,2.747267484664917,,2.747267484664917,0.0003,1.0,wsd,256,12,0.0003
15,2.706256866455078,,2.706256866455078,0.0003,1.0,wsd,256,12,0.0003
16,2.7440409660339355,,2.7440409660339355,0.0003,1.0,wsd,256,12,0.0003
17,2.5208206176757812,,2.5208206176757812,0.0003,1.0,wsd,256,12,0.0003
18,2.5645196437835693,,2.5645196437835693,0.0003,1.0,wsd,256,12,0.0003
19,2.657456874847412,,2.657456874847412,0.0003,1.0,wsd,256,12,0.0003
20,2.3656153678894043,2.407188355922699,2.407188355922699,0.0003,1.0,wsd,256,12,0.0003
21,2.490570068359375,,2.490570068359375,0.0003,1.0,wsd,256,12,0.0003
22,2.435110330581665,,2.435110330581665,0.0003,1.0,wsd,256,12,0.0003
23,2.59525465965271,,2.59525465965271,0.0003,1.0,wsd,256,12,0.0003
24,2.3229284286499023,,2.3229284286499023,0.0003,1.0,wsd,256,12,0.0003
25,2.368849039077759,,2.368849039077759,0.0003,1.0,wsd,256,12,0.0003
26,2.2855725288391113,,2.2855725288391113,0.0003,1.0,wsd,256,12,0.0003
27,2.3685543537139893,,2.3685543537139893,0.0003,1.0,wsd,256,12,0.0003
28,2.093226194381714,,2.093226194381714,0.0003,1.0,wsd,256,12,0.0003
29,2.3088536262512207,,2.3088536262512207,0.0003,1.0,wsd,256,12,0.0003
30,2.3884150981903076,2.119533658027649,2.119533658027649,0.0003,1.0,wsd,256,12,0.0003
31,2.221557140350342,,2.221557140350342,0.0003,1.0,wsd,256,12,0.0003
32,2.143106698989868,,2.143106698989868,0.0003,1.0,wsd,256,12,0.0003
33,2.3185455799102783,,2.3185455799102783,0.0003,1.0,wsd,256,12,0.0003
34,2.446329116821289,,2.446329116821289,0.0003,1.0,wsd,256,12,0.0003
35,2.0667922496795654,,2.0667922496795654,0.0003,1.0,wsd,256,12,0.0003
36,2.203437089920044,,2.203437089920044,0.0003,1.0,wsd,256,12,0.0003
37,1.9998149871826172,,1.9998149871826172,0.0003,1.0,wsd,256,12,0.0003
38,2.167121410369873,,2.167121410369873,0.0003,1.0,wsd,256,12,0.0003
39,1.8944169282913208,,1.8944169282913208,0.0003,1.0,wsd,256,12,0.0003
40,2.193256378173828,1.9188472926616669,1.9188472926616669,0.0003,1.0,wsd,256,12,0.0003
41,2.082362651824951,,2.082362651824951,0.0003,1.0,wsd,256,12,0.0003
42,2.0554215908050537,,2.0554215908050537,0.0003,1.0,wsd,256,12,0.0003
43,2.0915873050689697,,2.0915873050689697,0.0003,1.0,wsd,256,12,0.0003
44,2.1311919689178467,,2.1311919689178467,0.0003,1.0,wsd,256,12,0.0003
45,2.08406925201416,,2.08406925201416,0.0003,1.0,wsd,256,12,0.0003
46,2.0531680583953857,,2.0531680583953857,0.0003,1.0,wsd,256,12,0.0003
47,2.1185290813446045,,2.1185290813446045,0.0003,1.0,wsd,256,12,0.0003
48,1.6868841648101807,,1.6868841648101807,0.0003,1.0,wsd,256,12,0.0003
49,1.7904424667358398,,1.7904424667358398,0.0003,1.0,wsd,256,12,0.0003
50,1.894200086593628,1.7847744226455688,1.7847744226455688,0.0003,1.0,wsd,256,12,0.0003
51,2.195009231567383,,2.195009231567383,0.0003,1.0,wsd,256,12,0.0003
52,1.7928978204727173,,1.7928978204727173,0.0003,1.0,wsd,256,12,0.0003
53,1.8880245685577393,,1.8880245685577393,0.0003,1.0,wsd,256,12,0.0003
54,2.087151527404785,,2.087151527404785,0.0003,1.0,wsd,256,12,0.0003
55,1.8873441219329834,,1.8873441219329834,0.0003,1.0,wsd,256,12,0.0003
56,1.748457431793213,,1.748457431793213,0.0003,1.0,wsd,256,12,0.0003
57,1.9528403282165527,,1.9528403282165527,0.0003,1.0,wsd,256,12,0.0003
58,2.0732038021087646,,2.0732038021087646,0.0003,1.0,wsd,256,12,0.0003
59,1.6143196821212769,,1.6143196821212769,0.0003,1.0,wsd,256,12,0.0003
60,1.7520809173583984,1.6831081211566925,1.6831081211566925,0.0003,1.0,wsd,256,12,0.0003
61,1.9392752647399902,,1.9392752647399902,0.0003,1.0,wsd,256,12,0.0003
62,2.03855562210083,,2.03855562210083,0.0003,1.0,wsd,256,12,0.0003
63,1.5830963850021362,,1.5830963850021362,0.0003,1.0,wsd,256,12,0.0003
64,1.773415446281433,,1.773415446281433,0.0003,1.0,wsd,256,12,0.0003
65,1.8479796648025513,,1.8479796648025513,0.0003,1.0,wsd,256,12,0.0003
66,1.8590102195739746,,1.8590102195739746,0.0003,1.0,wsd,256,12,0.0003
67,1.6273095607757568,,1.6273095607757568,0.0003,1.0,wsd,256,12,0.0003
68,1.769602656364441,,1.769602656364441,0.0003,1.0,wsd,256,12,0.0003
69,1.8888039588928223,,1.8888039588928223,0.0003,1.0,wsd,256,12,0.0003
70,1.644668459892273,1.5767379105091095,1.5767379105091095,0.0003,1.0,wsd,256,12,0.0003
71,1.6406081914901733,,1.6406081914901733,0.0003,1.0,wsd,256,12,0.0003
72,1.8332833051681519,,1.8332833051681519,0.0003,1.0,wsd,256,12,0.0003
73,1.8587604761123657,,1.8587604761123657,0.0003,1.0,wsd,256,12,0.0003
74,1.4961856603622437,,1.4961856603622437,0.0003,1.0,wsd,256,12,0.0003
75,1.6239066123962402,,1.6239066123962402,0.0003,1.0,wsd,256,12,0.0003
76,1.7478666305541992,,1.7478666305541992,0.0003,1.0,wsd,256,12,0.0003
77,1.835978388786316,,1.835978388786316,0.0003,1.0,wsd,256,12,0.0003
78,1.518212914466858,,1.518212914466858,0.0003,1.0,wsd,256,12,0.0003
79,1.75911283493042,,1.75911283493042,0.0003,1.0,wsd,256,12,0.0003
80,1.6785730123519897,1.4993930160999298,1.4993930160999298,0.0003,1.0,wsd,256,12,0.0003
81,1.6975245475769043,,1.6975245475769043,0.0003,1.0,wsd,256,12,0.0003
82,1.5577391386032104,,1.5577391386032104,0.0003,1.0,wsd,256,12,0.0003
83,1.6682476997375488,,1.6682476997375488,0.0003,1.0,wsd,256,12,0.0003
84,1.8076585531234741,,1.8076585531234741,0.0003,1.0,wsd,256,12,0.0003
85,1.4355822801589966,,1.4355822801589966,0.0003,1.0,wsd,256,12,0.0003
86,1.5516579151153564,,1.5516579151153564,0.0003,1.0,wsd,256,12,0.0003
87,1.7286932468414307,,1.7286932468414307,0.0003,1.0,wsd,256,12,0.0003
88,1.757627248764038,,1.757627248764038,0.0003,1.0,wsd,256,12,0.0003
89,1.3148754835128784,,1.3148754835128784,0.0003,1.0,wsd,256,12,0.0003
90,1.728232979774475,1.4501120746135712,1.4501120746135712,0.0003,1.0,wsd,256,12,0.0003
91,1.7585546970367432,,1.7585546970367432,0.0003,1.0,wsd,256,12,0.0003
92,1.5395886898040771,,1.5395886898040771,0.0003,1.0,wsd,256,12,0.0003
93,1.319475531578064,,1.319475531578064,0.0003,1.0,wsd,256,12,0.0003
94,1.7467505931854248,,1.7467505931854248,0.0003,1.0,wsd,256,12,0.0003
95,1.7494893074035645,,1.7494893074035645,0.0003,1.0,wsd,256,12,0.0003
96,1.303719401359558,,1.303719401359558,0.0003,1.0,wsd,256,12,0.0003
97,1.426348328590393,,1.426348328590393,0.0003,1.0,wsd,256,12,0.0003
98,1.7493984699249268,,1.7493984699249268,0.0003,1.0,wsd,256,12,0.0003
99,1.6654250621795654,,1.6654250621795654,0.0003,1.0,wsd,256,12,0.0003
100,1.2767703533172607,1.3829871714115143,1.3829871714115143,0.0003,1.0,wsd,256,12,0.0003
101,1.6531320810317993,,1.6531320810317993,0.0003,1.0,wsd,256,12,0.0003
102,1.6271388530731201,,1.6271388530731201,0.0003,1.0,wsd,256,12,0.0003
103,1.5266305208206177,,1.5266305208206177,0.0003,1.0,wsd,256,12,0.0003
104,1.2820167541503906,,1.2820167541503906,0.0003,1.0,wsd,256,12,0.0003
105,1.6227072477340698,,1.6227072477340698,0.0003,1.0,wsd,256,12,0.0003
106,1.7340035438537598,,1.7340035438537598,0.0003,1.0,wsd,256,12,0.0003
107,1.3219354152679443,,1.3219354152679443,0.0003,1.0,wsd,256,12,0.0003
108,1.4612724781036377,,1.4612724781036377,0.0003,1.0,wsd,256,12,0.0003
109,1.684210181236267,,1.684210181236267,0.0003,1.0,wsd,256,12,0.0003
110,1.564772605895996,1.3042933642864227,1.3042933642864227,0.0003,1.0,wsd,256,12,0.0003
111,1.195668339729309,,1.195668339729309,0.0003,1.0,wsd,256,12,0.0003
112,1.4976410865783691,,1.4976410865783691,0.0003,1.0,wsd,256,12,0.0003
113,1.472420573234558,,1.472420573234558,0.0003,1.0,wsd,256,12,0.0003
114,1.4700264930725098,,1.4700264930725098,0.0003,1.0,wsd,256,12,0.0003
115,1.2258144617080688,,1.2258144617080688,0.0003,1.0,wsd,256,12,0.0003
116,1.6911041736602783,,1.6911041736602783,0.0003,1.0,wsd,256,12,0.0003
117,1.580283761024475,,1.580283761024475,0.0003,1.0,wsd,256,12,0.0003
118,1.255198359489441,,1.255198359489441,0.0003,1.0,wsd,256,12,0.0003
119,1.350326657295227,,1.350326657295227,0.0003,1.0,wsd,256,12,0.0003
120,1.5078545808792114,1.2393308579921722,1.2393308579921722,0.0003,1.0,wsd,256,12,0.0003
121,1.592865228652954,,1.592865228652954,0.0003,1.0,wsd,256,12,0.0003
122,1.1003119945526123,,1.1003119945526123,0.0003,1.0,wsd,256,12,0.0003
123,1.4862573146820068,,1.4862573146820068,0.0003,1.0,wsd,256,12,0.0003
124,1.5239653587341309,,1.5239653587341309,0.0003,1.0,wsd,256,12,0.0003
125,1.4073415994644165,,1.4073415994644165,0.0003,1.0,wsd,256,12,0.0003
126,1.0349682569503784,,1.0349682569503784,0.0003,1.0,wsd,256,12,0.0003
127,1.5408375263214111,,1.5408375263214111,0.0003,1.0,wsd,256,12,0.0003
128,1.6128008365631104,,1.6128008365631104,0.0003,1.0,wsd,256,12,0.0003
129,1.1158764362335205,,1.1158764362335205,0.0003,1.0,wsd,256,12,0.0003
130,1.1965157985687256,1.1620160341262817,1.1620160341262817,0.0003,1.0,wsd,256,12,0.0003
131,1.467269778251648,,1.467269778251648,0.0003,1.0,wsd,256,12,0.0003
132,1.4453952312469482,,1.4453952312469482,0.0003,1.0,wsd,256,12,0.0003
133,1.1387073993682861,,1.1387073993682861,0.0003,1.0,wsd,256,12,0.0003
134,1.3331389427185059,,1.3331389427185059,0.0003,1.0,wsd,256,12,0.0003
135,1.471015214920044,,1.471015214920044,0.0003,1.0,wsd,256,12,0.0003
136,1.3745219707489014,,1.3745219707489014,0.0003,1.0,wsd,256,12,0.0003
137,0.9174232482910156,,0.9174232482910156,0.0003,1.0,wsd,256,12,0.0003
138,1.240317940711975,,1.240317940711975,0.0003,1.0,wsd,256,12,0.0003
139,1.4813294410705566,,1.4813294410705566,0.0003,1.0,wsd,256,12,0.0003
140,1.0653005838394165,1.0730795711278915,1.0730795711278915,0.0003,1.0,wsd,256,12,0.0003
141,1.0160245895385742,,1.0160245895385742,0.0003,1.0,wsd,256,12,0.0003
142,1.3188601732254028,,1.3188601732254028,0.0003,1.0,wsd,256,12,0.0003
143,1.2934364080429077,,1.2934364080429077,0.0003,1.0,wsd,256,12,0.0003
144,0.9494434595108032,,0.9494434595108032,0.0003,1.0,wsd,256,12,0.0003
145,1.2955286502838135,,1.2955286502838135,0.0003,1.0,wsd,256,12,0.0003
146,1.3636871576309204,,1.3636871576309204,0.0003,1.0,wsd,256,12,0.0003
147,1.0765212774276733,,1.0765212774276733,0.0003,1.0,wsd,256,12,0.0003
148,0.881364643573761,,0.881364643573761,0.0003,1.0,wsd,256,12,0.0003
149,1.2384854555130005,,1.2384854555130005,0.0003,1.0,wsd,256,12,0.0003
150,1.3441071510314941,1.0059173107147217,1.0059173107147217,0.0003,1.0,wsd,256,12,0.0003
151,0.9482909440994263,,0.9482909440994263,0.0003,1.0,wsd,256,12,0.0003
152,1.0367532968521118,,1.0367532968521118,0.0003,1.0,wsd,256,12,0.0003
153,1.2733432054519653,,1.2733432054519653,0.0003,1.0,wsd,256,12,0.0003
154,1.2068253755569458,,1.2068253755569458,0.0003,1.0,wsd,256,12,0.0003
155,0.9130817651748657,,0.9130817651748657,0.0003,1.0,wsd,256,12,0.0003
156,1.083022952079773,,1.083022952079773,0.0003,1.0,wsd,256,12,0.0003
157,1.275723934173584,,1.275723934173584,0.0003,1.0,wsd,256,12,0.0003
158,1.0524861812591553,,1.0524861812591553,0.0003,1.0,wsd,256,12,0.0003
159,0.7352838516235352,,0.7352838516235352,0.0003,1.0,wsd,256,12,0.0003
160,1.2613850831985474,0.8890154212713242,0.8890154212713242,0.0003,1.0,wsd,256,12,0.0003
161,1.3020954132080078,,1.3020954132080078,0.0003,1.0,wsd,256,12,0.0003
162,0.8828796148300171,,0.8828796148300171,0.0003,1.0,wsd,256,12,0.0003
163,0.7818607687950134,,0.7818607687950134,0.0003,1.0,wsd,256,12,0.0003
164,1.1641381978988647,,1.1641381978988647,0.0003,1.0,wsd,256,12,0.0003
165,1.023764729499817,,1.023764729499817,0.0003,1.0,wsd,256,12,0.0003
166,0.8856381177902222,,0.8856381177902222,0.0003,1.0,wsd,256,12,0.0003
167,0.9491236805915833,,0.9491236805915833,0.0003,1.0,wsd,256,12,0.0003
168,1.1612696647644043,,1.1612696647644043,0.0003,1.0,wsd,256,12,0.0003
169,1.1309247016906738,,1.1309247016906738,0.0003,1.0,wsd,256,12,0.0003
170,0.7296339869499207,0.8038927763700485,0.8038927763700485,0.0003,1.0,wsd,256,12,0.0003
171,1.013622522354126,,1.013622522354126,0.0003,1.0,wsd,256,12,0.0003
172,1.1462312936782837,,1.1462312936782837,0.0003,1.0,wsd,256,12,0.0003
173,0.8992393612861633,,0.8992393612861633,0.0003,1.0,wsd,256,12,0.0003
174,0.7016668915748596,,0.7016668915748596,0.0003,1.0,wsd,256,12,0.0003
175,1.0882863998413086,,1.0882863998413086,0.0003,1.0,wsd,256,12,0.0003
176,0.9814683794975281,,0.9814683794975281,0.0003,1.0,wsd,256,12,0.0003
177,0.7473039031028748,,0.7473039031028748,0.0003,1.0,wsd,256,12,0.0003
178,0.790753960609436,,0.790753960609436,0.0003,1.0,wsd,256,12,0.0003
179,1.0272611379623413,,1.0272611379623413,0.0003,1.0,wsd,256,12,0.0003
180,0.8819060921669006,0.7511437237262726,0.7511437237262726,0.0003,1.0,wsd,256,12,0.0003
181,0.6650565266609192,,0.6650565266609192,0.0003,1.0,wsd,256,12,0.0003
182,1.0424790382385254,,1.0424790382385254,0.0003,1.0,wsd,256,12,0.0003
183,0.9897637963294983,,0.9897637963294983,0.0003,1.0,wsd,256,12,0.0003
184,0.6815332174301147,,0.6815332174301147,0.0003,1.0,wsd,256,12,0.0003
185,0.5047797560691833,,0.5047797560691833,0.0003,1.0,wsd,256,12,0.0003
186,0.9505249261856079,,0.9505249261856079,0.0003,1.0,wsd,256,12,0.0003
187,1.0225919485092163,,1.0225919485092163,0.0003,1.0,wsd,256,12,0.0003
188,0.6332058310508728,,0.6332058310508728,0.0003,1.0,wsd,256,12,0.0003
189,0.7044448256492615,,0.7044448256492615,0.0003,1.0,wsd,256,12,0.0003
190,1.0806090831756592,0.7018293812870979,0.7018293812870979,0.0003,1.0,wsd,256,12,0.0003
191,0.9412717819213867,,0.9412717819213867,0.0003,1.0,wsd,256,12,0.0003
192,0.5140882730484009,,0.5140882730484009,0.0003,1.0,wsd,256,12,0.0003
193,0.8944417238235474,,0.8944417238235474,0.0003,1.0,wsd,256,12,0.0003
194,0.9709873199462891,,0.9709873199462891,0.0003,1.0,wsd,256,12,0.0003
195,0.7990482449531555,,0.7990482449531555,0.0003,1.0,wsd,256,12,0.0003
196,0.5275416970252991,,0.5275416970252991,0.0003,1.0,wsd,256,12,0.0003
197,1.051459789276123,,1.051459789276123,0.0003,1.0,wsd,256,12,0.0003
198,0.8446226119995117,,0.8446226119995117,0.0003,1.0,wsd,256,12,0.0003
199,0.4932281970977783,,0.4932281970977783,0.0003,1.0,wsd,256,12,0.0003
200,0.6597423553466797,0.6118968203663826,0.6118968203663826,0.0003,1.0,wsd,256,12,0.0003
201,0.8751124739646912,,0.8751124739646912,0.0003,1.0,wsd,256,12,0.0003
202,0.9205609560012817,,0.9205609560012817,0.0003,1.0,wsd,256,12,0.0003
203,0.5453299880027771,,0.5453299880027771,0.0003,1.0,wsd,256,12,0.0003
204,0.7087866067886353,,0.7087866067886353,0.0003,1.0,wsd,256,12,0.0003
205,0.7638746500015259,,0.7638746500015259,0.0003,1.0,wsd,256,12,0.0003
206,0.6334632039070129,,0.6334632039070129,0.0003,1.0,wsd,256,12,0.0003
207,0.5632408857345581,,0.5632408857345581,0.0003,1.0,wsd,256,12,0.0003
208,0.883993923664093,,0.883993923664093,0.0003,1.0,wsd,256,12,0.0003
209,0.6581780314445496,,0.6581780314445496,0.0003,1.0,wsd,256,12,0.0003
210,0.40757396817207336,0.5216498747467995,0.5216498747467995,0.0003,1.0,wsd,256,12,0.0003
211,0.5361526012420654,,0.5361526012420654,0.0003,1.0,wsd,256,12,0.0003
212,0.6435536742210388,,0.6435536742210388,0.0003,1.0,wsd,256,12,0.0003
213,0.642734169960022,,0.642734169960022,0.0003,1.0,wsd,256,12,0.0003
214,0.5343592166900635,,0.5343592166900635,0.0003,1.0,wsd,256,12,0.0003
215,0.7627000212669373,,0.7627000212669373,0.0003,1.0,wsd,256,12,0.0003
216,0.6251919865608215,,0.6251919865608215,0.0003,1.0,wsd,256,12,0.0003
217,0.606786847114563,,0.606786847114563,0.0003,1.0,wsd,256,12,0.0003
218,0.3848925828933716,,0.3848925828933716,0.0003,1.0,wsd,256,12,0.0003
219,0.7771065831184387,,0.7771065831184387,0.0003,1.0,wsd,256,12,0.0003
220,0.689767062664032,0.5025562196969986,0.5025562196969986,0.0003,1.0,wsd,256,12,0.0003
221,0.4167434573173523,,0.4167434573173523,0.0003,1.0,wsd,256,12,0.0003
222,0.5284777283668518,,0.5284777283668518,0.0003,1.0,wsd,256,12,0.0003
223,0.7449257969856262,,0.7449257969856262,0.0003,1.0,wsd,256,12,0.0003
224,0.7032692432403564,,0.7032692432403564,0.0003,1.0,wsd,256,12,0.0003
225,0.4892007112503052,,0.4892007112503052,0.0003,1.0,wsd,256,12,0.0003
226,0.658366322517395,,0.658366322517395,0.0003,1.0,wsd,256,12,0.0003
227,0.7012045383453369,,0.7012045383453369,0.0003,1.0,wsd,256,12,0.0003
228,0.5389801859855652,,0.5389801859855652,0.0003,1.0,wsd,256,12,0.0003
229,0.3864087462425232,,0.3864087462425232,0.0003,1.0,wsd,256,12,0.0003
230,0.6720162630081177,0.47203927487134933,0.47203927487134933,0.0003,1.0,wsd,256,12,0.0003
231,0.5471335053443909,,0.5471335053443909,0.0003,1.0,wsd,256,12,0.0003
232,0.290493369102478,,0.290493369102478,0.0003,1.0,wsd,256,12,0.0003
233,0.32396677136421204,,0.32396677136421204,0.0003,1.0,wsd,256,12,0.0003
234,0.7103291749954224,,0.7103291749954224,0.0003,1.0,wsd,256,12,0.0003
235,0.752157986164093,,0.752157986164093,0.0003,1.0,wsd,256,12,0.0003
236,0.6379189491271973,,0.6379189491271973,0.0003,1.0,wsd,256,12,0.0003
237,0.6137481331825256,,0.6137481331825256,0.0003,1.0,wsd,256,12,0.0003
238,0.6118196249008179,,0.6118196249008179,0.0003,1.0,wsd,256,12,0.0003
239,0.3324865996837616,,0.3324865996837616,0.0003,1.0,wsd,256,12,0.0003
240,0.6030573844909668,0.39344027638435364,0.39344027638435364,0.0003,1.0,wsd,256,12,0.0003
241,0.4852091073989868,,0.4852091073989868,0.0003,1.0,wsd,256,12,0.0003
242,0.46955224871635437,,0.46955224871635437,0.0003,1.0,wsd,256,12,0.0003
243,0.3666781187057495,,0.3666781187057495,0.0003,1.0,wsd,256,12,0.0003
244,0.6123046278953552,,0.6123046278953552,0.0003,1.0,wsd,256,12,0.0003
245,0.4798983335494995,,0.4798983335494995,0.0003,1.0,wsd,256,12,0.0003
246,0.3747570812702179,,0.3747570812702179,0.0003,1.0,wsd,256,12,0.0003
247,0.3596246838569641,,0.3596246838569641,0.0003,1.0,wsd,256,12,0.0003
248,0.49603718519210815,,0.49603718519210815,0.0003,1.0,wsd,256,12,0.0003
249,0.4788663387298584,,0.4788663387298584,0.0003,1.0,wsd,256,12,0.0003
250,0.23295453190803528,0.3554680794477463,0.3554680794477463,0.0003,1.0,wsd,256,12,0.0003
251,0.5100702047348022,,0.5100702047348022,0.0003,1.0,wsd,256,12,0.0003
252,0.5116254687309265,,0.5116254687309265,0.0003,1.0,wsd,256,12,0.0003
253,0.38329294323921204,,0.38329294323921204,0.0003,1.0,wsd,256,12,0.0003
254,0.21705465018749237,,0.21705465018749237,0.0003,1.0,wsd,256,12,0.0003
255,0.5303016901016235,,0.5303016901016235,0.0003,1.0,wsd,256,12,0.0003
256,0.32902461290359497,,0.32902461290359497,0.0003,1.0,wsd,256,12,0.0003
257,0.34517157077789307,,0.34517157077789307,0.0003,1.0,wsd,256,12,0.0003
258,0.34742674231529236,,0.34742674231529236,0.0003,1.0,wsd,256,12,0.0003
259,0.47286921739578247,,0.47286921739578247,0.0003,1.0,wsd,256,12,0.0003
260,0.5219169855117798,0.33270883932709694,0.33270883932709694,0.0003,1.0,wsd,256,12,0.0003
261,0.3270843029022217,,0.3270843029022217,0.0003,1.0,wsd,256,12,0.0003
262,0.43356940150260925,,0.43356940150260925,0.0003,1.0,wsd,256,12,0.0003
263,0.36605674028396606,,0.36605674028396606,0.0003,1.0,wsd,256,12,0.0003
264,0.3676144480705261,,0.3676144480705261,0.0003,1.0,wsd,256,12,0.0003
265,0.2559639811515808,,0.2559639811515808,0.0003,1.0,wsd,256,12,0.0003
266,0.35920292139053345,,0.35920292139053345,0.0003,1.0,wsd,256,12,0.0003
267,0.38408327102661133,,0.38408327102661133,0.0003,1.0,wsd,256,12,0.0003
268,0.251157283782959,,0.251157283782959,0.0003,1.0,wsd,256,12,0.0003
269,0.32905298471450806,,0.32905298471450806,0.0003,1.0,wsd,256,12,0.0003
270,0.29425114393234253,0.323266938328743,0.323266938328743,0.0003,1.0,wsd,256,12,0.0003
271,0.42653387784957886,,0.42653387784957886,0.00029926045587471686,0.997534852915723,wsd,256,12,0.0003
272,0.2549751102924347,,0.2549751102924347,0.0002970499260990637,0.9901664203302125,wsd,256,12,0.0003
273,0.3576768934726715,,0.3576768934726715,0.0002933926296998457,0.9779754323328191,wsd,256,12,0.0003
274,0.27199047803878784,,0.27199047803878784,0.0002883286367817511,0.9610954559391703,wsd,256,12,0.0003
275,0.287176251411438,,0.287176251411438,0.0002819134295108992,0.9397114317029974,wsd,256,12,0.0003
276,0.13002678751945496,,0.13002678751945496,0.00027421729424061787,0.9140576474687263,wsd,256,12,0.0003
277,0.49173033237457275,,0.49173033237457275,0.0002653245514394482,0.8844151714648274,wsd,256,12,0.0003
278,0.3963594436645508,,0.3963594436645508,0.00025533263185844587,0.8511087728614862,wsd,256,12,0.0003
279,0.22552749514579773,,0.22552749514579773,0.00024435100905948387,0.8145033635316129,wsd,256,12,0.0003
280,0.18215197324752808,0.3081214167177677,0.3081214167177677,0.00023249999999999999,0.775,wsd,256,12,0.0003
281,0.3695693016052246,,0.3695693016052246,0.00021990944681523302,0.7330314893841101,wsd,256,12,0.0003
282,0.3986014127731323,,0.3986014127731323,0.00020671729424061788,0.6890576474687263,wsd,256,12,0.0003
283,0.21673433482646942,,0.21673433482646942,0.00019306807826039747,0.6435602608679917,wsd,256,12,0.0003
284,0.3818832039833069,,0.3818832039833069,0.0001791113425411332,0.5970378084704441,wsd,256,12,0.0003
285,0.3397778272628784,,0.3397778272628784,0.000165,0.55,wsd,256,12,0.0003
286,0.4387612044811249,,0.4387612044811249,0.0001508886574588668,0.502962191529556,wsd,256,12,0.0003
287,0.2023226022720337,,0.2023226022720337,0.00013693192173960253,0.4564397391320084,wsd,256,12,0.0003
288,0.49378713965415955,,0.49378713965415955,0.00012328270575938212,0.41094235253127376,wsd,256,12,0.0003
289,0.3885384798049927,,0.3885384798049927,0.00011009055318476698,0.36696851061589,wsd,256,12,0.0003
290,0.1763942539691925,0.28653353080153465,0.28653353080153465,9.750000000000003e-05,0.3250000000000001,wsd,256,12,0.0003
291,0.26549214124679565,,0.26549214124679565,8.564899094051614e-05,0.2854966364683872,wsd,256,12,0.0003
292,0.32453295588493347,,0.32453295588493347,7.466736814155418e-05,0.24889122713851394,wsd,256,12,0.0003
293,0.4017488658428192,,0.4017488658428192,6.467544856055175e-05,0.21558482853517255,wsd,256,12,0.0003
294,0.22251853346824646,,0.22251853346824646,5.578270575938211e-05,0.18594235253127372,wsd,256,12,0.0003
295,0.27077949047088623,,0.27077949047088623,4.808657048910077e-05,0.16028856829700258,wsd,256,12,0.0003
296,0.3677683472633362,,0.3677683472633362,4.167136321824887e-05,0.13890454406082958,wsd,256,12,0.0003
297,0.3123153746128082,,0.3123153746128082,3.660737030015427e-05,0.12202456766718092,wsd,256,12,0.0003
298,0.189089834690094,,0.189089834690094,3.2950073900936234e-05,0.10983357966978745,wsd,256,12,0.0003
299,0.35069456696510315,,0.35069456696510315,3.0739544125283105e-05,0.10246514708427702,wsd,256,12,0.0003
300,0.23157596588134766,0.27398886159062386,0.27398886159062386,2.9999999999999997e-05,0.1,wsd,256,12,0.0003
